<?xml version="1.0" encoding="UTF-8"?>
<osm generator="VMB">
  <MetaInfo format_version="1" map_version="7" validation_version="1"/>
  <node id="291" lat="25.01970195408" lon="121.54331780748">
    <tag k="local_x" v="53019.8296"/>
    <tag k="local_y" v="67919.6377"/>
    <tag k="ele" v="12.8076"/>
  </node>
  <node id="327" lat="25.01913716625" lon="121.54331459117">
    <tag k="local_x" v="53018.8323"/>
    <tag k="local_y" v="67857.0898"/>
    <tag k="ele" v="12.7501"/>
  </node>
  <node id="338" lat="25.01970264446" lon="121.54327188729">
    <tag k="local_x" v="53015.1964"/>
    <tag k="local_y" v="67919.764"/>
    <tag k="ele" v="12.8076"/>
  </node>
  <node id="376" lat="25.01913922935" lon="121.54326980546">
    <tag k="local_x" v="53014.3152"/>
    <tag k="local_y" v="67857.3669"/>
    <tag k="ele" v="12.7357"/>
  </node>
  <node id="503" lat="25.01903189682" lon="121.54253244078">
    <tag k="local_x" v="52939.776"/>
    <tag k="local_y" v="67846.2801"/>
    <tag k="ele" v="13.0196"/>
  </node>
  <node id="504" lat="25.01903994353" lon="121.54251171062">
    <tag k="local_x" v="52937.6936"/>
    <tag k="local_y" v="67847.1938"/>
    <tag k="ele" v="13.0032"/>
  </node>
  <node id="505" lat="25.01904766643" lon="121.54248880622">
    <tag k="local_x" v="52935.3914"/>
    <tag k="local_y" v="67848.074"/>
    <tag k="ele" v="12.9934"/>
  </node>
  <node id="508" lat="25.01905575657" lon="121.5424572199">
    <tag k="local_x" v="52932.2135"/>
    <tag k="local_y" v="67849.0043"/>
    <tag k="ele" v="12.9884"/>
  </node>
  <node id="513" lat="25.01907295006" lon="121.54238034359">
    <tag k="local_x" v="52924.476"/>
    <tag k="local_y" v="67850.992"/>
    <tag k="ele" v="12.9844"/>
  </node>
  <node id="538" lat="25.01907466745" lon="121.54201612167">
    <tag k="local_x" v="52887.7225"/>
    <tag k="local_y" v="67851.5778"/>
    <tag k="ele" v="12.9489"/>
  </node>
  <node id="546" lat="25.01905221708" lon="121.54188391041">
    <tag k="local_x" v="52874.3536"/>
    <tag k="local_y" v="67849.235"/>
    <tag k="ele" v="12.837"/>
  </node>
  <node id="582" lat="25.01904285699" lon="121.54135734562">
    <tag k="local_x" v="52821.204"/>
    <tag k="local_y" v="67848.7705"/>
    <tag k="ele" v="12.8293"/>
  </node>
  <node id="636" lat="25.01907252675" lon="121.54251572457">
    <tag k="local_x" v="52938.1375"/>
    <tag k="local_y" v="67850.7981"/>
    <tag k="ele" v="13.0032"/>
  </node>
  <node id="637" lat="25.0190798055" lon="121.54249163035">
    <tag k="local_x" v="52935.7147"/>
    <tag k="local_y" v="67851.6304"/>
    <tag k="ele" v="12.9934"/>
  </node>
  <node id="640" lat="25.01908827965" lon="121.54245758594">
    <tag k="local_x" v="52932.2892"/>
    <tag k="local_y" v="67852.6059"/>
    <tag k="ele" v="12.9884"/>
  </node>
  <node id="643" lat="25.01909699835" lon="121.54241818662">
    <tag k="local_x" v="52928.3236"/>
    <tag k="local_y" v="67853.6143"/>
    <tag k="ele" v="12.9778"/>
  </node>
  <node id="645" lat="25.01910363936" lon="121.54238071343">
    <tag k="local_x" v="52924.5499"/>
    <tag k="local_y" v="67854.3905"/>
    <tag k="ele" v="12.9844"/>
  </node>
  <node id="670" lat="25.019103478" lon="121.54201522639">
    <tag k="local_x" v="52887.6665"/>
    <tag k="local_y" v="67854.7696"/>
    <tag k="ele" v="12.9489"/>
  </node>
  <node id="678" lat="25.01907650987" lon="121.54188223115">
    <tag k="local_x" v="52874.2131"/>
    <tag k="local_y" v="67851.9273"/>
    <tag k="ele" v="12.837"/>
  </node>
  <node id="714" lat="25.01906660119" lon="121.54135745542">
    <tag k="local_x" v="52821.2434"/>
    <tag k="local_y" v="67851.4001"/>
    <tag k="ele" v="12.8293"/>
  </node>
  <node id="875" lat="25.01909477314" lon="121.54127243656">
    <tag k="local_x" v="52812.6973"/>
    <tag k="local_y" v="67854.6126"/>
    <tag k="ele" v="12.7655"/>
  </node>
  <node id="888" lat="25.01929583404" lon="121.54126913556">
    <tag k="local_x" v="52812.604"/>
    <tag k="local_y" v="67876.8841"/>
    <tag k="ele" v="12.6196"/>
  </node>
  <node id="906" lat="25.01929674746" lon="121.54129670537">
    <tag k="local_x" v="52815.3873"/>
    <tag k="local_y" v="67876.9553"/>
    <tag k="ele" v="12.6196"/>
  </node>
  <node id="1720" lat="25.02030672285" lon="121.53977565241">
    <tag k="local_x" v="52663.096"/>
    <tag k="local_y" v="67990.4662"/>
    <tag k="ele" v="12.565"/>
  </node>
  <node id="1725" lat="25.02030503167" lon="121.539887605">
    <tag k="local_x" v="52674.3916"/>
    <tag k="local_y" v="67990.1571"/>
    <tag k="ele" v="12.4039"/>
  </node>
  <node id="1752" lat="25.02028515088" lon="121.54028480964">
    <tag k="local_x" v="52714.4515"/>
    <tag k="local_y" v="67987.5232"/>
    <tag k="ele" v="12.6257"/>
  </node>
  <node id="1758" lat="25.02028116751" lon="121.5404018907">
    <tag k="local_x" v="52726.2619"/>
    <tag k="local_y" v="67986.9547"/>
    <tag k="ele" v="12.695"/>
  </node>
  <node id="1775" lat="25.02028324174" lon="121.54062758341">
    <tag k="local_x" v="52749.04"/>
    <tag k="local_y" v="67986.939"/>
    <tag k="ele" v="12.6299"/>
  </node>
  <node id="1815" lat="25.02027177961" lon="121.54116066914">
    <tag k="local_x" v="52802.8223"/>
    <tag k="local_y" v="67985.09"/>
    <tag k="ele" v="12.5076"/>
  </node>
  <node id="1870" lat="25.02028454116" lon="121.53977512905">
    <tag k="local_x" v="52663.0167"/>
    <tag k="local_y" v="67988.0101"/>
    <tag k="ele" v="12.565"/>
  </node>
  <node id="1875" lat="25.02028255649" lon="121.53988772128">
    <tag k="local_x" v="52674.3765"/>
    <tag k="local_y" v="67987.6678"/>
    <tag k="ele" v="12.4039"/>
  </node>
  <node id="1902" lat="25.02026288569" lon="121.54028497787">
    <tag k="local_x" v="52714.4419"/>
    <tag k="local_y" v="67985.0571"/>
    <tag k="ele" v="12.6257"/>
  </node>
  <node id="1908" lat="25.0202597977" lon="121.54040221083">
    <tag k="local_x" v="52726.2687"/>
    <tag k="local_y" v="67984.5876"/>
    <tag k="ele" v="12.695"/>
  </node>
  <node id="1926" lat="25.02026176196" lon="121.54062764617">
    <tag k="local_x" v="52749.0207"/>
    <tag k="local_y" v="67984.56"/>
    <tag k="ele" v="12.6178"/>
  </node>
  <node id="1965" lat="25.02024918588" lon="121.54115993042">
    <tag k="local_x" v="52802.7208"/>
    <tag k="local_y" v="67982.5885"/>
    <tag k="ele" v="12.5076"/>
  </node>
  <node id="2222" lat="25.01989594691" lon="121.5412716653">
    <tag k="local_x" v="52813.5751"/>
    <tag k="local_y" v="67943.3451"/>
    <tag k="ele" v="12.4392"/>
  </node>
  <node id="2230" lat="25.01989665274" lon="121.54123060542">
    <tag k="local_x" v="52809.4324"/>
    <tag k="local_y" v="67943.4679"/>
    <tag k="ele" v="12.4392"/>
  </node>
  <node id="2355" lat="25.01980570139" lon="121.54267190038">
    <tag k="local_x" v="52954.7717"/>
    <tag k="local_y" v="67931.8291"/>
    <tag k="ele" v="12.8186"/>
  </node>
  <node id="2356" lat="25.0198027864" lon="121.54269092709">
    <tag k="local_x" v="52956.6883"/>
    <tag k="local_y" v="67931.4856"/>
    <tag k="ele" v="12.8069"/>
  </node>
  <node id="2357" lat="25.01979901303" lon="121.54271035238">
    <tag k="local_x" v="52958.6441"/>
    <tag k="local_y" v="67931.0466"/>
    <tag k="ele" v="12.8092"/>
  </node>
  <node id="2364" lat="25.01977429888" lon="121.54282396867">
    <tag k="local_x" v="52970.0802"/>
    <tag k="local_y" v="67928.1861"/>
    <tag k="ele" v="12.7392"/>
  </node>
  <node id="2365" lat="25.01977108867" lon="121.5428418028">
    <tag k="local_x" v="52971.8761"/>
    <tag k="local_y" v="67927.8112"/>
    <tag k="ele" v="12.7465"/>
  </node>
  <node id="2366" lat="25.01976887174" lon="121.54285798719">
    <tag k="local_x" v="52973.5067"/>
    <tag k="local_y" v="67927.5481"/>
    <tag k="ele" v="12.718"/>
  </node>
  <node id="2391" lat="25.01976479035" lon="121.5432185261">
    <tag k="local_x" v="53009.8855"/>
    <tag k="local_y" v="67926.7047"/>
    <tag k="ele" v="12.7781"/>
  </node>
  <node id="2484" lat="25.01978166422" lon="121.54266815606">
    <tag k="local_x" v="52954.3652"/>
    <tag k="local_y" v="67929.171"/>
    <tag k="ele" v="12.8186"/>
  </node>
  <node id="2486" lat="25.01977355226" lon="121.5427060858">
    <tag k="local_x" v="52958.1832"/>
    <tag k="local_y" v="67928.2314"/>
    <tag k="ele" v="12.8092"/>
  </node>
  <node id="2492" lat="25.01975049054" lon="121.54280451331">
    <tag k="local_x" v="52968.0885"/>
    <tag k="local_y" v="67925.5704"/>
    <tag k="ele" v="12.7549"/>
  </node>
  <node id="2493" lat="25.0197472608" lon="121.54282118431">
    <tag k="local_x" v="52969.767"/>
    <tag k="local_y" v="67925.1946"/>
    <tag k="ele" v="12.7392"/>
  </node>
  <node id="2494" lat="25.01974498329" lon="121.54283957027">
    <tag k="local_x" v="52971.6197"/>
    <tag k="local_y" v="67924.9224"/>
    <tag k="ele" v="12.7465"/>
  </node>
  <node id="2495" lat="25.01974400089" lon="121.54285697676">
    <tag k="local_x" v="52973.3751"/>
    <tag k="local_y" v="67924.7947"/>
    <tag k="ele" v="12.718"/>
  </node>
  <node id="2520" lat="25.01973980075" lon="121.54321884982">
    <tag k="local_x" v="53009.8884"/>
    <tag k="local_y" v="67923.9367"/>
    <tag k="ele" v="12.7781"/>
  </node>
  <node id="2656" lat="25.01976677102" lon="121.54327920848">
    <tag k="local_x" v="53016.0116"/>
    <tag k="local_y" v="67926.8582"/>
    <tag k="ele" v="12.8254"/>
  </node>
  <node id="2657" lat="25.01976878055" lon="121.54328967382">
    <tag k="local_x" v="53017.0701"/>
    <tag k="local_y" v="67927.0694"/>
    <tag k="ele" v="12.837"/>
  </node>
  <node id="2659" lat="25.01973930485" lon="121.54323817695">
    <tag k="local_x" v="53011.8382"/>
    <tag k="local_y" v="67923.8608"/>
    <tag k="ele" v="12.7781"/>
  </node>
  <node id="2661" lat="25.01974056052" lon="121.54327518548">
    <tag k="local_x" v="53015.5744"/>
    <tag k="local_y" v="67923.9597"/>
    <tag k="ele" v="12.8145"/>
  </node>
  <node id="2662" lat="25.01974208476" lon="121.54329132074">
    <tag k="local_x" v="53017.2045"/>
    <tag k="local_y" v="67924.111"/>
    <tag k="ele" v="12.8254"/>
  </node>
  <node id="2663" lat="25.01974707186" lon="121.54330876379">
    <tag k="local_x" v="53018.9707"/>
    <tag k="local_y" v="67924.6444"/>
    <tag k="ele" v="12.837"/>
  </node>
  <node id="2664" lat="25.01975372363" lon="121.54331769883">
    <tag k="local_x" v="53019.8803"/>
    <tag k="local_y" v="67925.3714"/>
    <tag k="ele" v="12.8537"/>
  </node>
  <node id="2674" lat="25.01977444118" lon="121.54329734622">
    <tag k="local_x" v="53017.8511"/>
    <tag k="local_y" v="67927.688"/>
    <tag k="ele" v="12.8537"/>
  </node>
  <node id="2675" lat="25.01978174524" lon="121.5433001466">
    <tag k="local_x" v="53018.1424"/>
    <tag k="local_y" v="67928.4939"/>
    <tag k="ele" v="12.8868"/>
  </node>
  <node id="2676" lat="25.01978805054" lon="121.54330238007">
    <tag k="local_x" v="53018.3753"/>
    <tag k="local_y" v="67929.1898"/>
    <tag k="ele" v="12.9245"/>
  </node>
  <node id="2677" lat="25.01979409254" lon="121.54330289935">
    <tag k="local_x" v="53018.4349"/>
    <tag k="local_y" v="67929.8584"/>
    <tag k="ele" v="12.9339"/>
  </node>
  <node id="2678" lat="25.01979995009" lon="121.54330127345">
    <tag k="local_x" v="53018.2778"/>
    <tag k="local_y" v="67930.5089"/>
    <tag k="ele" v="12.9055"/>
  </node>
  <node id="2679" lat="25.01980472913" lon="121.54329757733">
    <tag k="local_x" v="53017.9105"/>
    <tag k="local_y" v="67931.0422"/>
    <tag k="ele" v="12.8912"/>
  </node>
  <node id="2680" lat="25.01980856466" lon="121.54329176679">
    <tag k="local_x" v="53017.3287"/>
    <tag k="local_y" v="67931.4733"/>
    <tag k="ele" v="12.8816"/>
  </node>
  <node id="2681" lat="25.01981022776" lon="121.54328392668">
    <tag k="local_x" v="53016.5395"/>
    <tag k="local_y" v="67931.666"/>
    <tag k="ele" v="12.8676"/>
  </node>
  <node id="2682" lat="25.01980979924" lon="121.54327447424">
    <tag k="local_x" v="53015.5851"/>
    <tag k="local_y" v="67931.6288"/>
    <tag k="ele" v="12.8247"/>
  </node>
  <node id="2683" lat="25.01980788691" lon="121.54326148879">
    <tag k="local_x" v="53014.2724"/>
    <tag k="local_y" v="67931.4311"/>
    <tag k="ele" v="12.7565"/>
  </node>
  <node id="2684" lat="25.01980618929" lon="121.54324654965">
    <tag k="local_x" v="53012.7628"/>
    <tag k="local_y" v="67931.2593"/>
    <tag k="ele" v="12.7845"/>
  </node>
  <node id="2820" lat="25.01982310796" lon="121.54136278865">
    <tag k="local_x" v="52822.6839"/>
    <tag k="local_y" v="67935.179"/>
    <tag k="ele" v="12.5435"/>
  </node>
  <node id="2821" lat="25.01975707802" lon="121.54332092834">
    <tag k="local_x" v="53020.2102"/>
    <tag k="local_y" v="67925.7394"/>
    <tag k="ele" v="12.8537"/>
  </node>
  <node id="2822" lat="25.0197687868" lon="121.54332965506">
    <tag k="local_x" v="53021.1048"/>
    <tag k="local_y" v="67927.0267"/>
    <tag k="ele" v="12.8868"/>
  </node>
  <node id="2823" lat="25.01978411858" lon="121.54333299588">
    <tag k="local_x" v="53021.4602"/>
    <tag k="local_y" v="67928.7211"/>
    <tag k="ele" v="12.9245"/>
  </node>
  <node id="2824" lat="25.01979978451" lon="121.54333127601">
    <tag k="local_x" v="53021.3053"/>
    <tag k="local_y" v="67930.458"/>
    <tag k="ele" v="12.9339"/>
  </node>
  <node id="2825" lat="25.01981366161" lon="121.54332373568">
    <tag k="local_x" v="53020.5609"/>
    <tag k="local_y" v="67932.0031"/>
    <tag k="ele" v="12.9055"/>
  </node>
  <node id="2826" lat="25.01982403265" lon="121.54331213921">
    <tag k="local_x" v="53019.403"/>
    <tag k="local_y" v="67933.1643"/>
    <tag k="ele" v="12.8912"/>
  </node>
  <node id="2827" lat="25.01983090238" lon="121.54329743091">
    <tag k="local_x" v="53017.9269"/>
    <tag k="local_y" v="67933.9411"/>
    <tag k="ele" v="12.8816"/>
  </node>
  <node id="2828" lat="25.01983280947" lon="121.54328288622">
    <tag k="local_x" v="53016.4614"/>
    <tag k="local_y" v="67934.1681"/>
    <tag k="ele" v="12.8676"/>
  </node>
  <node id="2829" lat="25.01983221303" lon="121.54327011909">
    <tag k="local_x" v="53015.1723"/>
    <tag k="local_y" v="67934.1159"/>
    <tag k="ele" v="12.8247"/>
  </node>
  <node id="2831" lat="25.0198288152" lon="121.54324393703">
    <tag k="local_x" v="53012.5261"/>
    <tag k="local_y" v="67933.768"/>
    <tag k="ele" v="12.7845"/>
  </node>
  <node id="2832" lat="25.0198273518" lon="121.54322811417">
    <tag k="local_x" v="53010.9276"/>
    <tag k="local_y" v="67933.6231"/>
    <tag k="ele" v="12.7956"/>
  </node>
  <node id="2967" lat="25.01985006026" lon="121.54136253451">
    <tag k="local_x" v="52822.6904"/>
    <tag k="local_y" v="67938.1643"/>
    <tag k="ele" v="12.5435"/>
  </node>
  <node id="3519" lat="25.01937887517" lon="121.53939314145">
    <tag k="local_x" v="52623.387"/>
    <tag k="local_y" v="67888.1213"/>
    <tag k="ele" v="12.9291"/>
  </node>
  <node id="3539" lat="25.0193733367" lon="121.53903058632">
    <tag k="local_x" v="52586.7931"/>
    <tag k="local_y" v="67887.9025"/>
    <tag k="ele" v="12.73"/>
  </node>
  <node id="3781" lat="25.0194005312" lon="121.53898276802">
    <tag k="local_x" v="52582"/>
    <tag k="local_y" v="67890.9664"/>
    <tag k="ele" v="12.6296"/>
  </node>
  <node id="3832" lat="25.02030084292" lon="121.5389665693">
    <tag k="local_x" v="52581.4409"/>
    <tag k="local_y" v="67990.6955"/>
    <tag k="ele" v="11.8514"/>
  </node>
  <node id="3931" lat="25.02046831911" lon="121.53894888708">
    <tag k="local_x" v="52579.8566"/>
    <tag k="local_y" v="68009.2631"/>
    <tag k="ele" v="11.8838"/>
  </node>
  <node id="3932" lat="25.02048064211" lon="121.53894907018">
    <tag k="local_x" v="52579.8898"/>
    <tag k="local_y" v="68010.6277"/>
    <tag k="ele" v="11.8853"/>
  </node>
  <node id="3933" lat="25.02049334864" lon="121.53894987403">
    <tag k="local_x" v="52579.9861"/>
    <tag k="local_y" v="68012.0341"/>
    <tag k="ele" v="11.8886"/>
  </node>
  <node id="3934" lat="25.02050054247" lon="121.53894935284">
    <tag k="local_x" v="52579.9421"/>
    <tag k="local_y" v="68012.8314"/>
    <tag k="ele" v="11.8861"/>
  </node>
  <node id="3935" lat="25.02050634102" lon="121.53894806831">
    <tag k="local_x" v="52579.8194"/>
    <tag k="local_y" v="68013.475"/>
    <tag k="ele" v="11.8833"/>
  </node>
  <node id="3937" lat="25.02046727372" lon="121.53897839382">
    <tag k="local_x" v="52582.833"/>
    <tag k="local_y" v="68009.1152"/>
    <tag k="ele" v="11.9057"/>
  </node>
  <node id="3939" lat="25.02049692218" lon="121.53897934095">
    <tag k="local_x" v="52582.964"/>
    <tag k="local_y" v="68012.3978"/>
    <tag k="ele" v="11.9035"/>
  </node>
  <node id="3940" lat="25.02051105983" lon="121.53897674676">
    <tag k="local_x" v="52582.7191"/>
    <tag k="local_y" v="68013.9664"/>
    <tag k="ele" v="11.8846"/>
  </node>
  <node id="3941" lat="25.02052610788" lon="121.53896839037">
    <tag k="local_x" v="52581.8938"/>
    <tag k="local_y" v="68015.6421"/>
    <tag k="ele" v="11.8915"/>
  </node>
  <node id="3942" lat="25.020533939" lon="121.53895921667">
    <tag k="local_x" v="52580.9774"/>
    <tag k="local_y" v="68016.5194"/>
    <tag k="ele" v="11.8885"/>
  </node>
  <node id="3952" lat="25.0205115021" lon="121.53894347662">
    <tag k="local_x" v="52579.3622"/>
    <tag k="local_y" v="68014.0516"/>
    <tag k="ele" v="11.8793"/>
  </node>
  <node id="3953" lat="25.02051479141" lon="121.53893603436">
    <tag k="local_x" v="52578.6151"/>
    <tag k="local_y" v="68014.424"/>
    <tag k="ele" v="11.881"/>
  </node>
  <node id="3954" lat="25.02051659437" lon="121.53893004656">
    <tag k="local_x" v="52578.013"/>
    <tag k="local_y" v="68014.6302"/>
    <tag k="ele" v="11.8953"/>
  </node>
  <node id="3955" lat="25.02051492653" lon="121.53892259064">
    <tag k="local_x" v="52577.2586"/>
    <tag k="local_y" v="68014.4536"/>
    <tag k="ele" v="11.8895"/>
  </node>
  <node id="3956" lat="25.02051239037" lon="121.5389166334">
    <tag k="local_x" v="52576.6544"/>
    <tag k="local_y" v="68014.1792"/>
    <tag k="ele" v="11.8895"/>
  </node>
  <node id="3957" lat="25.02050807982" lon="121.5389118536">
    <tag k="local_x" v="52576.1669"/>
    <tag k="local_y" v="68013.707"/>
    <tag k="ele" v="11.8927"/>
  </node>
  <node id="3958" lat="25.02050125319" lon="121.53890894773">
    <tag k="local_x" v="52575.8655"/>
    <tag k="local_y" v="68012.9541"/>
    <tag k="ele" v="11.8847"/>
  </node>
  <node id="3959" lat="25.02049300352" lon="121.538909527">
    <tag k="local_x" v="52575.9141"/>
    <tag k="local_y" v="68012.0398"/>
    <tag k="ele" v="11.8775"/>
  </node>
  <node id="3960" lat="25.02048259311" lon="121.53891304026">
    <tag k="local_x" v="52576.2562"/>
    <tag k="local_y" v="68010.883"/>
    <tag k="ele" v="11.8732"/>
  </node>
  <node id="3961" lat="25.02047000446" lon="121.53891697172">
    <tag k="local_x" v="52576.6379"/>
    <tag k="local_y" v="68009.4845"/>
    <tag k="ele" v="11.8669"/>
  </node>
  <node id="3963" lat="25.02043920652" lon="121.53892492794">
    <tag k="local_x" v="52577.404"/>
    <tag k="local_y" v="68006.0649"/>
    <tag k="ele" v="11.8199"/>
  </node>
  <node id="3965" lat="25.02041792181" lon="121.53892931117">
    <tag k="local_x" v="52577.8209"/>
    <tag k="local_y" v="68003.7028"/>
    <tag k="ele" v="11.7788"/>
  </node>
  <node id="3966" lat="25.02040752872" lon="121.53893082054">
    <tag k="local_x" v="52577.9608"/>
    <tag k="local_y" v="68002.5501"/>
    <tag k="ele" v="11.768"/>
  </node>
  <node id="3967" lat="25.02039780539" lon="121.53893194146">
    <tag k="local_x" v="52578.0623"/>
    <tag k="local_y" v="68001.472"/>
    <tag k="ele" v="11.7758"/>
  </node>
  <node id="3968" lat="25.02038620094" lon="121.53893385362">
    <tag k="local_x" v="52578.2414"/>
    <tag k="local_y" v="68000.1847"/>
    <tag k="ele" v="11.7506"/>
  </node>
  <node id="3969" lat="25.02037508916" lon="121.53893490675">
    <tag k="local_x" v="52578.3344"/>
    <tag k="local_y" v="67998.9529"/>
    <tag k="ele" v="11.7523"/>
  </node>
  <node id="4043" lat="25.01940109924" lon="121.53895292333">
    <tag k="local_x" v="52578.9889"/>
    <tag k="local_y" v="67891.0618"/>
    <tag k="ele" v="12.6278"/>
  </node>
  <node id="4044" lat="25.02053660721" lon="121.53895463369">
    <tag k="local_x" v="52580.5181"/>
    <tag k="local_y" v="68016.8199"/>
    <tag k="ele" v="11.8914"/>
  </node>
  <node id="4045" lat="25.02054170999" lon="121.5389393326">
    <tag k="local_x" v="52578.9801"/>
    <tag k="local_y" v="68017.4017"/>
    <tag k="ele" v="11.8906"/>
  </node>
  <node id="4046" lat="25.02054238446" lon="121.53892096049">
    <tag k="local_x" v="52577.1269"/>
    <tag k="local_y" v="68017.4964"/>
    <tag k="ele" v="11.907"/>
  </node>
  <node id="4047" lat="25.02053758221" lon="121.53890629988">
    <tag k="local_x" v="52575.6417"/>
    <tag k="local_y" v="68016.9805"/>
    <tag k="ele" v="11.9052"/>
  </node>
  <node id="4048" lat="25.02052843181" lon="121.53889268071">
    <tag k="local_x" v="52574.2564"/>
    <tag k="local_y" v="68015.9819"/>
    <tag k="ele" v="11.8908"/>
  </node>
  <node id="4049" lat="25.02051493197" lon="121.53888309365">
    <tag k="local_x" v="52573.2728"/>
    <tag k="local_y" v="68014.4972"/>
    <tag k="ele" v="11.8367"/>
  </node>
  <node id="4050" lat="25.02049862923" lon="121.53887936155">
    <tag k="local_x" v="52572.8767"/>
    <tag k="local_y" v="68012.6957"/>
    <tag k="ele" v="11.8419"/>
  </node>
  <node id="4051" lat="25.02048503591" lon="121.53888111592">
    <tag k="local_x" v="52573.0375"/>
    <tag k="local_y" v="68011.1883"/>
    <tag k="ele" v="11.8201"/>
  </node>
  <node id="4052" lat="25.02047516013" lon="121.53888445539">
    <tag k="local_x" v="52573.3627"/>
    <tag k="local_y" v="68010.0909"/>
    <tag k="ele" v="11.7837"/>
  </node>
  <node id="4053" lat="25.02046359967" lon="121.53888808731">
    <tag k="local_x" v="52573.7154"/>
    <tag k="local_y" v="68008.8066"/>
    <tag k="ele" v="11.7592"/>
  </node>
  <node id="4055" lat="25.02043433047" lon="121.53889568654">
    <tag k="local_x" v="52574.4473"/>
    <tag k="local_y" v="68005.5567"/>
    <tag k="ele" v="11.7098"/>
  </node>
  <node id="4057" lat="25.02041435637" lon="121.53889984318">
    <tag k="local_x" v="52574.8429"/>
    <tag k="local_y" v="68003.34"/>
    <tag k="ele" v="11.699"/>
  </node>
  <node id="4058" lat="25.02040466034" lon="121.53890126106">
    <tag k="local_x" v="52574.9744"/>
    <tag k="local_y" v="68002.2646"/>
    <tag k="ele" v="11.6967"/>
  </node>
  <node id="4059" lat="25.02039371887" lon="121.53890255496">
    <tag k="local_x" v="52575.0919"/>
    <tag k="local_y" v="68001.0514"/>
    <tag k="ele" v="11.7096"/>
  </node>
  <node id="4060" lat="25.02038386383" lon="121.53890423831">
    <tag k="local_x" v="52575.25"/>
    <tag k="local_y" v="67999.9581"/>
    <tag k="ele" v="11.7243"/>
  </node>
  <node id="4061" lat="25.0203733141" lon="121.53890524416">
    <tag k="local_x" v="52575.3389"/>
    <tag k="local_y" v="67998.7886"/>
    <tag k="ele" v="11.7146"/>
  </node>
  <node id="4135" lat="25.01940083183" lon="121.53892489006">
    <tag k="local_x" v="52576.1596"/>
    <tag k="local_y" v="67891.0627"/>
    <tag k="ele" v="12.6278"/>
  </node>
  <node id="4424" lat="25.01931809202" lon="121.5390310758">
    <tag k="local_x" v="52586.7765"/>
    <tag k="local_y" v="67881.7835"/>
    <tag k="ele" v="12.6197"/>
  </node>
  <node id="4587" lat="25.01934272482" lon="121.54114129507">
    <tag k="local_x" v="52799.7589"/>
    <tag k="local_y" v="67882.2163"/>
    <tag k="ele" v="12.704"/>
  </node>
  <node id="4760" lat="25.01979930701" lon="121.54136296889">
    <tag k="local_x" v="52822.6737"/>
    <tag k="local_y" v="67932.5428"/>
    <tag k="ele" v="12.5332"/>
  </node>
  <node id="4767" lat="25.01978496551" lon="121.54264662863">
    <tag k="local_x" v="52952.1967"/>
    <tag k="local_y" v="67929.56"/>
    <tag k="ele" v="12.8273"/>
  </node>
  <node id="4773" lat="25.01980821978" lon="121.54264686634">
    <tag k="local_x" v="52952.2484"/>
    <tag k="local_y" v="67932.1352"/>
    <tag k="ele" v="12.806"/>
  </node>
  <node id="4774" lat="25.01983240231" lon="121.54264729424">
    <tag k="local_x" v="52952.3204"/>
    <tag k="local_y" v="67934.813"/>
    <tag k="ele" v="12.8088"/>
  </node>
  <node id="4780" lat="25.01970128021" lon="121.54336264934">
    <tag k="local_x" v="53024.354"/>
    <tag k="local_y" v="67919.5144"/>
    <tag k="ele" v="12.8076"/>
  </node>
  <node id="4781" lat="25.01913595546" lon="121.5433594669">
    <tag k="local_x" v="53023.3595"/>
    <tag k="local_y" v="67856.907"/>
    <tag k="ele" v="12.7501"/>
  </node>
  <node id="4784" lat="25.01904193901" lon="121.54319370186">
    <tag k="local_x" v="53006.5193"/>
    <tag k="local_y" v="67846.6744"/>
    <tag k="ele" v="13.0024"/>
  </node>
  <node id="4785" lat="25.01908151898" lon="121.54319090201">
    <tag k="local_x" v="53006.2839"/>
    <tag k="local_y" v="67851.061"/>
    <tag k="ele" v="13.0024"/>
  </node>
  <node id="4791" lat="25.01902458373" lon="121.5425529403">
    <tag k="local_x" v="52941.836"/>
    <tag k="local_y" v="67845.4479"/>
    <tag k="ele" v="13.0041"/>
  </node>
  <node id="4792" lat="25.01906051094" lon="121.54255074128">
    <tag k="local_x" v="52941.6569"/>
    <tag k="local_y" v="67849.4293"/>
    <tag k="ele" v="13.0041"/>
  </node>
  <node id="4798" lat="25.01903219765" lon="121.54288557407">
    <tag k="local_x" v="52975.4129"/>
    <tag k="local_y" v="67845.93"/>
    <tag k="ele" v="12.6643"/>
  </node>
  <node id="4799" lat="25.01907253626" lon="121.54288583507">
    <tag k="local_x" v="52975.4873"/>
    <tag k="local_y" v="67850.3973"/>
    <tag k="ele" v="12.6643"/>
  </node>
  <node id="4805" lat="25.0190302754" lon="121.5427801152">
    <tag k="local_x" v="52964.7682"/>
    <tag k="local_y" v="67845.8316"/>
    <tag k="ele" v="12.7282"/>
  </node>
  <node id="4806" lat="25.01906948377" lon="121.54277938471">
    <tag k="local_x" v="52964.7412"/>
    <tag k="local_y" v="67850.1748"/>
    <tag k="ele" v="12.7282"/>
  </node>
  <node id="4812" lat="25.01906984481" lon="121.54274971396">
    <tag k="local_x" v="52961.7474"/>
    <tag k="local_y" v="67850.247"/>
    <tag k="ele" v="12.0578"/>
  </node>
  <node id="4813" lat="25.01906199206" lon="121.5425531694">
    <tag k="local_x" v="52941.9037"/>
    <tag k="local_y" v="67849.5907"/>
    <tag k="ele" v="12.2845"/>
  </node>
  <node id="4815" lat="25.0190945852" lon="121.54130186743">
    <tag k="local_x" v="52815.6671"/>
    <tag k="local_y" v="67854.5598"/>
    <tag k="ele" v="12.0205"/>
  </node>
  <node id="4816" lat="25.01973412312" lon="121.54128995523">
    <tag k="local_x" v="52815.2278"/>
    <tag k="local_y" v="67925.4029"/>
    <tag k="ele" v="11.7048"/>
  </node>
  <node id="4819" lat="25.0190945696" lon="121.54130009286">
    <tag k="local_x" v="52815.488"/>
    <tag k="local_y" v="67854.56"/>
    <tag k="ele" v="12.7699"/>
  </node>
  <node id="4825" lat="25.01929554736" lon="121.54123964683">
    <tag k="local_x" v="52809.6278"/>
    <tag k="local_y" v="67876.8844"/>
    <tag k="ele" v="11.9276"/>
  </node>
  <node id="4826" lat="25.01893973546" lon="121.54124626536">
    <tag k="local_x" v="52809.8713"/>
    <tag k="local_y" v="67837.4703"/>
    <tag k="ele" v="12.0991"/>
  </node>
  <node id="4836" lat="25.01909497637" lon="121.5412448417">
    <tag k="local_x" v="52809.9128"/>
    <tag k="local_y" v="67854.6651"/>
    <tag k="ele" v="12.7655"/>
  </node>
  <node id="4837" lat="25.01929492054" lon="121.54124155881">
    <tag k="local_x" v="52809.82"/>
    <tag k="local_y" v="67876.8129"/>
    <tag k="ele" v="12.6196"/>
  </node>
  <node id="4840" lat="25.02017956151" lon="121.54122318658">
    <tag k="local_x" v="52809.0212"/>
    <tag k="local_y" v="67974.8087"/>
    <tag k="ele" v="11.6776"/>
  </node>
  <node id="4841" lat="25.01946243539" lon="121.54123651483">
    <tag k="local_x" v="52809.5108"/>
    <tag k="local_y" v="67895.371"/>
    <tag k="ele" v="11.7048"/>
  </node>
  <node id="4844" lat="25.01938817415" lon="121.54113844994">
    <tag k="local_x" v="52799.526"/>
    <tag k="local_y" v="67887.253"/>
    <tag k="ele" v="12.7396"/>
  </node>
  <node id="4850" lat="25.01946249818" lon="121.54126545528">
    <tag k="local_x" v="52812.4314"/>
    <tag k="local_y" v="67895.3465"/>
    <tag k="ele" v="12.7655"/>
  </node>
  <node id="4851" lat="25.0197327936" lon="121.54126092861">
    <tag k="local_x" v="52812.297"/>
    <tag k="local_y" v="67925.2872"/>
    <tag k="ele" v="12.6196"/>
  </node>
  <node id="4852" lat="25.01946270141" lon="121.54123786034">
    <tag k="local_x" v="52809.6469"/>
    <tag k="local_y" v="67895.399"/>
    <tag k="ele" v="12.7655"/>
  </node>
  <node id="4853" lat="25.01973188009" lon="121.54123335176">
    <tag k="local_x" v="52809.513"/>
    <tag k="local_y" v="67925.216"/>
    <tag k="ele" v="12.6196"/>
  </node>
  <node id="4854" lat="25.01946229464" lon="121.54129311167">
    <tag k="local_x" v="52815.2221"/>
    <tag k="local_y" v="67895.2939"/>
    <tag k="ele" v="12.7699"/>
  </node>
  <node id="4855" lat="25.01973370703" lon="121.54128849852">
    <tag k="local_x" v="52815.0803"/>
    <tag k="local_y" v="67925.3584"/>
    <tag k="ele" v="12.6196"/>
  </node>
  <node id="4861" lat="25.02019203734" lon="121.54126672764">
    <tag k="local_x" v="52813.43"/>
    <tag k="local_y" v="67976.1431"/>
    <tag k="ele" v="11.7303"/>
  </node>
  <node id="4862" lat="25.01989574989" lon="121.54127431541">
    <tag k="local_x" v="52813.8423"/>
    <tag k="local_y" v="67943.3204"/>
    <tag k="ele" v="11.7517"/>
  </node>
  <node id="4864" lat="25.02018124319" lon="121.541264911">
    <tag k="local_x" v="52813.2338"/>
    <tag k="local_y" v="67974.9496"/>
    <tag k="ele" v="12.48"/>
  </node>
  <node id="4865" lat="25.02017956219" lon="121.54122528043">
    <tag k="local_x" v="52809.2325"/>
    <tag k="local_y" v="67974.8065"/>
    <tag k="ele" v="12.48"/>
  </node>
  <node id="4873" lat="25.01936530704" lon="121.54114150477">
    <tag k="local_x" v="52799.807"/>
    <tag k="local_y" v="67884.7171"/>
    <tag k="ele" v="11.9601"/>
  </node>
  <node id="4874" lat="25.01934415431" lon="121.53903167695">
    <tag k="local_x" v="52586.8683"/>
    <tag k="local_y" v="67884.6693"/>
    <tag k="ele" v="11.8802"/>
  </node>
  <node id="4876" lat="25.0193706643" lon="121.53976234202">
    <tag k="local_x" v="52660.6351"/>
    <tag k="local_y" v="67886.8102"/>
    <tag k="ele" v="12.8344"/>
  </node>
  <node id="4877" lat="25.0204525484" lon="121.53890521675">
    <tag k="local_x" v="52575.4308"/>
    <tag k="local_y" v="68007.564"/>
    <tag k="ele" v="11.7908"/>
  </node>
  <node id="4878" lat="25.01919167957" lon="121.53892823122">
    <tag k="local_x" v="52576.2469"/>
    <tag k="local_y" v="67867.895"/>
    <tag k="ele" v="11.8684"/>
  </node>
  <node id="4883" lat="25.02032412252" lon="121.53909018989">
    <tag k="local_x" v="52593.9438"/>
    <tag k="local_y" v="67993.1392"/>
    <tag k="ele" v="12.7525"/>
  </node>
  <node id="4884" lat="25.02030140598" lon="121.53909045979">
    <tag k="local_x" v="52593.9439"/>
    <tag k="local_y" v="67990.623"/>
    <tag k="ele" v="12.7525"/>
  </node>
  <node id="4890" lat="25.02030130882" lon="121.53893754115">
    <tag k="local_x" v="52578.5121"/>
    <tag k="local_y" v="67990.7787"/>
    <tag k="ele" v="11.7864"/>
  </node>
  <node id="4891" lat="25.02030135244" lon="121.53890900158">
    <tag k="local_x" v="52575.6321"/>
    <tag k="local_y" v="67990.8146"/>
    <tag k="ele" v="11.749"/>
  </node>
  <node id="4898" lat="25.02018036203" lon="121.53891116038">
    <tag k="local_x" v="52575.7054"/>
    <tag k="local_y" v="67977.4123"/>
    <tag k="ele" v="12.5969"/>
  </node>
  <node id="4904" lat="25.0201802112" lon="121.53893963182">
    <tag k="local_x" v="52578.5784"/>
    <tag k="local_y" v="67977.3646"/>
    <tag k="ele" v="12.6124"/>
  </node>
  <node id="4905" lat="25.02018028866" lon="121.53896579366">
    <tag k="local_x" v="52581.2186"/>
    <tag k="local_y" v="67977.3447"/>
    <tag k="ele" v="12.5662"/>
  </node>
  <node id="4912" lat="25.01980229939" lon="121.543194942">
    <tag k="local_x" v="53007.5502"/>
    <tag k="local_y" v="67930.8845"/>
    <tag k="ele" v="12.7837"/>
  </node>
  <node id="4913" lat="25.01982625955" lon="121.54319451449">
    <tag k="local_x" v="53007.5356"/>
    <tag k="local_y" v="67933.5386"/>
    <tag k="ele" v="12.7833"/>
  </node>
  <node id="4919" lat="25.02032584064" lon="121.53903937398">
    <tag k="local_x" v="52588.8178"/>
    <tag k="local_y" v="67993.3848"/>
    <tag k="ele" v="11.9657"/>
  </node>
  <node id="4920" lat="25.02030735908" lon="121.53977892885">
    <tag k="local_x" v="52663.4274"/>
    <tag k="local_y" v="67990.5331"/>
    <tag k="ele" v="12.0865"/>
  </node>
  <node id="4922" lat="25.02030584752" lon="121.53988545195">
    <tag k="local_x" v="52674.1753"/>
    <tag k="local_y" v="67990.2498"/>
    <tag k="ele" v="12.0164"/>
  </node>
  <node id="4923" lat="25.02028565303" lon="121.54028804011">
    <tag k="local_x" v="52714.7781"/>
    <tag k="local_y" v="67987.5753"/>
    <tag k="ele" v="11.8862"/>
  </node>
  <node id="4924" lat="25.02028189277" lon="121.5403995217">
    <tag k="local_x" v="52726.0237"/>
    <tag k="local_y" v="67987.0376"/>
    <tag k="ele" v="11.8975"/>
  </node>
  <node id="4925" lat="25.0202839791" lon="121.54063113712">
    <tag k="local_x" v="52749.3995"/>
    <tag k="local_y" v="67987.0168"/>
    <tag k="ele" v="11.8905"/>
  </node>
  <node id="4926" lat="25.02027246217" lon="121.54116066405">
    <tag k="local_x" v="52802.8226"/>
    <tag k="local_y" v="67985.1656"/>
    <tag k="ele" v="11.7938"/>
  </node>
  <node id="4927" lat="25.0192851814" lon="121.53895517359">
    <tag k="local_x" v="52579.0775"/>
    <tag k="local_y" v="67878.2212"/>
    <tag k="ele" v="12.6124"/>
  </node>
  <node id="4928" lat="25.01850606934" lon="121.5389684646">
    <tag k="local_x" v="52579.488"/>
    <tag k="local_y" v="67791.9184"/>
    <tag k="ele" v="12.6278"/>
  </node>
  <node id="4929" lat="25.01928533225" lon="121.53892670235">
    <tag k="local_x" v="52576.2045"/>
    <tag k="local_y" v="67878.2689"/>
    <tag k="ele" v="12.5969"/>
  </node>
  <node id="4930" lat="25.01850580194" lon="121.53894043152">
    <tag k="local_x" v="52576.6587"/>
    <tag k="local_y" v="67791.9193"/>
    <tag k="ele" v="12.6278"/>
  </node>
  <node id="4931" lat="25.01850550128" lon="121.53899830906">
    <tag k="local_x" v="52582.4991"/>
    <tag k="local_y" v="67791.823"/>
    <tag k="ele" v="12.6296"/>
  </node>
  <node id="4932" lat="25.01928525886" lon="121.53898133524">
    <tag k="local_x" v="52581.7177"/>
    <tag k="local_y" v="67878.2013"/>
    <tag k="ele" v="12.5662"/>
  </node>
  <node id="4938" lat="25.01863114046" lon="121.54128046012">
    <tag k="local_x" v="52812.954"/>
    <tag k="local_y" v="67803.2556"/>
    <tag k="ele" v="12.7655"/>
  </node>
  <node id="4939" lat="25.01898321424" lon="121.54127383539">
    <tag k="local_x" v="52812.7054"/>
    <tag k="local_y" v="67842.2557"/>
    <tag k="ele" v="12.6196"/>
  </node>
  <node id="4940" lat="25.0186313437" lon="121.54125286536">
    <tag k="local_x" v="52810.1695"/>
    <tag k="local_y" v="67803.3081"/>
    <tag k="ele" v="12.7655"/>
  </node>
  <node id="4941" lat="25.01898230074" lon="121.54124625871">
    <tag k="local_x" v="52809.9214"/>
    <tag k="local_y" v="67842.1845"/>
    <tag k="ele" v="12.6196"/>
  </node>
  <node id="4942" lat="25.01863093691" lon="121.54130811631">
    <tag k="local_x" v="52815.7447"/>
    <tag k="local_y" v="67803.203"/>
    <tag k="ele" v="12.7699"/>
  </node>
  <node id="4943" lat="25.01898412766" lon="121.54130140514">
    <tag k="local_x" v="52815.4887"/>
    <tag k="local_y" v="67842.3269"/>
    <tag k="ele" v="12.6196"/>
  </node>
  <node id="4949" lat="25.01907741845" lon="121.54235297978">
    <tag k="local_x" v="52921.7199"/>
    <tag k="local_y" v="67851.5166"/>
    <tag k="ele" v="12.9621"/>
  </node>
  <node id="4950" lat="25.01910594063" lon="121.54235260229">
    <tag k="local_x" v="52921.7158"/>
    <tag k="local_y" v="67854.6759"/>
    <tag k="ele" v="12.9621"/>
  </node>
  <node id="4956" lat="25.01905085899" lon="121.54235342725">
    <tag k="local_x" v="52921.7334"/>
    <tag k="local_y" v="67848.5746"/>
    <tag k="ele" v="12.9621"/>
  </node>
  <node id="4957" lat="25.0190483499" lon="121.54201665355">
    <tag k="local_x" v="52887.7448"/>
    <tag k="local_y" v="67848.6625"/>
    <tag k="ele" v="12.9621"/>
  </node>
  <node id="4964" lat="25.01902916527" lon="121.5418906892">
    <tag k="local_x" v="52875.0102"/>
    <tag k="local_y" v="67846.6746"/>
    <tag k="ele" v="12.8678"/>
  </node>
  <node id="4965" lat="25.01901910647" lon="121.5413572359">
    <tag k="local_x" v="52821.1646"/>
    <tag k="local_y" v="67846.1402"/>
    <tag k="ele" v="12.8293"/>
  </node>
  <node id="4968" lat="25.01903028341" lon="121.54278010322">
    <tag k="local_x" v="52964.767"/>
    <tag k="local_y" v="67845.8325"/>
    <tag k="ele" v="12.7282"/>
  </node>
  <node id="4969" lat="25.01902459173" lon="121.54255292832">
    <tag k="local_x" v="52941.8348"/>
    <tag k="local_y" v="67845.4488"/>
    <tag k="ele" v="13.0041"/>
  </node>
  <node id="4970" lat="25.01906949178" lon="121.54277937272">
    <tag k="local_x" v="52964.74"/>
    <tag k="local_y" v="67850.1757"/>
    <tag k="ele" v="12.7282"/>
  </node>
  <node id="4971" lat="25.01906051895" lon="121.54255072929">
    <tag k="local_x" v="52941.6557"/>
    <tag k="local_y" v="67849.4302"/>
    <tag k="ele" v="13.0041"/>
  </node>
  <node id="4972" lat="25.01903220565" lon="121.54288556208">
    <tag k="local_x" v="52975.4117"/>
    <tag k="local_y" v="67845.9309"/>
    <tag k="ele" v="12.6643"/>
  </node>
  <node id="4973" lat="25.01907254427" lon="121.54288582308">
    <tag k="local_x" v="52975.4861"/>
    <tag k="local_y" v="67850.3982"/>
    <tag k="ele" v="12.6643"/>
  </node>
  <node id="4974" lat="25.01904194702" lon="121.54319368987">
    <tag k="local_x" v="53006.5181"/>
    <tag k="local_y" v="67846.6753"/>
    <tag k="ele" v="13.0024"/>
  </node>
  <node id="4975" lat="25.01908152699" lon="121.54319089002">
    <tag k="local_x" v="53006.2827"/>
    <tag k="local_y" v="67851.0619"/>
    <tag k="ele" v="13.0024"/>
  </node>
  <node id="4992" lat="25.02038544817" lon="121.54333287438">
    <tag k="local_x" v="53022.1642"/>
    <tag k="local_y" v="67995.3197"/>
    <tag k="ele" v="12.8076"/>
  </node>
  <node id="4993" lat="25.01988620653" lon="121.54332410124">
    <tag k="local_x" v="53020.6842"/>
    <tag k="local_y" v="67940.0372"/>
    <tag k="ele" v="12.7501"/>
  </node>
  <node id="4994" lat="25.0203842857" lon="121.54337770342">
    <tag k="local_x" v="53026.6867"/>
    <tag k="local_y" v="67995.1423"/>
    <tag k="ele" v="12.8076"/>
  </node>
  <node id="4995" lat="25.01988557596" lon="121.54336903084">
    <tag k="local_x" v="53025.2175"/>
    <tag k="local_y" v="67939.9186"/>
    <tag k="ele" v="12.7501"/>
  </node>
  <node id="4996" lat="25.02038664068" lon="121.54328696585">
    <tag k="local_x" v="53017.5328"/>
    <tag k="local_y" v="67995.5016"/>
    <tag k="ele" v="12.8076"/>
  </node>
  <node id="4997" lat="25.01988656853" lon="121.54327885473">
    <tag k="local_x" v="53016.1186"/>
    <tag k="local_y" v="67940.1264"/>
    <tag k="ele" v="12.7357"/>
  </node>
  <node id="7174" lat="25.01945420918" lon="121.54123755444">
    <tag k="local_x" v="52809.6059"/>
    <tag k="local_y" v="67894.4588"/>
    <tag k="ele" v="12.7358"/>
  </node>
  <node id="7175" lat="25.01944565579" lon="121.54123589366">
    <tag k="local_x" v="52809.4281"/>
    <tag k="local_y" v="67893.5133"/>
    <tag k="ele" v="12.7061"/>
  </node>
  <node id="7176" lat="25.01943758938" lon="121.54123297558">
    <tag k="local_x" v="52809.124"/>
    <tag k="local_y" v="67892.6231"/>
    <tag k="ele" v="12.6764"/>
  </node>
  <node id="7177" lat="25.01942999521" lon="121.5412288618">
    <tag k="local_x" v="52808.6998"/>
    <tag k="local_y" v="67891.7865"/>
    <tag k="ele" v="12.6468"/>
  </node>
  <node id="7178" lat="25.01942288555" lon="121.54122360867">
    <tag k="local_x" v="52808.1612"/>
    <tag k="local_y" v="67891.0048"/>
    <tag k="ele" v="12.6171"/>
  </node>
  <node id="7179" lat="25.0194162954" lon="121.54121728514">
    <tag k="local_x" v="52807.5152"/>
    <tag k="local_y" v="67890.2818"/>
    <tag k="ele" v="12.5874"/>
  </node>
  <node id="7180" lat="25.01941027521" lon="121.54120997286">
    <tag k="local_x" v="52806.7701"/>
    <tag k="local_y" v="67889.623"/>
    <tag k="ele" v="12.5577"/>
  </node>
  <node id="7181" lat="25.01940487651" lon="121.54120176833">
    <tag k="local_x" v="52805.9357"/>
    <tag k="local_y" v="67889.034"/>
    <tag k="ele" v="12.528"/>
  </node>
  <node id="7182" lat="25.01940015456" lon="121.54119278288">
    <tag k="local_x" v="52805.0233"/>
    <tag k="local_y" v="67888.5208"/>
    <tag k="ele" v="12.4983"/>
  </node>
  <node id="7183" lat="25.01939615835" lon="121.54118313284">
    <tag k="local_x" v="52804.0447"/>
    <tag k="local_y" v="67888.0887"/>
    <tag k="ele" v="12.4686"/>
  </node>
  <node id="7184" lat="25.01939293243" lon="121.54117294158">
    <tag k="local_x" v="52803.0124"/>
    <tag k="local_y" v="67887.7425"/>
    <tag k="ele" v="12.439"/>
  </node>
  <node id="7185" lat="25.01939051688" lon="121.54116233643">
    <tag k="local_x" v="52801.9393"/>
    <tag k="local_y" v="67887.4865"/>
    <tag k="ele" v="12.4093"/>
  </node>
  <node id="7186" lat="25.01938894726" lon="121.54115144382">
    <tag k="local_x" v="52800.8382"/>
    <tag k="local_y" v="67887.3245"/>
    <tag k="ele" v="12.3796"/>
  </node>
  <node id="7210" lat="25.0193658138" lon="121.54115174007">
    <tag k="local_x" v="52800.8405"/>
    <tag k="local_y" v="67884.7621"/>
    <tag k="ele" v="12.3563"/>
  </node>
  <node id="7211" lat="25.01936703313" lon="121.54116254367">
    <tag k="local_x" v="52801.9322"/>
    <tag k="local_y" v="67884.8854"/>
    <tag k="ele" v="12.3805"/>
  </node>
  <node id="7212" lat="25.01936893131" lon="121.54117314898">
    <tag k="local_x" v="52803.0047"/>
    <tag k="local_y" v="67885.0841"/>
    <tag k="ele" v="12.4047"/>
  </node>
  <node id="7213" lat="25.01937148418" lon="121.54118348693">
    <tag k="local_x" v="52804.051"/>
    <tag k="local_y" v="67885.3556"/>
    <tag k="ele" v="12.4289"/>
  </node>
  <node id="7214" lat="25.0193746676" lon="121.54119348745">
    <tag k="local_x" v="52805.064"/>
    <tag k="local_y" v="67885.6973"/>
    <tag k="ele" v="12.4531"/>
  </node>
  <node id="7215" lat="25.0193784547" lon="121.54120308347">
    <tag k="local_x" v="52806.0369"/>
    <tag k="local_y" v="67886.1063"/>
    <tag k="ele" v="12.4773"/>
  </node>
  <node id="7216" lat="25.01938281775" lon="121.54121220694">
    <tag k="local_x" v="52806.9628"/>
    <tag k="local_y" v="67886.5796"/>
    <tag k="ele" v="12.5015"/>
  </node>
  <node id="7217" lat="25.01938772629" lon="121.54122079283">
    <tag k="local_x" v="52807.8351"/>
    <tag k="local_y" v="67887.1139"/>
    <tag k="ele" v="12.5257"/>
  </node>
  <node id="7218" lat="25.01939315086" lon="121.54122878103">
    <tag k="local_x" v="52808.6477"/>
    <tag k="local_y" v="67887.706"/>
    <tag k="ele" v="12.5499"/>
  </node>
  <node id="7219" lat="25.01939906108" lon="121.54123611344">
    <tag k="local_x" v="52809.3947"/>
    <tag k="local_y" v="67888.3526"/>
    <tag k="ele" v="12.5741"/>
  </node>
  <node id="7220" lat="25.01940542754" lon="121.54124273689">
    <tag k="local_x" v="52810.0707"/>
    <tag k="local_y" v="67889.0505"/>
    <tag k="ele" v="12.5983"/>
  </node>
  <node id="7221" lat="25.01941222541" lon="121.54124860511">
    <tag k="local_x" v="52810.671"/>
    <tag k="local_y" v="67889.797"/>
    <tag k="ele" v="12.6225"/>
  </node>
  <node id="7222" lat="25.01941943438" lon="121.54125367276">
    <tag k="local_x" v="52811.191"/>
    <tag k="local_y" v="67890.5899"/>
    <tag k="ele" v="12.6467"/>
  </node>
  <node id="7223" lat="25.01942704232" lon="121.54125790132">
    <tag k="local_x" v="52811.6268"/>
    <tag k="local_y" v="67891.4279"/>
    <tag k="ele" v="12.6709"/>
  </node>
  <node id="7224" lat="25.01943504611" lon="121.54126124723">
    <tag k="local_x" v="52811.974"/>
    <tag k="local_y" v="67892.3107"/>
    <tag k="ele" v="12.6951"/>
  </node>
  <node id="7225" lat="25.01944345344" lon="121.54126366582">
    <tag k="local_x" v="52812.2281"/>
    <tag k="local_y" v="67893.2392"/>
    <tag k="ele" v="12.7193"/>
  </node>
  <node id="7226" lat="25.01945227549" lon="121.54126510146">
    <tag k="local_x" v="52812.3835"/>
    <tag k="local_y" v="67894.2147"/>
    <tag k="ele" v="12.7435"/>
  </node>
  <node id="7227" lat="25.0193432455" lon="121.54115469623">
    <tag k="local_x" v="52801.1119"/>
    <tag k="local_y" v="67882.2594"/>
    <tag k="ele" v="12.3563"/>
  </node>
  <node id="7228" lat="25.01934456889" lon="121.54116727137">
    <tag k="local_x" v="52802.3825"/>
    <tag k="local_y" v="67882.3923"/>
    <tag k="ele" v="12.3805"/>
  </node>
  <node id="7229" lat="25.01934668672" lon="121.54117964984">
    <tag k="local_x" v="52803.6342"/>
    <tag k="local_y" v="67882.6134"/>
    <tag k="ele" v="12.4047"/>
  </node>
  <node id="7230" lat="25.0193495821" lon="121.54119176643">
    <tag k="local_x" v="52804.8604"/>
    <tag k="local_y" v="67882.9209"/>
    <tag k="ele" v="12.4289"/>
  </node>
  <node id="7231" lat="25.01935323905" lon="121.54120355692">
    <tag k="local_x" v="52806.0546"/>
    <tag k="local_y" v="67883.3131"/>
    <tag k="ele" v="12.4531"/>
  </node>
  <node id="7232" lat="25.01935764248" lon="121.54121495509">
    <tag k="local_x" v="52807.2101"/>
    <tag k="local_y" v="67883.7884"/>
    <tag k="ele" v="12.4773"/>
  </node>
  <node id="7233" lat="25.01936277906" lon="121.54122589175">
    <tag k="local_x" v="52808.3199"/>
    <tag k="local_y" v="67884.3454"/>
    <tag k="ele" v="12.5015"/>
  </node>
  <node id="7234" lat="25.01936863907" lon="121.54123629664">
    <tag k="local_x" v="52809.3769"/>
    <tag k="local_y" v="67884.9831"/>
    <tag k="ele" v="12.5257"/>
  </node>
  <node id="7235" lat="25.01937521008" lon="121.54124609758">
    <tag k="local_x" v="52810.3738"/>
    <tag k="local_y" v="67885.7002"/>
    <tag k="ele" v="12.5499"/>
  </node>
  <node id="7236" lat="25.01938248317" lon="121.54125521539">
    <tag k="local_x" v="52811.3026"/>
    <tag k="local_y" v="67886.4958"/>
    <tag k="ele" v="12.5741"/>
  </node>
  <node id="7237" lat="25.019390444" lon="121.541263569">
    <tag k="local_x" v="52812.1551"/>
    <tag k="local_y" v="67887.3684"/>
    <tag k="ele" v="12.5983"/>
  </node>
  <node id="7238" lat="25.01939907908" lon="121.54127107036">
    <tag k="local_x" v="52812.9224"/>
    <tag k="local_y" v="67888.3166"/>
    <tag k="ele" v="12.6225"/>
  </node>
  <node id="7239" lat="25.01940836584" lon="121.54127762858">
    <tag k="local_x" v="52813.5953"/>
    <tag k="local_y" v="67889.338"/>
    <tag k="ele" v="12.6467"/>
  </node>
  <node id="7240" lat="25.01941827626" lon="121.54128314886">
    <tag k="local_x" v="52814.1642"/>
    <tag k="local_y" v="67890.4296"/>
    <tag k="ele" v="12.6709"/>
  </node>
  <node id="7241" lat="25.01942877151" lon="121.54128753852">
    <tag k="local_x" v="52814.6197"/>
    <tag k="local_y" v="67891.5872"/>
    <tag k="ele" v="12.6951"/>
  </node>
  <node id="7242" lat="25.01943980377" lon="121.54129070892">
    <tag k="local_x" v="52814.9528"/>
    <tag k="local_y" v="67892.8056"/>
    <tag k="ele" v="12.7193"/>
  </node>
  <node id="7243" lat="25.01945131987" lon="121.54129257845">
    <tag k="local_x" v="52815.1552"/>
    <tag k="local_y" v="67894.079"/>
    <tag k="ele" v="12.7435"/>
  </node>
  <node id="7278" lat="25.01934252902" lon="121.54115262473">
    <tag k="local_x" v="52800.902"/>
    <tag k="local_y" v="67882.1823"/>
    <tag k="ele" v="12.3542"/>
  </node>
  <node id="7279" lat="25.01934183899" lon="121.54116410491">
    <tag k="local_x" v="52802.0597"/>
    <tag k="local_y" v="67882.0934"/>
    <tag k="ele" v="12.3763"/>
  </node>
  <node id="7280" lat="25.01934061256" lon="121.5411754854">
    <tag k="local_x" v="52803.2067"/>
    <tag k="local_y" v="67881.9452"/>
    <tag k="ele" v="12.3984"/>
  </node>
  <node id="7281" lat="25.01933881679" lon="121.54118653967">
    <tag k="local_x" v="52804.3201"/>
    <tag k="local_y" v="67881.7343"/>
    <tag k="ele" v="12.4206"/>
  </node>
  <node id="7282" lat="25.01933643046" lon="121.54119703708">
    <tag k="local_x" v="52805.3766"/>
    <tag k="local_y" v="67881.4586"/>
    <tag k="ele" v="12.4427"/>
  </node>
  <node id="7283" lat="25.01933345045" lon="121.54120675074">
    <tag k="local_x" v="52806.3533"/>
    <tag k="local_y" v="67881.118"/>
    <tag k="ele" v="12.4648"/>
  </node>
  <node id="7284" lat="25.01932990263" lon="121.54121546432">
    <tag k="local_x" v="52807.2284"/>
    <tag k="local_y" v="67880.7156"/>
    <tag k="ele" v="12.4869"/>
  </node>
  <node id="7285" lat="25.01932583669" lon="121.54122299888">
    <tag k="local_x" v="52807.9839"/>
    <tag k="local_y" v="67880.2571"/>
    <tag k="ele" v="12.509"/>
  </node>
  <node id="7286" lat="25.01932130764" lon="121.54122925366">
    <tag k="local_x" v="52808.6097"/>
    <tag k="local_y" v="67879.7487"/>
    <tag k="ele" v="12.5311"/>
  </node>
  <node id="7287" lat="25.01931631097" lon="121.54123422973">
    <tag k="local_x" v="52809.1059"/>
    <tag k="local_y" v="67879.1899"/>
    <tag k="ele" v="12.5533"/>
  </node>
  <node id="7288" lat="25.01931069648" lon="121.54123798732">
    <tag k="local_x" v="52809.4784"/>
    <tag k="local_y" v="67878.564"/>
    <tag k="ele" v="12.5754"/>
  </node>
  <node id="7289" lat="25.0193041516" lon="121.5412405093">
    <tag k="local_x" v="52809.7251"/>
    <tag k="local_y" v="67877.8364"/>
    <tag k="ele" v="12.5975"/>
  </node>
  <node id="7312" lat="25.01930404037" lon="121.541268554">
    <tag k="local_x" v="52812.5551"/>
    <tag k="local_y" v="67877.7936"/>
    <tag k="ele" v="12.6027"/>
  </node>
  <node id="7313" lat="25.01931207719" lon="121.54126661686">
    <tag k="local_x" v="52812.3692"/>
    <tag k="local_y" v="67878.6858"/>
    <tag k="ele" v="12.5859"/>
  </node>
  <node id="7314" lat="25.01931943915" lon="121.54126344507">
    <tag k="local_x" v="52812.0579"/>
    <tag k="local_y" v="67879.5046"/>
    <tag k="ele" v="12.569"/>
  </node>
  <node id="7315" lat="25.01932623668" lon="121.54125906606">
    <tag k="local_x" v="52811.6241"/>
    <tag k="local_y" v="67880.2622"/>
    <tag k="ele" v="12.5522"/>
  </node>
  <node id="7316" lat="25.01933252049" lon="121.54125349509">
    <tag k="local_x" v="52811.0694"/>
    <tag k="local_y" v="67880.9642"/>
    <tag k="ele" v="12.5353"/>
  </node>
  <node id="7317" lat="25.01933829639" lon="121.54124677172">
    <tag k="local_x" v="52810.3978"/>
    <tag k="local_y" v="67881.6112"/>
    <tag k="ele" v="12.5185"/>
  </node>
  <node id="7318" lat="25.0193435461" lon="121.54123896553">
    <tag k="local_x" v="52809.6163"/>
    <tag k="local_y" v="67882.2011"/>
    <tag k="ele" v="12.5016"/>
  </node>
  <node id="7319" lat="25.01934824442" lon="121.5412301779">
    <tag k="local_x" v="52808.7351"/>
    <tag k="local_y" v="67882.731"/>
    <tag k="ele" v="12.4848"/>
  </node>
  <node id="7320" lat="25.01935237178" lon="121.54122052995">
    <tag k="local_x" v="52807.7664"/>
    <tag k="local_y" v="67883.1986"/>
    <tag k="ele" v="12.4679"/>
  </node>
  <node id="7321" lat="25.01935591684" lon="121.54121015361">
    <tag k="local_x" v="52806.7235"/>
    <tag k="local_y" v="67883.6025"/>
    <tag k="ele" v="12.451"/>
  </node>
  <node id="7322" lat="25.01935887644" lon="121.54119918865">
    <tag k="local_x" v="52805.6205"/>
    <tag k="local_y" v="67883.9422"/>
    <tag k="ele" v="12.4342"/>
  </node>
  <node id="7323" lat="25.01936125647" lon="121.54118777371">
    <tag k="local_x" v="52804.4714"/>
    <tag k="local_y" v="67884.2182"/>
    <tag k="ele" v="12.4173"/>
  </node>
  <node id="7324" lat="25.01936306553" lon="121.5411760504">
    <tag k="local_x" v="52803.2905"/>
    <tag k="local_y" v="67884.4313"/>
    <tag k="ele" v="12.4005"/>
  </node>
  <node id="7325" lat="25.01936431855" lon="121.54116415827">
    <tag k="local_x" v="52802.0919"/>
    <tag k="local_y" v="67884.583"/>
    <tag k="ele" v="12.3836"/>
  </node>
  <node id="7326" lat="25.01936503315" lon="121.54115223783">
    <tag k="local_x" v="52800.8898"/>
    <tag k="local_y" v="67884.6751"/>
    <tag k="ele" v="12.3668"/>
  </node>
  <node id="7327" lat="25.01931005696" lon="121.54129519148">
    <tag k="local_x" v="52815.2504"/>
    <tag k="local_y" v="67878.431"/>
    <tag k="ele" v="12.6027"/>
  </node>
  <node id="7328" lat="25.01932178641" lon="121.54129175105">
    <tag k="local_x" v="52814.9172"/>
    <tag k="local_y" v="67879.7338"/>
    <tag k="ele" v="12.5859"/>
  </node>
  <node id="7329" lat="25.0193324906" lon="121.54128651628">
    <tag k="local_x" v="52814.4017"/>
    <tag k="local_y" v="67880.925"/>
    <tag k="ele" v="12.569"/>
  </node>
  <node id="7330" lat="25.01934210582" lon="121.54127971285">
    <tag k="local_x" v="52813.7266"/>
    <tag k="local_y" v="67881.9973"/>
    <tag k="ele" v="12.5522"/>
  </node>
  <node id="7331" lat="25.01935062807" lon="121.54127157665">
    <tag k="local_x" v="52812.9157"/>
    <tag k="local_y" v="67882.95"/>
    <tag k="ele" v="12.5353"/>
  </node>
  <node id="7332" lat="25.0193580983" lon="121.54126232322">
    <tag k="local_x" v="52811.9908"/>
    <tag k="local_y" v="67883.7874"/>
    <tag k="ele" v="12.5185"/>
  </node>
  <node id="7333" lat="25.01936458327" lon="121.54125213212">
    <tag k="local_x" v="52810.9701"/>
    <tag k="local_y" v="67884.5167"/>
    <tag k="ele" v="12.5016"/>
  </node>
  <node id="7334" lat="25.01937015492" lon="121.54124115708">
    <tag k="local_x" v="52809.8692"/>
    <tag k="local_y" v="67885.1457"/>
    <tag k="ele" v="12.4848"/>
  </node>
  <node id="7335" lat="25.01937487954" lon="121.54122952913">
    <tag k="local_x" v="52808.7014"/>
    <tag k="local_y" v="67885.6816"/>
    <tag k="ele" v="12.4679"/>
  </node>
  <node id="7336" lat="25.0193788161" lon="121.54121736746">
    <tag k="local_x" v="52807.4788"/>
    <tag k="local_y" v="67886.1308"/>
    <tag k="ele" v="12.451"/>
  </node>
  <node id="7337" lat="25.01938201356" lon="121.54120478643">
    <tag k="local_x" v="52806.213"/>
    <tag k="local_y" v="67886.4986"/>
    <tag k="ele" v="12.4342"/>
  </node>
  <node id="7338" lat="25.01938451548" lon="121.54119189951">
    <tag k="local_x" v="52804.9155"/>
    <tag k="local_y" v="67886.7897"/>
    <tag k="ele" v="12.4173"/>
  </node>
  <node id="7339" lat="25.01938635907" lon="121.54117881722">
    <tag k="local_x" v="52803.5975"/>
    <tag k="local_y" v="67887.0081"/>
    <tag k="ele" v="12.4005"/>
  </node>
  <node id="7340" lat="25.01938757702" lon="121.54116565216">
    <tag k="local_x" v="52802.2704"/>
    <tag k="local_y" v="67887.1573"/>
    <tag k="ele" v="12.3836"/>
  </node>
  <node id="7341" lat="25.01938819844" lon="121.54115251793">
    <tag k="local_x" v="52800.9457"/>
    <tag k="local_y" v="67887.2404"/>
    <tag k="ele" v="12.3668"/>
  </node>
  <node id="7362" lat="25.02027106432" lon="121.5411748193">
    <tag k="local_x" v="52804.2494"/>
    <tag k="local_y" v="67984.9954"/>
    <tag k="ele" v="12.5053"/>
  </node>
  <node id="7363" lat="25.02026879671" lon="121.54118775211">
    <tag k="local_x" v="52805.5518"/>
    <tag k="local_y" v="67984.7302"/>
    <tag k="ele" v="12.503"/>
  </node>
  <node id="7364" lat="25.02026502274" lon="121.5412001032">
    <tag k="local_x" v="52806.7937"/>
    <tag k="local_y" v="67984.2988"/>
    <tag k="ele" v="12.5007"/>
  </node>
  <node id="7365" lat="25.02025984136" lon="121.54121174259">
    <tag k="local_x" v="52807.9621"/>
    <tag k="local_y" v="67983.7123"/>
    <tag k="ele" v="12.4984"/>
  </node>
  <node id="7366" lat="25.0202533507" lon="121.54122254921">
    <tag k="local_x" v="52809.0449"/>
    <tag k="local_y" v="67982.9817"/>
    <tag k="ele" v="12.4961"/>
  </node>
  <node id="7367" lat="25.02024565073" lon="121.54123240494">
    <tag k="local_x" v="52810.0303"/>
    <tag k="local_y" v="67982.1182"/>
    <tag k="ele" v="12.4938"/>
  </node>
  <node id="7368" lat="25.02023683874" lon="121.54124119469">
    <tag k="local_x" v="52810.9068"/>
    <tag k="local_y" v="67981.1327"/>
    <tag k="ele" v="12.4915"/>
  </node>
  <node id="7369" lat="25.0202270102" lon="121.54124880237">
    <tag k="local_x" v="52811.6628"/>
    <tag k="local_y" v="67980.0359"/>
    <tag k="ele" v="12.4892"/>
  </node>
  <node id="7370" lat="25.02021626412" lon="121.54125510493">
    <tag k="local_x" v="52812.286"/>
    <tag k="local_y" v="67978.8389"/>
    <tag k="ele" v="12.4869"/>
  </node>
  <node id="7371" lat="25.02020470314" lon="121.54125997827">
    <tag k="local_x" v="52812.764"/>
    <tag k="local_y" v="67977.5532"/>
    <tag k="ele" v="12.4846"/>
  </node>
  <node id="7372" lat="25.02019244062" lon="121.54126329125">
    <tag k="local_x" v="52813.0837"/>
    <tag k="local_y" v="67976.1915"/>
    <tag k="ele" v="12.4823"/>
  </node>
  <node id="7373" lat="25.02024794516" lon="121.54116893489">
    <tag k="local_x" v="52803.628"/>
    <tag k="local_y" v="67982.4413"/>
    <tag k="ele" v="12.5053"/>
  </node>
  <node id="7374" lat="25.02024554303" lon="121.54117809777">
    <tag k="local_x" v="52804.5498"/>
    <tag k="local_y" v="67982.1653"/>
    <tag k="ele" v="12.503"/>
  </node>
  <node id="7375" lat="25.02024212594" lon="121.54118660772">
    <tag k="local_x" v="52805.4045"/>
    <tag k="local_y" v="67981.7776"/>
    <tag k="ele" v="12.5007"/>
  </node>
  <node id="7376" lat="25.02023778826" lon="121.54119442103">
    <tag k="local_x" v="52806.1878"/>
    <tag k="local_y" v="67981.2887"/>
    <tag k="ele" v="12.4984"/>
  </node>
  <node id="7377" lat="25.02023262428" lon="121.54120148603">
    <tag k="local_x" v="52806.8946"/>
    <tag k="local_y" v="67980.7091"/>
    <tag k="ele" v="12.4961"/>
  </node>
  <node id="7378" lat="25.02022672736" lon="121.54120774514">
    <tag k="local_x" v="52807.5192"/>
    <tag k="local_y" v="67980.0492"/>
    <tag k="ele" v="12.4938"/>
  </node>
  <node id="7379" lat="25.02022019351" lon="121.54121313877">
    <tag k="local_x" v="52808.0557"/>
    <tag k="local_y" v="67979.3197"/>
    <tag k="ele" v="12.4915"/>
  </node>
  <node id="7380" lat="25.02021311789" lon="121.54121761128">
    <tag k="local_x" v="52808.4986"/>
    <tag k="local_y" v="67978.5312"/>
    <tag k="ele" v="12.4892"/>
  </node>
  <node id="7381" lat="25.0202055975" lon="121.54122110801">
    <tag k="local_x" v="52808.8425"/>
    <tag k="local_y" v="67977.6945"/>
    <tag k="ele" v="12.4869"/>
  </node>
  <node id="7382" lat="25.02019772033" lon="121.54122358037">
    <tag k="local_x" v="52809.0826"/>
    <tag k="local_y" v="67976.8194"/>
    <tag k="ele" v="12.4846"/>
  </node>
  <node id="7383" lat="25.02018956724" lon="121.54122498578">
    <tag k="local_x" v="52809.2147"/>
    <tag k="local_y" v="67975.9149"/>
    <tag k="ele" v="12.4823"/>
  </node>
  <node id="7400" lat="25.01986841877" lon="121.54126945884">
    <tag k="local_x" v="52813.3196"/>
    <tag k="local_y" v="67940.2987"/>
    <tag k="ele" v="12.4693"/>
  </node>
  <node id="7401" lat="25.01975963746" lon="121.54126324126">
    <tag k="local_x" v="52812.5624"/>
    <tag k="local_y" v="67928.2577"/>
    <tag k="ele" v="12.5895"/>
  </node>
  <node id="7402" lat="25.01986952455" lon="121.54123290201">
    <tag k="local_x" v="52809.6318"/>
    <tag k="local_y" v="67940.4609"/>
    <tag k="ele" v="12.4693"/>
  </node>
  <node id="7411" lat="25.01988961382" lon="121.54127166286">
    <tag k="local_x" v="52813.5673"/>
    <tag k="local_y" v="67942.6437"/>
    <tag k="ele" v="12.4463"/>
  </node>
  <node id="7412" lat="25.01988167774" lon="121.54127291705">
    <tag k="local_x" v="52813.6844"/>
    <tag k="local_y" v="67941.7634"/>
    <tag k="ele" v="12.4534"/>
  </node>
  <node id="7413" lat="25.01987407168" lon="121.54127532079">
    <tag k="local_x" v="52813.9179"/>
    <tag k="local_y" v="67940.9184"/>
    <tag k="ele" v="12.4605"/>
  </node>
  <node id="7414" lat="25.01986678546" lon="121.54127885042">
    <tag k="local_x" v="52814.2654"/>
    <tag k="local_y" v="67940.1076"/>
    <tag k="ele" v="12.4675"/>
  </node>
  <node id="7415" lat="25.01985984506" lon="121.54128348383">
    <tag k="local_x" v="52814.7247"/>
    <tag k="local_y" v="67939.3339"/>
    <tag k="ele" v="12.4746"/>
  </node>
  <node id="7416" lat="25.01985330422" lon="121.54128917777">
    <tag k="local_x" v="52815.2915"/>
    <tag k="local_y" v="67938.6033"/>
    <tag k="ele" v="12.4817"/>
  </node>
  <node id="7417" lat="25.01984722824" lon="121.54129586904">
    <tag k="local_x" v="52815.9595"/>
    <tag k="local_y" v="67937.9231"/>
    <tag k="ele" v="12.4888"/>
  </node>
  <node id="7418" lat="25.01984168856" lon="121.54130347753">
    <tag k="local_x" v="52816.7207"/>
    <tag k="local_y" v="67937.3013"/>
    <tag k="ele" v="12.4959"/>
  </node>
  <node id="7419" lat="25.01983675193" lon="121.54131190433">
    <tag k="local_x" v="52817.5652"/>
    <tag k="local_y" v="67936.7454"/>
    <tag k="ele" v="12.503"/>
  </node>
  <node id="7420" lat="25.01983248144" lon="121.54132104467">
    <tag k="local_x" v="52818.4825"/>
    <tag k="local_y" v="67936.2625"/>
    <tag k="ele" v="12.5101"/>
  </node>
  <node id="7421" lat="25.01982893465" lon="121.54133078488">
    <tag k="local_x" v="52819.4612"/>
    <tag k="local_y" v="67935.8591"/>
    <tag k="ele" v="12.5171"/>
  </node>
  <node id="7422" lat="25.01982615919" lon="121.54134100947">
    <tag k="local_x" v="52820.4897"/>
    <tag k="local_y" v="67935.5406"/>
    <tag k="ele" v="12.5242"/>
  </node>
  <node id="7423" lat="25.01982420178" lon="121.54135160292">
    <tag k="local_x" v="52821.5564"/>
    <tag k="local_y" v="67935.3123"/>
    <tag k="ele" v="12.5313"/>
  </node>
  <node id="7424" lat="25.01988150215" lon="121.54123266629">
    <tag k="local_x" v="52809.6223"/>
    <tag k="local_y" v="67941.7877"/>
    <tag k="ele" v="12.4463"/>
  </node>
  <node id="7425" lat="25.01986914808" lon="121.54123649464">
    <tag k="local_x" v="52809.9939"/>
    <tag k="local_y" v="67940.4153"/>
    <tag k="ele" v="12.4534"/>
  </node>
  <node id="7426" lat="25.0198577177" lon="121.54124197981">
    <tag k="local_x" v="52810.5338"/>
    <tag k="local_y" v="67939.1434"/>
    <tag k="ele" v="12.4605"/>
  </node>
  <node id="7427" lat="25.01984728037" lon="121.54124892083">
    <tag k="local_x" v="52811.2218"/>
    <tag k="local_y" v="67937.9799"/>
    <tag k="ele" v="12.4675"/>
  </node>
  <node id="7428" lat="25.01983787207" lon="121.54125712006">
    <tag k="local_x" v="52812.038"/>
    <tag k="local_y" v="67936.929"/>
    <tag k="ele" v="12.4746"/>
  </node>
  <node id="7429" lat="25.01982949918" lon="121.54126639807">
    <tag k="local_x" v="52812.9643"/>
    <tag k="local_y" v="67935.9916"/>
    <tag k="ele" v="12.4817"/>
  </node>
  <node id="7430" lat="25.0198221574" lon="121.54127659537">
    <tag k="local_x" v="52813.9846"/>
    <tag k="local_y" v="67935.1674"/>
    <tag k="ele" v="12.4888"/>
  </node>
  <node id="7431" lat="25.01981583544" lon="121.54128757238">
    <tag k="local_x" v="52815.0848"/>
    <tag k="local_y" v="67934.4553"/>
    <tag k="ele" v="12.4959"/>
  </node>
  <node id="7432" lat="25.01981052667" lon="121.5412992043">
    <tag k="local_x" v="52816.2523"/>
    <tag k="local_y" v="67933.8547"/>
    <tag k="ele" v="12.503"/>
  </node>
  <node id="7433" lat="25.01980622814" lon="121.54131137624">
    <tag k="local_x" v="52817.4755"/>
    <tag k="local_y" v="67933.3654"/>
    <tag k="ele" v="12.5101"/>
  </node>
  <node id="7434" lat="25.0198029442" lon="121.54132397914">
    <tag k="local_x" v="52818.7434"/>
    <tag k="local_y" v="67932.988"/>
    <tag k="ele" v="12.5171"/>
  </node>
  <node id="7435" lat="25.01980068554" lon="121.54133690584">
    <tag k="local_x" v="52820.0452"/>
    <tag k="local_y" v="67932.7238"/>
    <tag k="ele" v="12.5242"/>
  </node>
  <node id="7436" lat="25.01979946829" lon="121.54135005112">
    <tag k="local_x" v="52821.3703"/>
    <tag k="local_y" v="67932.5747"/>
    <tag k="ele" v="12.5313"/>
  </node>
  <node id="7455" lat="25.01982289497" lon="121.541352861">
    <tag k="local_x" v="52821.6818"/>
    <tag k="local_y" v="67935.1662"/>
    <tag k="ele" v="12.5483"/>
  </node>
  <node id="7456" lat="25.01982174248" lon="121.54134279482">
    <tag k="local_x" v="52820.6646"/>
    <tag k="local_y" v="67935.0495"/>
    <tag k="ele" v="12.553"/>
  </node>
  <node id="7457" lat="25.01981970294" lon="121.54133305622">
    <tag k="local_x" v="52819.6794"/>
    <tag k="local_y" v="67934.8342"/>
    <tag k="ele" v="12.5578"/>
  </node>
  <node id="7458" lat="25.01981682195" lon="121.54132369322">
    <tag k="local_x" v="52818.7311"/>
    <tag k="local_y" v="67934.5253"/>
    <tag k="ele" v="12.5625"/>
  </node>
  <node id="7459" lat="25.01981314248" lon="121.54131475982">
    <tag k="local_x" v="52817.8252"/>
    <tag k="local_y" v="67934.1275"/>
    <tag k="ele" v="12.5673"/>
  </node>
  <node id="7460" lat="25.01980871021" lon="121.54130631097">
    <tag k="local_x" v="52816.9673"/>
    <tag k="local_y" v="67933.6458"/>
    <tag k="ele" v="12.572"/>
  </node>
  <node id="7461" lat="25.01980357088" lon="121.54129840558">
    <tag k="local_x" v="52816.1634"/>
    <tag k="local_y" v="67933.0852"/>
    <tag k="ele" v="12.5768"/>
  </node>
  <node id="7462" lat="25.01979777199" lon="121.54129110056">
    <tag k="local_x" v="52815.4193"/>
    <tag k="local_y" v="67932.4509"/>
    <tag k="ele" v="12.5816"/>
  </node>
  <node id="7463" lat="25.01979136195" lon="121.54128445283">
    <tag k="local_x" v="52814.7408"/>
    <tag k="local_y" v="67931.7482"/>
    <tag k="ele" v="12.5863"/>
  </node>
  <node id="7464" lat="25.01978438916" lon="121.54127851729">
    <tag k="local_x" v="52814.1335"/>
    <tag k="local_y" v="67930.9824"/>
    <tag k="ele" v="12.5911"/>
  </node>
  <node id="7465" lat="25.01977690113" lon="121.54127335086">
    <tag k="local_x" v="52813.6032"/>
    <tag k="local_y" v="67930.1587"/>
    <tag k="ele" v="12.5958"/>
  </node>
  <node id="7466" lat="25.0197689417" lon="121.54126900456">
    <tag k="local_x" v="52813.1551"/>
    <tag k="local_y" v="67929.2819"/>
    <tag k="ele" v="12.6006"/>
  </node>
  <node id="7467" lat="25.01976055383" lon="121.54126553237">
    <tag k="local_x" v="52812.7947"/>
    <tag k="local_y" v="67928.3567"/>
    <tag k="ele" v="12.6053"/>
  </node>
  <node id="7468" lat="25.01975177687" lon="121.54126298734">
    <tag k="local_x" v="52812.5274"/>
    <tag k="local_y" v="67927.3874"/>
    <tag k="ele" v="12.6101"/>
  </node>
  <node id="7469" lat="25.01974264388" lon="121.54126142458">
    <tag k="local_x" v="52812.3588"/>
    <tag k="local_y" v="67926.3776"/>
    <tag k="ele" v="12.6148"/>
  </node>
  <node id="7470" lat="25.01984947849" lon="121.54134879412">
    <tag k="local_x" v="52821.3031"/>
    <tag k="local_y" v="67938.1148"/>
    <tag k="ele" v="12.5483"/>
  </node>
  <node id="7471" lat="25.01984770717" lon="121.54133584172">
    <tag k="local_x" v="52819.9939"/>
    <tag k="local_y" v="67937.9327"/>
    <tag k="ele" v="12.553"/>
  </node>
  <node id="7472" lat="25.01984480079" lon="121.54132333874">
    <tag k="local_x" v="52818.7287"/>
    <tag k="local_y" v="67937.6244"/>
    <tag k="ele" v="12.5578"/>
  </node>
  <node id="7473" lat="25.01984082236" lon="121.54131135976">
    <tag k="local_x" v="52817.5151"/>
    <tag k="local_y" v="67937.1968"/>
    <tag k="ele" v="12.5625"/>
  </node>
  <node id="7474" lat="25.01983583217" lon="121.54129997442">
    <tag k="local_x" v="52816.3602"/>
    <tag k="local_y" v="67936.6565"/>
    <tag k="ele" v="12.5673"/>
  </node>
  <node id="7475" lat="25.0198298941" lon="121.54128925232">
    <tag k="local_x" v="52815.2711"/>
    <tag k="local_y" v="67936.0105"/>
    <tag k="ele" v="12.572"/>
  </node>
  <node id="7476" lat="25.01982306569" lon="121.54127925917">
    <tag k="local_x" v="52814.2545"/>
    <tag k="local_y" v="67935.2651"/>
    <tag k="ele" v="12.5768"/>
  </node>
  <node id="7477" lat="25.01981540808" lon="121.54127006164">
    <tag k="local_x" v="52813.3172"/>
    <tag k="local_y" v="67934.427"/>
    <tag k="ele" v="12.5816"/>
  </node>
  <node id="7478" lat="25.01980697791" lon="121.54126172643">
    <tag k="local_x" v="52812.466"/>
    <tag k="local_y" v="67933.5024"/>
    <tag k="ele" v="12.5863"/>
  </node>
  <node id="7479" lat="25.01979783454" lon="121.54125432222">
    <tag k="local_x" v="52811.7079"/>
    <tag k="local_y" v="67932.4978"/>
    <tag k="ele" v="12.5911"/>
  </node>
  <node id="7480" lat="25.01978803645" lon="121.54124791966">
    <tag k="local_x" v="52811.0501"/>
    <tag k="local_y" v="67931.4196"/>
    <tag k="ele" v="12.5958"/>
  </node>
  <node id="7481" lat="25.01977764571" lon="121.54124258738">
    <tag k="local_x" v="52810.4996"/>
    <tag k="local_y" v="67930.2746"/>
    <tag k="ele" v="12.6006"/>
  </node>
  <node id="7482" lat="25.01976672534" lon="121.54123839697">
    <tag k="local_x" v="52810.0637"/>
    <tag k="local_y" v="67929.0697"/>
    <tag k="ele" v="12.6053"/>
  </node>
  <node id="7483" lat="25.01975534284" lon="121.54123541997">
    <tag k="local_x" v="52809.7497"/>
    <tag k="local_y" v="67927.8123"/>
    <tag k="ele" v="12.6101"/>
  </node>
  <node id="7484" lat="25.01974357202" lon="121.54123372489">
    <tag k="local_x" v="52809.5646"/>
    <tag k="local_y" v="67926.5105"/>
    <tag k="ele" v="12.6148"/>
  </node>
  <node id="7516" lat="25.01974157294" lon="121.54128883562">
    <tag k="local_x" v="52815.1237"/>
    <tag k="local_y" v="67926.2292"/>
    <tag k="ele" v="12.6128"/>
  </node>
  <node id="7517" lat="25.0197501962" lon="121.54129053224">
    <tag k="local_x" v="52815.3052"/>
    <tag k="local_y" v="67927.1824"/>
    <tag k="ele" v="12.6061"/>
  </node>
  <node id="7518" lat="25.01975837675" lon="121.54129348862">
    <tag k="local_x" v="52815.6133"/>
    <tag k="local_y" v="67928.0852"/>
    <tag k="ele" v="12.5993"/>
  </node>
  <node id="7519" lat="25.01976604967" lon="121.5412976213">
    <tag k="local_x" v="52816.0395"/>
    <tag k="local_y" v="67928.9305"/>
    <tag k="ele" v="12.5925"/>
  </node>
  <node id="7520" lat="25.01977314007" lon="121.54130284494">
    <tag k="local_x" v="52816.5751"/>
    <tag k="local_y" v="67929.7101"/>
    <tag k="ele" v="12.5858"/>
  </node>
  <node id="7521" lat="25.01977956311" lon="121.54130906939">
    <tag k="local_x" v="52817.2109"/>
    <tag k="local_y" v="67930.4147"/>
    <tag k="ele" v="12.579"/>
  </node>
  <node id="7522" lat="25.01978523202" lon="121.5413161946">
    <tag k="local_x" v="52817.9367"/>
    <tag k="local_y" v="67931.0348"/>
    <tag k="ele" v="12.5722"/>
  </node>
  <node id="7523" lat="25.01979006094" lon="121.54132411952">
    <tag k="local_x" v="52818.7422"/>
    <tag k="local_y" v="67931.561"/>
    <tag k="ele" v="12.5655"/>
  </node>
  <node id="7524" lat="25.01979396762" lon="121.54133274304">
    <tag k="local_x" v="52819.6171"/>
    <tag k="local_y" v="67931.9843"/>
    <tag k="ele" v="12.5587"/>
  </node>
  <node id="7525" lat="25.0197968698" lon="121.54134196507">
    <tag k="local_x" v="52820.5512"/>
    <tag k="local_y" v="67932.2957"/>
    <tag k="ele" v="12.5519"/>
  </node>
  <node id="7526" lat="25.01979868983" lon="121.54135169338">
    <tag k="local_x" v="52821.5351"/>
    <tag k="local_y" v="67932.4867"/>
    <tag k="ele" v="12.5452"/>
  </node>
  <node id="7543" lat="25.02019212311" lon="121.5389399714">
    <tag k="local_x" v="52578.6269"/>
    <tag k="local_y" v="67978.6835"/>
    <tag k="ele" v="12.5975"/>
  </node>
  <node id="7544" lat="25.02020354878" lon="121.53894127399">
    <tag k="local_x" v="52578.772"/>
    <tag k="local_y" v="67979.9475"/>
    <tag k="ele" v="12.6056"/>
  </node>
  <node id="7545" lat="25.02021472897" lon="121.53894350699">
    <tag k="local_x" v="52579.0107"/>
    <tag k="local_y" v="67981.1833"/>
    <tag k="ele" v="12.6138"/>
  </node>
  <node id="7546" lat="25.02022562003" lon="121.53894663725">
    <tag k="local_x" v="52579.3396"/>
    <tag k="local_y" v="67982.3861"/>
    <tag k="ele" v="12.6219"/>
  </node>
  <node id="7547" lat="25.02023617735" lon="121.53895062962">
    <tag k="local_x" v="52579.7551"/>
    <tag k="local_y" v="67983.551"/>
    <tag k="ele" v="12.6301"/>
  </node>
  <node id="7548" lat="25.02024635727" lon="121.53895545091">
    <tag k="local_x" v="52580.2538"/>
    <tag k="local_y" v="67984.6732"/>
    <tag k="ele" v="12.6383"/>
  </node>
  <node id="7549" lat="25.02025611792" lon="121.53896106694">
    <tag k="local_x" v="52580.8322"/>
    <tag k="local_y" v="67985.7481"/>
    <tag k="ele" v="12.6464"/>
  </node>
  <node id="7550" lat="25.02026541386" lon="121.53896744655">
    <tag k="local_x" v="52581.4871"/>
    <tag k="local_y" v="67986.7707"/>
    <tag k="ele" v="12.6546"/>
  </node>
  <node id="7551" lat="25.02027420322" lon="121.53897455752">
    <tag k="local_x" v="52582.2152"/>
    <tag k="local_y" v="67987.7364"/>
    <tag k="ele" v="12.6627"/>
  </node>
  <node id="7552" lat="25.02028243964" lon="121.53898236672">
    <tag k="local_x" v="52583.0131"/>
    <tag k="local_y" v="67988.6401"/>
    <tag k="ele" v="12.6709"/>
  </node>
  <node id="7553" lat="25.02029007856" lon="121.53899084296">
    <tag k="local_x" v="52583.8776"/>
    <tag k="local_y" v="67989.4769"/>
    <tag k="ele" v="12.6791"/>
  </node>
  <node id="7554" lat="25.02029707362" lon="121.53899995408">
    <tag k="local_x" v="52584.8054"/>
    <tag k="local_y" v="67990.2417"/>
    <tag k="ele" v="12.6872"/>
  </node>
  <node id="7555" lat="25.02030337753" lon="121.53900966597">
    <tag k="local_x" v="52585.793"/>
    <tag k="local_y" v="67990.9293"/>
    <tag k="ele" v="12.6954"/>
  </node>
  <node id="7556" lat="25.0203089412" lon="121.53901994452">
    <tag k="local_x" v="52586.8369"/>
    <tag k="local_y" v="67991.5343"/>
    <tag k="ele" v="12.7035"/>
  </node>
  <node id="7557" lat="25.02031371549" lon="121.53903075068">
    <tag k="local_x" v="52587.9331"/>
    <tag k="local_y" v="67992.0513"/>
    <tag k="ele" v="12.7117"/>
  </node>
  <node id="7558" lat="25.02031765306" lon="121.53904204537">
    <tag k="local_x" v="52589.0776"/>
    <tag k="local_y" v="67992.4751"/>
    <tag k="ele" v="12.7199"/>
  </node>
  <node id="7559" lat="25.02032070474" lon="121.53905378557">
    <tag k="local_x" v="52590.266"/>
    <tag k="local_y" v="67992.8003"/>
    <tag k="ele" v="12.728"/>
  </node>
  <node id="7560" lat="25.02032282494" lon="121.53906592723">
    <tag k="local_x" v="52591.4938"/>
    <tag k="local_y" v="67993.0219"/>
    <tag k="ele" v="12.7362"/>
  </node>
  <node id="7561" lat="25.02032396803" lon="121.53907842133">
    <tag k="local_x" v="52592.756"/>
    <tag k="local_y" v="67993.1349"/>
    <tag k="ele" v="12.7443"/>
  </node>
  <node id="7562" lat="25.02018979608" lon="121.53896594668">
    <tag k="local_x" v="52581.2454"/>
    <tag k="local_y" v="67978.3975"/>
    <tag k="ele" v="12.5975"/>
  </node>
  <node id="7563" lat="25.02019942709" lon="121.53896691675">
    <tag k="local_x" v="52581.3548"/>
    <tag k="local_y" v="67979.4631"/>
    <tag k="ele" v="12.6056"/>
  </node>
  <node id="7564" lat="25.02020885817" lon="121.53896867301">
    <tag k="local_x" v="52581.5433"/>
    <tag k="local_y" v="67980.5057"/>
    <tag k="ele" v="12.6138"/>
  </node>
  <node id="7565" lat="25.02021805019" lon="121.53897118621">
    <tag k="local_x" v="52581.8079"/>
    <tag k="local_y" v="67981.521"/>
    <tag k="ele" v="12.6219"/>
  </node>
  <node id="7566" lat="25.02022696401" lon="121.5389744251">
    <tag k="local_x" v="52582.1454"/>
    <tag k="local_y" v="67982.5047"/>
    <tag k="ele" v="12.6301"/>
  </node>
  <node id="7567" lat="25.02023556055" lon="121.53897836141">
    <tag k="local_x" v="52582.5529"/>
    <tag k="local_y" v="67983.4525"/>
    <tag k="ele" v="12.6383"/>
  </node>
  <node id="7568" lat="25.02024379974" lon="121.53898296191">
    <tag k="local_x" v="52583.027"/>
    <tag k="local_y" v="67984.36"/>
    <tag k="ele" v="12.6464"/>
  </node>
  <node id="7569" lat="25.02025164337" lon="121.53898819733">
    <tag k="local_x" v="52583.5647"/>
    <tag k="local_y" v="67985.223"/>
    <tag k="ele" v="12.6546"/>
  </node>
  <node id="7570" lat="25.02025905228" lon="121.53899403345">
    <tag k="local_x" v="52584.1625"/>
    <tag k="local_y" v="67986.0372"/>
    <tag k="ele" v="12.6627"/>
  </node>
  <node id="7571" lat="25.02026598735" lon="121.53900044002">
    <tag k="local_x" v="52584.8173"/>
    <tag k="local_y" v="67986.7983"/>
    <tag k="ele" v="12.6709"/>
  </node>
  <node id="7572" lat="25.02027241214" lon="121.53900738377">
    <tag k="local_x" v="52585.5257"/>
    <tag k="local_y" v="67987.5023"/>
    <tag k="ele" v="12.6791"/>
  </node>
  <node id="7573" lat="25.02027828931" lon="121.53901483344">
    <tag k="local_x" v="52586.2845"/>
    <tag k="local_y" v="67988.1451"/>
    <tag k="ele" v="12.6872"/>
  </node>
  <node id="7574" lat="25.02028358426" lon="121.53902275872">
    <tag k="local_x" v="52587.0906"/>
    <tag k="local_y" v="67988.7229"/>
    <tag k="ele" v="12.6954"/>
  </node>
  <node id="7575" lat="25.02028826239" lon="121.53903113128">
    <tag k="local_x" v="52587.9411"/>
    <tag k="local_y" v="67989.2319"/>
    <tag k="ele" v="12.7035"/>
  </node>
  <node id="7576" lat="25.02029229003" lon="121.53903992278">
    <tag k="local_x" v="52588.8331"/>
    <tag k="local_y" v="67989.6684"/>
    <tag k="ele" v="12.7117"/>
  </node>
  <node id="7577" lat="25.02029563355" lon="121.53904911082">
    <tag k="local_x" v="52589.7643"/>
    <tag k="local_y" v="67990.0287"/>
    <tag k="ele" v="12.7199"/>
  </node>
  <node id="7578" lat="25.0202982566" lon="121.53905867305">
    <tag k="local_x" v="52590.7324"/>
    <tag k="local_y" v="67990.3088"/>
    <tag k="ele" v="12.728"/>
  </node>
  <node id="7579" lat="25.0203001238" lon="121.53906859106">
    <tag k="local_x" v="52591.7355"/>
    <tag k="local_y" v="67990.5048"/>
    <tag k="ele" v="12.7362"/>
  </node>
  <node id="7580" lat="25.02030119704" lon="121.53907884746">
    <tag k="local_x" v="52592.7718"/>
    <tag k="local_y" v="67990.6125"/>
    <tag k="ele" v="12.7443"/>
  </node>
  <node id="7612" lat="25.0192909989" lon="121.53898181527">
    <tag k="local_x" v="52581.773"/>
    <tag k="local_y" v="67878.8365"/>
    <tag k="ele" v="12.5469"/>
  </node>
  <node id="7613" lat="25.0192973246" lon="121.53898428114">
    <tag k="local_x" v="52582.0294"/>
    <tag k="local_y" v="67879.5344"/>
    <tag k="ele" v="12.5045"/>
  </node>
  <node id="7614" lat="25.01930305567" lon="121.53898862492">
    <tag k="local_x" v="52582.4746"/>
    <tag k="local_y" v="67880.1644"/>
    <tag k="ele" v="12.4621"/>
  </node>
  <node id="7615" lat="25.01930810454" lon="121.5389947555">
    <tag k="local_x" v="52583.0993"/>
    <tag k="local_y" v="67880.7169"/>
    <tag k="ele" v="12.4197"/>
  </node>
  <node id="7616" lat="25.01931228358" lon="121.53900241547">
    <tag k="local_x" v="52583.8773"/>
    <tag k="local_y" v="67881.1714"/>
    <tag k="ele" v="12.3772"/>
  </node>
  <node id="7617" lat="25.0193154166" lon="121.53901122443">
    <tag k="local_x" v="52584.77"/>
    <tag k="local_y" v="67881.5088"/>
    <tag k="ele" v="12.3348"/>
  </node>
  <node id="7618" lat="25.0193173828" lon="121.53902074283">
    <tag k="local_x" v="52585.7329"/>
    <tag k="local_y" v="67881.7162"/>
    <tag k="ele" v="12.2924"/>
  </node>
  <node id="7642" lat="25.01937361072" lon="121.53902144371">
    <tag k="local_x" v="52585.8708"/>
    <tag k="local_y" v="67887.9428"/>
    <tag k="ele" v="12.3513"/>
  </node>
  <node id="7643" lat="25.01937531677" lon="121.53901119907">
    <tag k="local_x" v="52584.839"/>
    <tag k="local_y" v="67888.1429"/>
    <tag k="ele" v="12.3976"/>
  </node>
  <node id="7644" lat="25.01937823823" lon="121.53900206575">
    <tag k="local_x" v="52583.9208"/>
    <tag k="local_y" v="67888.4764"/>
    <tag k="ele" v="12.4438"/>
  </node>
  <node id="7645" lat="25.01938207938" lon="121.53899454667">
    <tag k="local_x" v="52583.1666"/>
    <tag k="local_y" v="67888.91"/>
    <tag k="ele" v="12.49"/>
  </node>
  <node id="7646" lat="25.01938659821" lon="121.53898882405">
    <tag k="local_x" v="52582.5945"/>
    <tag k="local_y" v="67889.4167"/>
    <tag k="ele" v="12.5362"/>
  </node>
  <node id="7647" lat="25.01939199681" lon="121.5389847875">
    <tag k="local_x" v="52582.1936"/>
    <tag k="local_y" v="67890.019"/>
    <tag k="ele" v="12.5825"/>
  </node>
  <node id="7659" lat="25.01934377031" lon="121.53902227954">
    <tag k="local_x" v="52585.9195"/>
    <tag k="local_y" v="67884.637"/>
    <tag k="ele" v="12.3301"/>
  </node>
  <node id="7660" lat="25.0193423661" lon="121.53901252359">
    <tag k="local_x" v="52584.9333"/>
    <tag k="local_y" v="67884.4921"/>
    <tag k="ele" v="12.355"/>
  </node>
  <node id="7661" lat="25.0193400219" lon="121.53900313055">
    <tag k="local_x" v="52583.9826"/>
    <tag k="local_y" v="67884.2427"/>
    <tag k="ele" v="12.38"/>
  </node>
  <node id="7662" lat="25.01933680054" lon="121.53899424436">
    <tag k="local_x" v="52583.082"/>
    <tag k="local_y" v="67883.8956"/>
    <tag k="ele" v="12.405"/>
  </node>
  <node id="7663" lat="25.01933277018" lon="121.53898600293">
    <tag k="local_x" v="52582.2455"/>
    <tag k="local_y" v="67883.4582"/>
    <tag k="ele" v="12.4299"/>
  </node>
  <node id="7664" lat="25.01932800246" lon="121.53897853027">
    <tag k="local_x" v="52581.4857"/>
    <tag k="local_y" v="67882.9383"/>
    <tag k="ele" v="12.4549"/>
  </node>
  <node id="7665" lat="25.0193225689" lon="121.53897193553">
    <tag k="local_x" v="52580.8137"/>
    <tag k="local_y" v="67882.3437"/>
    <tag k="ele" v="12.4799"/>
  </node>
  <node id="7666" lat="25.01931652726" lon="121.5389663092">
    <tag k="local_x" v="52580.2387"/>
    <tag k="local_y" v="67881.6807"/>
    <tag k="ele" v="12.5048"/>
  </node>
  <node id="7667" lat="25.01930991078" lon="121.5389617252">
    <tag k="local_x" v="52579.7682"/>
    <tag k="local_y" v="67880.9529"/>
    <tag k="ele" v="12.5298"/>
  </node>
  <node id="7668" lat="25.019302722" lon="121.53895825979">
    <tag k="local_x" v="52579.4099"/>
    <tag k="local_y" v="67880.1605"/>
    <tag k="ele" v="12.5548"/>
  </node>
  <node id="7669" lat="25.01929492577" lon="121.53895600953">
    <tag k="local_x" v="52579.1735"/>
    <tag k="local_y" v="67879.2995"/>
    <tag k="ele" v="12.5797"/>
  </node>
  <node id="7670" lat="25.01937222267" lon="121.5390165471">
    <tag k="local_x" v="52585.375"/>
    <tag k="local_y" v="67887.7944"/>
    <tag k="ele" v="12.3301"/>
  </node>
  <node id="7671" lat="25.01936980415" lon="121.53900345083">
    <tag k="local_x" v="52584.0505"/>
    <tag k="local_y" v="67887.5408"/>
    <tag k="ele" v="12.355"/>
  </node>
  <node id="7672" lat="25.01936611114" lon="121.53899085621">
    <tag k="local_x" v="52582.7751"/>
    <tag k="local_y" v="67887.1455"/>
    <tag k="ele" v="12.38"/>
  </node>
  <node id="7673" lat="25.01936119377" lon="121.53897890531">
    <tag k="local_x" v="52581.5632"/>
    <tag k="local_y" v="67886.6139"/>
    <tag k="ele" v="12.405"/>
  </node>
  <node id="7674" lat="25.01935509411" lon="121.53896774333">
    <tag k="local_x" v="52580.4295"/>
    <tag k="local_y" v="67885.9505"/>
    <tag k="ele" v="12.4299"/>
  </node>
  <node id="7675" lat="25.01934785073" lon="121.53895752834">
    <tag k="local_x" v="52579.39"/>
    <tag k="local_y" v="67885.1594"/>
    <tag k="ele" v="12.4549"/>
  </node>
  <node id="7676" lat="25.0193395051" lon="121.53894843724">
    <tag k="local_x" v="52578.4626"/>
    <tag k="local_y" v="67884.245"/>
    <tag k="ele" v="12.4799"/>
  </node>
  <node id="7677" lat="25.01933010788" lon="121.53894066266">
    <tag k="local_x" v="52577.6668"/>
    <tag k="local_y" v="67883.2127"/>
    <tag k="ele" v="12.5048"/>
  </node>
  <node id="7678" lat="25.01931973783" lon="121.53893441175">
    <tag k="local_x" v="52577.0236"/>
    <tag k="local_y" v="67882.071"/>
    <tag k="ele" v="12.5298"/>
  </node>
  <node id="7679" lat="25.01930850357" lon="121.53892989332">
    <tag k="local_x" v="52576.5542"/>
    <tag k="local_y" v="67880.8317"/>
    <tag k="ele" v="12.5548"/>
  </node>
  <node id="7680" lat="25.01929655141" lon="121.53892729588">
    <tag k="local_x" v="52576.2778"/>
    <tag k="local_y" v="67879.5108"/>
    <tag k="ele" v="12.5797"/>
  </node>
  <node id="7728" lat="25.01908811502" lon="121.54127298793">
    <tag k="local_x" v="52812.745"/>
    <tag k="local_y" v="67853.8746"/>
    <tag k="ele" v="12.7708"/>
  </node>
  <node id="7729" lat="25.01908078846" lon="121.54127507521">
    <tag k="local_x" v="52812.9469"/>
    <tag k="local_y" v="67853.0609"/>
    <tag k="ele" v="12.7761"/>
  </node>
  <node id="7730" lat="25.01907405256" lon="121.54127855768">
    <tag k="local_x" v="52813.2903"/>
    <tag k="local_y" v="67852.3111"/>
    <tag k="ele" v="12.7815"/>
  </node>
  <node id="7731" lat="25.01906784834" lon="121.54128340729">
    <tag k="local_x" v="52813.7723"/>
    <tag k="local_y" v="67851.6187"/>
    <tag k="ele" v="12.7868"/>
  </node>
  <node id="7732" lat="25.01906219605" lon="121.54128956931">
    <tag k="local_x" v="52814.3874"/>
    <tag k="local_y" v="67850.986"/>
    <tag k="ele" v="12.7921"/>
  </node>
  <node id="7733" lat="25.01905715603" lon="121.54129693699">
    <tag k="local_x" v="52815.1249"/>
    <tag k="local_y" v="67850.4198"/>
    <tag k="ele" v="12.7974"/>
  </node>
  <node id="7734" lat="25.01905279814" lon="121.54130535988">
    <tag k="local_x" v="52815.9697"/>
    <tag k="local_y" v="67849.928"/>
    <tag k="ele" v="12.8027"/>
  </node>
  <node id="7735" lat="25.01904918195" lon="121.54131465295">
    <tag k="local_x" v="52816.9032"/>
    <tag k="local_y" v="67849.5174"/>
    <tag k="ele" v="12.808"/>
  </node>
  <node id="7736" lat="25.01904635157" lon="121.5413246175">
    <tag k="local_x" v="52817.9054"/>
    <tag k="local_y" v="67849.1931"/>
    <tag k="ele" v="12.8134"/>
  </node>
  <node id="7737" lat="25.01904434018" lon="121.54133504703">
    <tag k="local_x" v="52818.9555"/>
    <tag k="local_y" v="67848.959"/>
    <tag k="ele" v="12.8187"/>
  </node>
  <node id="7738" lat="25.01904316468" lon="121.54134573027">
    <tag k="local_x" v="52820.0322"/>
    <tag k="local_y" v="67848.8172"/>
    <tag k="ele" v="12.824"/>
  </node>
  <node id="7739" lat="25.01908097372" lon="121.54124666107">
    <tag k="local_x" v="52810.0797"/>
    <tag k="local_y" v="67853.1123"/>
    <tag k="ele" v="12.7708"/>
  </node>
  <node id="7740" lat="25.01906943742" lon="121.54125073736">
    <tag k="local_x" v="52810.4773"/>
    <tag k="local_y" v="67851.8302"/>
    <tag k="ele" v="12.7761"/>
  </node>
  <node id="7741" lat="25.01905911193" lon="121.54125683868">
    <tag k="local_x" v="52811.0807"/>
    <tag k="local_y" v="67850.68"/>
    <tag k="ele" v="12.7815"/>
  </node>
  <node id="7742" lat="25.01905006616" lon="121.54126462431">
    <tag k="local_x" v="52811.8556"/>
    <tag k="local_y" v="67849.6697"/>
    <tag k="ele" v="12.7868"/>
  </node>
  <node id="7743" lat="25.01904228617" lon="121.54127377932">
    <tag k="local_x" v="52812.7702"/>
    <tag k="local_y" v="67848.7981"/>
    <tag k="ele" v="12.7921"/>
  </node>
  <node id="7744" lat="25.01903571792" lon="121.54128404074">
    <tag k="local_x" v="52813.7979"/>
    <tag k="local_y" v="67848.0595"/>
    <tag k="ele" v="12.7974"/>
  </node>
  <node id="7745" lat="25.01903030056" lon="121.54129518931">
    <tag k="local_x" v="52814.9165"/>
    <tag k="local_y" v="67847.4474"/>
    <tag k="ele" v="12.8027"/>
  </node>
  <node id="7746" lat="25.0190259817" lon="121.54130703836">
    <tag k="local_x" v="52816.1071"/>
    <tag k="local_y" v="67846.9562"/>
    <tag k="ele" v="12.808"/>
  </node>
  <node id="7747" lat="25.01902272266" lon="121.54131941792">
    <tag k="local_x" v="52817.3525"/>
    <tag k="local_y" v="67846.5818"/>
    <tag k="ele" v="12.8134"/>
  </node>
  <node id="7748" lat="25.01902050106" lon="121.54133216475">
    <tag k="local_x" v="52818.6362"/>
    <tag k="local_y" v="67846.3219"/>
    <tag k="ele" v="12.8187"/>
  </node>
  <node id="7749" lat="25.01901930361" lon="121.54134512044">
    <tag k="local_x" v="52819.9422"/>
    <tag k="local_y" v="67846.1752"/>
    <tag k="ele" v="12.824"/>
  </node>
  <node id="7778" lat="25.01906691542" lon="121.5413466912">
    <tag k="local_x" v="52820.1575"/>
    <tag k="local_y" v="67851.4466"/>
    <tag k="ele" v="12.8216"/>
  </node>
  <node id="7779" lat="25.01906822433" lon="121.54133580027">
    <tag k="local_x" v="52819.06"/>
    <tag k="local_y" v="67851.6034"/>
    <tag k="ele" v="12.8139"/>
  </node>
  <node id="7780" lat="25.01907050003" lon="121.54132571444">
    <tag k="local_x" v="52818.0449"/>
    <tag k="local_y" v="67851.8664"/>
    <tag k="ele" v="12.8062"/>
  </node>
  <node id="7781" lat="25.01907362003" lon="121.54131701584">
    <tag k="local_x" v="52817.1708"/>
    <tag k="local_y" v="67852.2214"/>
    <tag k="ele" v="12.7985"/>
  </node>
  <node id="7782" lat="25.01907734381" lon="121.54131013045">
    <tag k="local_x" v="52816.4804"/>
    <tag k="local_y" v="67852.6413"/>
    <tag k="ele" v="12.7908"/>
  </node>
  <node id="7783" lat="25.01908149037" lon="121.54130510598">
    <tag k="local_x" v="52815.9783"/>
    <tag k="local_y" v="67853.106"/>
    <tag k="ele" v="12.7831"/>
  </node>
  <node id="7784" lat="25.01908641999" lon="121.54130167062">
    <tag k="local_x" v="52815.6375"/>
    <tag k="local_y" v="67853.6557"/>
    <tag k="ele" v="12.7754"/>
  </node>
  <node id="7797" lat="25.01904220136" lon="121.54134730435">
    <tag k="local_x" v="52820.1899"/>
    <tag k="local_y" v="67848.7088"/>
    <tag k="ele" v="12.8118"/>
  </node>
  <node id="7798" lat="25.01904058831" lon="121.54133649354">
    <tag k="local_x" v="52819.097"/>
    <tag k="local_y" v="67848.5419"/>
    <tag k="ele" v="12.7944"/>
  </node>
  <node id="7799" lat="25.01903808309" lon="121.54132604307">
    <tag k="local_x" v="52818.0394"/>
    <tag k="local_y" v="67848.2758"/>
    <tag k="ele" v="12.7769"/>
  </node>
  <node id="7800" lat="25.01903473634" lon="121.54131614261">
    <tag k="local_x" v="52817.0363"/>
    <tag k="local_y" v="67847.9159"/>
    <tag k="ele" v="12.7594"/>
  </node>
  <node id="7801" lat="25.01903060852" lon="121.54130697377">
    <tag k="local_x" v="52816.1061"/>
    <tag k="local_y" v="67847.4687"/>
    <tag k="ele" v="12.7419"/>
  </node>
  <node id="7802" lat="25.01902577076" lon="121.5412987002">
    <tag k="local_x" v="52815.2654"/>
    <tag k="local_y" v="67846.9419"/>
    <tag k="ele" v="12.7245"/>
  </node>
  <node id="7803" lat="25.01902029847" lon="121.54129146074">
    <tag k="local_x" v="52814.5283"/>
    <tag k="local_y" v="67846.3437"/>
    <tag k="ele" v="12.707"/>
  </node>
  <node id="7804" lat="25.01901425497" lon="121.54128536065">
    <tag k="local_x" v="52813.9055"/>
    <tag k="local_y" v="67845.681"/>
    <tag k="ele" v="12.6895"/>
  </node>
  <node id="7805" lat="25.01900766803" lon="121.54128046801">
    <tag k="local_x" v="52813.4039"/>
    <tag k="local_y" v="67844.9568"/>
    <tag k="ele" v="12.672"/>
  </node>
  <node id="7806" lat="25.01900050568" lon="121.54127683766">
    <tag k="local_x" v="52813.029"/>
    <tag k="local_y" v="67844.1675"/>
    <tag k="ele" v="12.6546"/>
  </node>
  <node id="7807" lat="25.01899266942" lon="121.54127455404">
    <tag k="local_x" v="52812.7892"/>
    <tag k="local_y" v="67843.3021"/>
    <tag k="ele" v="12.6371"/>
  </node>
  <node id="7808" lat="25.01906575045" lon="121.54134308113">
    <tag k="local_x" v="52819.7918"/>
    <tag k="local_y" v="67851.3215"/>
    <tag k="ele" v="12.8118"/>
  </node>
  <node id="7809" lat="25.01906377634" lon="121.54132979726">
    <tag k="local_x" v="52818.4489"/>
    <tag k="local_y" v="67851.1173"/>
    <tag k="ele" v="12.7944"/>
  </node>
  <node id="7810" lat="25.01906066579" lon="121.5413168241">
    <tag k="local_x" v="52817.136"/>
    <tag k="local_y" v="67850.7869"/>
    <tag k="ele" v="12.7769"/>
  </node>
  <node id="7811" lat="25.01905641949" lon="121.54130432218">
    <tag k="local_x" v="52815.8693"/>
    <tag k="local_y" v="67850.3302"/>
    <tag k="ele" v="12.7594"/>
  </node>
  <node id="7812" lat="25.01905102917" lon="121.54129246302">
    <tag k="local_x" v="52814.6661"/>
    <tag k="local_y" v="67849.7461"/>
    <tag k="ele" v="12.7419"/>
  </node>
  <node id="7813" lat="25.01904447588" lon="121.54128143017">
    <tag k="local_x" v="52813.5449"/>
    <tag k="local_y" v="67849.0323"/>
    <tag k="ele" v="12.7245"/>
  </node>
  <node id="7814" lat="25.01903673821" lon="121.54127143495">
    <tag k="local_x" v="52812.527"/>
    <tag k="local_y" v="67848.1862"/>
    <tag k="ele" v="12.707"/>
  </node>
  <node id="7815" lat="25.01902780415" lon="121.54126272523">
    <tag k="local_x" v="52811.6374"/>
    <tag k="local_y" v="67847.2062"/>
    <tag k="ele" v="12.6895"/>
  </node>
  <node id="7816" lat="25.01901769723" lon="121.54125558316">
    <tag k="local_x" v="52810.9046"/>
    <tag k="local_y" v="67846.0946"/>
    <tag k="ele" v="12.672"/>
  </node>
  <node id="7817" lat="25.01900650341" lon="121.54125030301">
    <tag k="local_x" v="52810.3584"/>
    <tag k="local_y" v="67844.8606"/>
    <tag k="ele" v="12.6546"/>
  </node>
  <node id="7818" lat="25.01899437157" lon="121.54124715057">
    <tag k="local_x" v="52810.0258"/>
    <tag k="local_y" v="67843.5204"/>
    <tag k="ele" v="12.6371"/>
  </node>
  <node id="7842" lat="25.018989646" lon="121.54130165206">
    <tag k="local_x" v="52815.5202"/>
    <tag k="local_y" v="67842.9378"/>
    <tag k="ele" v="12.6458"/>
  </node>
  <node id="7843" lat="25.01899632515" lon="121.5413041634">
    <tag k="local_x" v="52815.7816"/>
    <tag k="local_y" v="67843.6748"/>
    <tag k="ele" v="12.672"/>
  </node>
  <node id="7844" lat="25.01900245754" lon="121.54130892468">
    <tag k="local_x" v="52816.2694"/>
    <tag k="local_y" v="67844.3488"/>
    <tag k="ele" v="12.6982"/>
  </node>
  <node id="7845" lat="25.01900790509" lon="121.5413158513">
    <tag k="local_x" v="52816.9749"/>
    <tag k="local_y" v="67844.9446"/>
    <tag k="ele" v="12.7245"/>
  </node>
  <node id="7846" lat="25.01901243697" lon="121.54132460611">
    <tag k="local_x" v="52817.8638"/>
    <tag k="local_y" v="67845.437"/>
    <tag k="ele" v="12.7507"/>
  </node>
  <node id="7847" lat="25.01901587503" lon="121.54133470269">
    <tag k="local_x" v="52818.8868"/>
    <tag k="local_y" v="67845.8068"/>
    <tag k="ele" v="12.7769"/>
  </node>
  <node id="7848" lat="25.01901811557" lon="121.54134560121">
    <tag k="local_x" v="52819.9893"/>
    <tag k="local_y" v="67846.0431"/>
    <tag k="ele" v="12.8031"/>
  </node>
  <node id="7866" lat="25.01908207088" lon="121.54320290161">
    <tag k="local_x" v="53007.4955"/>
    <tag k="local_y" v="67851.1091"/>
    <tag k="ele" v="12.9866"/>
  </node>
  <node id="7867" lat="25.01908290211" lon="121.54321465811">
    <tag k="local_x" v="53008.6829"/>
    <tag k="local_y" v="67851.1884"/>
    <tag k="ele" v="12.9709"/>
  </node>
  <node id="7868" lat="25.01908407804" lon="121.54322639271">
    <tag k="local_x" v="53009.8685"/>
    <tag k="local_y" v="67851.3059"/>
    <tag k="ele" v="12.9551"/>
  </node>
  <node id="7869" lat="25.01908563139" lon="121.54323794349">
    <tag k="local_x" v="53011.036"/>
    <tag k="local_y" v="67851.4654"/>
    <tag k="ele" v="12.9393"/>
  </node>
  <node id="7870" lat="25.01908758676" lon="121.54324914766">
    <tag k="local_x" v="53012.169"/>
    <tag k="local_y" v="67851.6698"/>
    <tag k="ele" v="12.9236"/>
  </node>
  <node id="7871" lat="25.01908996235" lon="121.54325983653">
    <tag k="local_x" v="53013.2505"/>
    <tag k="local_y" v="67851.9213"/>
    <tag k="ele" v="12.9078"/>
  </node>
  <node id="7872" lat="25.01909275741" lon="121.54326984167">
    <tag k="local_x" v="53014.2635"/>
    <tag k="local_y" v="67852.22"/>
    <tag k="ele" v="12.892"/>
  </node>
  <node id="7873" lat="25.01909595591" lon="121.54327899976">
    <tag k="local_x" v="53015.1915"/>
    <tag k="local_y" v="67852.5643"/>
    <tag k="ele" v="12.8762"/>
  </node>
  <node id="7874" lat="25.01909951755" lon="121.54328716263">
    <tag k="local_x" v="53016.0195"/>
    <tag k="local_y" v="67852.9499"/>
    <tag k="ele" v="12.8605"/>
  </node>
  <node id="7875" lat="25.01910338169" lon="121.543294221">
    <tag k="local_x" v="53016.7364"/>
    <tag k="local_y" v="67853.3702"/>
    <tag k="ele" v="12.8447"/>
  </node>
  <node id="7876" lat="25.01910748649" lon="121.54330013201">
    <tag k="local_x" v="53017.3378"/>
    <tag k="local_y" v="67853.8184"/>
    <tag k="ele" v="12.8289"/>
  </node>
  <node id="7877" lat="25.01911181438" lon="121.54330494343">
    <tag k="local_x" v="53017.8285"/>
    <tag k="local_y" v="67854.2925"/>
    <tag k="ele" v="12.8132"/>
  </node>
  <node id="7878" lat="25.01911645946" lon="121.54330876909">
    <tag k="local_x" v="53018.2201"/>
    <tag k="local_y" v="67854.8028"/>
    <tag k="ele" v="12.7974"/>
  </node>
  <node id="7879" lat="25.0191216656" lon="121.54331170917">
    <tag k="local_x" v="53018.523"/>
    <tag k="local_y" v="67855.3762"/>
    <tag k="ele" v="12.7816"/>
  </node>
  <node id="7880" lat="25.0191277765" lon="121.54331373088">
    <tag k="local_x" v="53018.7343"/>
    <tag k="local_y" v="67856.0508"/>
    <tag k="ele" v="12.7659"/>
  </node>
  <node id="7881" lat="25.01904244215" lon="121.54320616083">
    <tag k="local_x" v="53007.7772"/>
    <tag k="local_y" v="67846.7166"/>
    <tag k="ele" v="12.9866"/>
  </node>
  <node id="7882" lat="25.01904331256" lon="121.54321933588">
    <tag k="local_x" v="53009.1078"/>
    <tag k="local_y" v="67846.7987"/>
    <tag k="ele" v="12.9709"/>
  </node>
  <node id="7883" lat="25.01904459839" lon="121.54323270322">
    <tag k="local_x" v="53010.4583"/>
    <tag k="local_y" v="67846.9266"/>
    <tag k="ele" v="12.9551"/>
  </node>
  <node id="7884" lat="25.0190463626" lon="121.54324614518">
    <tag k="local_x" v="53011.8169"/>
    <tag k="local_y" v="67847.1074"/>
    <tag k="ele" v="12.9393"/>
  </node>
  <node id="7885" lat="25.01904867268" lon="121.543259547">
    <tag k="local_x" v="53013.1721"/>
    <tag k="local_y" v="67847.3487"/>
    <tag k="ele" v="12.9236"/>
  </node>
  <node id="7886" lat="25.0190516097" lon="121.54327279774">
    <tag k="local_x" v="53014.5128"/>
    <tag k="local_y" v="67847.6596"/>
    <tag k="ele" v="12.9078"/>
  </node>
  <node id="7887" lat="25.0190552665" lon="121.5432857873">
    <tag k="local_x" v="53015.828"/>
    <tag k="local_y" v="67848.0505"/>
    <tag k="ele" v="12.892"/>
  </node>
  <node id="7888" lat="25.01905975662" lon="121.54329840038">
    <tag k="local_x" v="53017.1062"/>
    <tag k="local_y" v="67848.5341"/>
    <tag k="ele" v="12.8762"/>
  </node>
  <node id="7889" lat="25.0190652133" lon="121.54331050559">
    <tag k="local_x" v="53018.3343"/>
    <tag k="local_y" v="67849.1253"/>
    <tag k="ele" v="12.8605"/>
  </node>
  <node id="7890" lat="25.0190717938" lon="121.54332193461">
    <tag k="local_x" v="53019.4955"/>
    <tag k="local_y" v="67849.8417"/>
    <tag k="ele" v="12.8447"/>
  </node>
  <node id="7891" lat="25.01907965472" lon="121.54333245074">
    <tag k="local_x" v="53020.5661"/>
    <tag k="local_y" v="67850.7009"/>
    <tag k="ele" v="12.8289"/>
  </node>
  <node id="7892" lat="25.01908890935" lon="121.5433417276">
    <tag k="local_x" v="53021.5133"/>
    <tag k="local_y" v="67851.7158"/>
    <tag k="ele" v="12.8132"/>
  </node>
  <node id="7893" lat="25.01909955833" lon="121.54334937181">
    <tag k="local_x" v="53022.2974"/>
    <tag k="local_y" v="67852.8869"/>
    <tag k="ele" v="12.7974"/>
  </node>
  <node id="7894" lat="25.01911145261" lon="121.54335500657">
    <tag k="local_x" v="53022.8802"/>
    <tag k="local_y" v="67854.1981"/>
    <tag k="ele" v="12.7816"/>
  </node>
  <node id="7895" lat="25.01912434414" lon="121.54335838213">
    <tag k="local_x" v="53023.2362"/>
    <tag k="local_y" v="67855.6222"/>
    <tag k="ele" v="12.7659"/>
  </node>
  <node id="7916" lat="25.01912319949" lon="121.54331307441">
    <tag k="local_x" v="53018.6626"/>
    <tag k="local_y" v="67855.5446"/>
    <tag k="ele" v="12.7629"/>
  </node>
  <node id="7917" lat="25.01911060127" lon="121.54330950117">
    <tag k="local_x" v="53018.287"/>
    <tag k="local_y" v="67854.1532"/>
    <tag k="ele" v="12.7828"/>
  </node>
  <node id="7918" lat="25.01909895075" lon="121.54330404785">
    <tag k="local_x" v="53017.7228"/>
    <tag k="local_y" v="67852.8688"/>
    <tag k="ele" v="12.8028"/>
  </node>
  <node id="7919" lat="25.019088356" lon="121.54329696189">
    <tag k="local_x" v="53016.9951"/>
    <tag k="local_y" v="67851.7031"/>
    <tag k="ele" v="12.8227"/>
  </node>
  <node id="7920" lat="25.01907886368" lon="121.54328849148">
    <tag k="local_x" v="53016.129"/>
    <tag k="local_y" v="67850.661"/>
    <tag k="ele" v="12.8427"/>
  </node>
  <node id="7921" lat="25.0190704805" lon="121.54327885949">
    <tag k="local_x" v="53015.147"/>
    <tag k="local_y" v="67849.743"/>
    <tag k="ele" v="12.8627"/>
  </node>
  <node id="7922" lat="25.01906319296" lon="121.54326825435">
    <tag k="local_x" v="53014.0681"/>
    <tag k="local_y" v="67848.9474"/>
    <tag k="ele" v="12.8826"/>
  </node>
  <node id="7923" lat="25.01905698095" lon="121.54325683684">
    <tag k="local_x" v="53012.9085"/>
    <tag k="local_y" v="67848.2718"/>
    <tag k="ele" v="12.9026"/>
  </node>
  <node id="7924" lat="25.0190518305" lon="121.54324474585">
    <tag k="local_x" v="53011.6822"/>
    <tag k="local_y" v="67847.7145"/>
    <tag k="ele" v="12.9226"/>
  </node>
  <node id="7925" lat="25.01904773649" lon="121.54323210531">
    <tag k="local_x" v="53010.4017"/>
    <tag k="local_y" v="67847.2748"/>
    <tag k="ele" v="12.9425"/>
  </node>
  <node id="7926" lat="25.01904470458" lon="121.54321903109">
    <tag k="local_x" v="53009.0787"/>
    <tag k="local_y" v="67846.9532"/>
    <tag k="ele" v="12.9625"/>
  </node>
  <node id="7927" lat="25.01904275031" lon="121.54320563497">
    <tag k="local_x" v="53007.7245"/>
    <tag k="local_y" v="67846.7513"/>
    <tag k="ele" v="12.9824"/>
  </node>
  <node id="7928" lat="25.01913255314" lon="121.54326952554">
    <tag k="local_x" v="53014.279"/>
    <tag k="local_y" v="67856.6278"/>
    <tag k="ele" v="12.7629"/>
  </node>
  <node id="7929" lat="25.01912578703" lon="121.54326808829">
    <tag k="local_x" v="53014.1259"/>
    <tag k="local_y" v="67855.88"/>
    <tag k="ele" v="12.7828"/>
  </node>
  <node id="7930" lat="25.01911940499" lon="121.54326557828">
    <tag k="local_x" v="53013.865"/>
    <tag k="local_y" v="67855.1759"/>
    <tag k="ele" v="12.8028"/>
  </node>
  <node id="7931" lat="25.01911335563" lon="121.54326200504">
    <tag k="local_x" v="53013.4972"/>
    <tag k="local_y" v="67854.5098"/>
    <tag k="ele" v="12.8227"/>
  </node>
  <node id="7932" lat="25.01910764631" lon="121.54325738037">
    <tag k="local_x" v="53013.0237"/>
    <tag k="local_y" v="67853.8825"/>
    <tag k="ele" v="12.8427"/>
  </node>
  <node id="7933" lat="25.01910232523" lon="121.54325174136">
    <tag k="local_x" v="53012.4483"/>
    <tag k="local_y" v="67853.2993"/>
    <tag k="ele" v="12.8627"/>
  </node>
  <node id="7934" lat="25.01909746263" lon="121.54324516051">
    <tag k="local_x" v="53011.7784"/>
    <tag k="local_y" v="67852.7679"/>
    <tag k="ele" v="12.8826"/>
  </node>
  <node id="7935" lat="25.0190931317" lon="121.54323773506">
    <tag k="local_x" v="53011.0239"/>
    <tag k="local_y" v="67852.2963"/>
    <tag k="ele" v="12.9026"/>
  </node>
  <node id="7936" lat="25.01908940317" lon="121.54322958803">
    <tag k="local_x" v="53010.1973"/>
    <tag k="local_y" v="67851.8922"/>
    <tag k="ele" v="12.9226"/>
  </node>
  <node id="7937" lat="25.01908633702" lon="121.5432208525">
    <tag k="local_x" v="53009.3121"/>
    <tag k="local_y" v="67851.5621"/>
    <tag k="ele" v="12.9425"/>
  </node>
  <node id="7938" lat="25.01908398345" lon="121.54321167354">
    <tag k="local_x" v="53008.383"/>
    <tag k="local_y" v="67851.3114"/>
    <tag k="ele" v="12.9625"/>
  </node>
  <node id="7939" lat="25.01908238092" lon="121.54320219835">
    <tag k="local_x" v="53007.4249"/>
    <tag k="local_y" v="67851.1442"/>
    <tag k="ele" v="12.9824"/>
  </node>
  <node id="7957" lat="25.01987073602" lon="121.54332153003">
    <tag k="local_x" v="53020.4063"/>
    <tag k="local_y" v="67938.3266"/>
    <tag k="ele" v="12.746"/>
  </node>
  <node id="7958" lat="25.01985819521" lon="121.54331681255">
    <tag k="local_x" v="53019.9153"/>
    <tag k="local_y" v="67936.9428"/>
    <tag k="ele" v="12.7491"/>
  </node>
  <node id="7959" lat="25.01984697086" lon="121.54331016108">
    <tag k="local_x" v="53019.2307"/>
    <tag k="local_y" v="67935.7069"/>
    <tag k="ele" v="12.7523"/>
  </node>
  <node id="7960" lat="25.01983713048" lon="121.54330192165">
    <tag k="local_x" v="53018.3875"/>
    <tag k="local_y" v="67934.626"/>
    <tag k="ele" v="12.7554"/>
  </node>
  <node id="7961" lat="25.01982865639" lon="121.54329241058">
    <tag k="local_x" v="53017.4176"/>
    <tag k="local_y" v="67933.6978"/>
    <tag k="ele" v="12.7585"/>
  </node>
  <node id="7962" lat="25.01982147982" lon="121.54328188929">
    <tag k="local_x" v="53016.3473"/>
    <tag k="local_y" v="67932.9144"/>
    <tag k="ele" v="12.7616"/>
  </node>
  <node id="7963" lat="25.01981552063" lon="121.54327056386">
    <tag k="local_x" v="53015.1973"/>
    <tag k="local_y" v="67932.2667"/>
    <tag k="ele" v="12.7648"/>
  </node>
  <node id="7964" lat="25.0198107037" lon="121.54325860065">
    <tag k="local_x" v="53013.9843"/>
    <tag k="local_y" v="67931.7462"/>
    <tag k="ele" v="12.7679"/>
  </node>
  <node id="7965" lat="25.01980697357" lon="121.54324614401">
    <tag k="local_x" v="53012.7228"/>
    <tag k="local_y" v="67931.3466"/>
    <tag k="ele" v="12.771"/>
  </node>
  <node id="7966" lat="25.01980428818" lon="121.54323332624">
    <tag k="local_x" v="53011.4261"/>
    <tag k="local_y" v="67931.0631"/>
    <tag k="ele" v="12.7741"/>
  </node>
  <node id="7967" lat="25.01980262442" lon="121.54322027641">
    <tag k="local_x" v="53010.1072"/>
    <tag k="local_y" v="67930.893"/>
    <tag k="ele" v="12.7773"/>
  </node>
  <node id="7968" lat="25.01980196824" lon="121.5432071265">
    <tag k="local_x" v="53008.7794"/>
    <tag k="local_y" v="67930.8346"/>
    <tag k="ele" v="12.7804"/>
  </node>
  <node id="7969" lat="25.019881011" lon="121.54327921662">
    <tag k="local_x" v="53016.1485"/>
    <tag k="local_y" v="67939.5105"/>
    <tag k="ele" v="12.746"/>
  </node>
  <node id="7970" lat="25.01987409595" lon="121.54327824389">
    <tag k="local_x" v="53016.0421"/>
    <tag k="local_y" v="67938.7457"/>
    <tag k="ele" v="12.7491"/>
  </node>
  <node id="7971" lat="25.01986745944" lon="121.54327602622">
    <tag k="local_x" v="53015.8104"/>
    <tag k="local_y" v="67938.0131"/>
    <tag k="ele" v="12.7523"/>
  </node>
  <node id="7972" lat="25.01986105592" lon="121.54327252254">
    <tag k="local_x" v="53015.4492"/>
    <tag k="local_y" v="67937.3077"/>
    <tag k="ele" v="12.7554"/>
  </node>
  <node id="7973" lat="25.01985492769" lon="121.54326771847">
    <tag k="local_x" v="53014.9571"/>
    <tag k="local_y" v="67936.6342"/>
    <tag k="ele" v="12.7585"/>
  </node>
  <node id="7974" lat="25.01984916456" lon="121.54326165756">
    <tag k="local_x" v="53014.3386"/>
    <tag k="local_y" v="67936.0025"/>
    <tag k="ele" v="12.7616"/>
  </node>
  <node id="7975" lat="25.01984387042" lon="121.54325443666">
    <tag k="local_x" v="53013.6036"/>
    <tag k="local_y" v="67935.424"/>
    <tag k="ele" v="12.7648"/>
  </node>
  <node id="7976" lat="25.01983914229" lon="121.54324619139">
    <tag k="local_x" v="53012.7659"/>
    <tag k="local_y" v="67934.9093"/>
    <tag k="ele" v="12.7679"/>
  </node>
  <node id="7977" lat="25.01983506123" lon="121.54323708331">
    <tag k="local_x" v="53011.8419"/>
    <tag k="local_y" v="67934.4672"/>
    <tag k="ele" v="12.771"/>
  </node>
  <node id="7978" lat="25.01983168849" lon="121.54322728212">
    <tag k="local_x" v="53010.8488"/>
    <tag k="local_y" v="67934.1043"/>
    <tag k="ele" v="12.7741"/>
  </node>
  <node id="7979" lat="25.0198290718" lon="121.5432169597">
    <tag k="local_x" v="53009.804"/>
    <tag k="local_y" v="67933.8257"/>
    <tag k="ele" v="12.7773"/>
  </node>
  <node id="7980" lat="25.01982724809" lon="121.543206292">
    <tag k="local_x" v="53008.7253"/>
    <tag k="local_y" v="67933.6353"/>
    <tag k="ele" v="12.7804"/>
  </node>
  <node id="7998" lat="25.01972048074" lon="121.54331786726">
    <tag k="local_x" v="53019.8577"/>
    <tag k="local_y" v="67921.6895"/>
    <tag k="ele" v="12.8011"/>
  </node>
  <node id="8006" lat="25.0197648048" lon="121.54323345142">
    <tag k="local_x" v="53011.3917"/>
    <tag k="local_y" v="67926.6901"/>
    <tag k="ele" v="12.7814"/>
  </node>
  <node id="8007" lat="25.01976345172" lon="121.54324749607">
    <tag k="local_x" v="53012.8074"/>
    <tag k="local_y" v="67926.525"/>
    <tag k="ele" v="12.7847"/>
  </node>
  <node id="8008" lat="25.01976058447" lon="121.54326145059">
    <tag k="local_x" v="53014.2122"/>
    <tag k="local_y" v="67926.1923"/>
    <tag k="ele" v="12.7879"/>
  </node>
  <node id="8009" lat="25.01975600441" lon="121.54327503985">
    <tag k="local_x" v="53015.5781"/>
    <tag k="local_y" v="67925.6703"/>
    <tag k="ele" v="12.7912"/>
  </node>
  <node id="8010" lat="25.01974941557" lon="121.54328791359">
    <tag k="local_x" v="53016.8694"/>
    <tag k="local_y" v="67924.9266"/>
    <tag k="ele" v="12.7945"/>
  </node>
  <node id="8011" lat="25.0197404676" lon="121.54329951803">
    <tag k="local_x" v="53018.0298"/>
    <tag k="local_y" v="67923.923"/>
    <tag k="ele" v="12.7978"/>
  </node>
  <node id="8012" lat="25.01972895516" lon="121.54330898358">
    <tag k="local_x" v="53018.9713"/>
    <tag k="local_y" v="67922.6377"/>
    <tag k="ele" v="12.801"/>
  </node>
  <node id="8013" lat="25.01971513795" lon="121.54331526371">
    <tag k="local_x" v="53019.5886"/>
    <tag k="local_y" v="67921.1006"/>
    <tag k="ele" v="12.8043"/>
  </node>
  <node id="8014" lat="25.01973833263" lon="121.54322843365">
    <tag k="local_x" v="53010.8538"/>
    <tag k="local_y" v="67923.7637"/>
    <tag k="ele" v="12.7814"/>
  </node>
  <node id="8015" lat="25.01973586669" lon="121.54323865354">
    <tag k="local_x" v="53011.8822"/>
    <tag k="local_y" v="67923.4795"/>
    <tag k="ele" v="12.7847"/>
  </node>
  <node id="8016" lat="25.01973253002" lon="121.54324801169">
    <tag k="local_x" v="53012.8226"/>
    <tag k="local_y" v="67923.0998"/>
    <tag k="ele" v="12.7879"/>
  </node>
  <node id="8017" lat="25.01972849896" lon="121.54325607496">
    <tag k="local_x" v="53013.6315"/>
    <tag k="local_y" v="67922.6446"/>
    <tag k="ele" v="12.7912"/>
  </node>
  <node id="8018" lat="25.0197240481" lon="121.54326248534">
    <tag k="local_x" v="53014.2731"/>
    <tag k="local_y" v="67922.1447"/>
    <tag k="ele" v="12.7945"/>
  </node>
  <node id="8019" lat="25.01971950728" lon="121.54326708832">
    <tag k="local_x" v="53014.7322"/>
    <tag k="local_y" v="67921.6368"/>
    <tag k="ele" v="12.7978"/>
  </node>
  <node id="8020" lat="25.01971505962" lon="121.54327004823">
    <tag k="local_x" v="53015.0256"/>
    <tag k="local_y" v="67921.141"/>
    <tag k="ele" v="12.801"/>
  </node>
  <node id="8021" lat="25.01971042487" lon="121.54327169933">
    <tag k="local_x" v="53015.1867"/>
    <tag k="local_y" v="67920.6259"/>
    <tag k="ele" v="12.8043"/>
  </node>
  <node id="8035" lat="25.01976548938" lon="121.54322849361">
    <tag k="local_x" v="53010.8922"/>
    <tag k="local_y" v="67926.7713"/>
    <tag k="ele" v="12.7766"/>
  </node>
  <node id="8036" lat="25.01976709605" lon="121.54323829879">
    <tag k="local_x" v="53011.8836"/>
    <tag k="local_y" v="67926.9386"/>
    <tag k="ele" v="12.7752"/>
  </node>
  <node id="8037" lat="25.01976954385" lon="121.54324760253">
    <tag k="local_x" v="53012.8254"/>
    <tag k="local_y" v="67927.1996"/>
    <tag k="ele" v="12.7737"/>
  </node>
  <node id="8038" lat="25.01977277871" lon="121.54325641737">
    <tag k="local_x" v="53013.7188"/>
    <tag k="local_y" v="67927.5483"/>
    <tag k="ele" v="12.7722"/>
  </node>
  <node id="8039" lat="25.01977675738" lon="121.54326475175">
    <tag k="local_x" v="53014.5646"/>
    <tag k="local_y" v="67927.9799"/>
    <tag k="ele" v="12.7707"/>
  </node>
  <node id="8040" lat="25.01978143654" lon="121.54327260717">
    <tag k="local_x" v="53015.3629"/>
    <tag k="local_y" v="67928.4896"/>
    <tag k="ele" v="12.7693"/>
  </node>
  <node id="8041" lat="25.01978677821" lon="121.54327997911">
    <tag k="local_x" v="53016.1132"/>
    <tag k="local_y" v="67929.0732"/>
    <tag k="ele" v="12.7678"/>
  </node>
  <node id="8042" lat="25.01979274165" lon="121.54328685519">
    <tag k="local_x" v="53016.8142"/>
    <tag k="local_y" v="67929.7262"/>
    <tag k="ele" v="12.7663"/>
  </node>
  <node id="8043" lat="25.01979928428" lon="121.54329322103">
    <tag k="local_x" v="53017.4644"/>
    <tag k="local_y" v="67930.4439"/>
    <tag k="ele" v="12.7648"/>
  </node>
  <node id="8044" lat="25.01980636163" lon="121.54329905438">
    <tag k="local_x" v="53018.0615"/>
    <tag k="local_y" v="67931.2214"/>
    <tag k="ele" v="12.7634"/>
  </node>
  <node id="8045" lat="25.01981392566" lon="121.54330433498">
    <tag k="local_x" v="53018.6034"/>
    <tag k="local_y" v="67932.0534"/>
    <tag k="ele" v="12.7619"/>
  </node>
  <node id="8046" lat="25.01982192647" lon="121.54330903965">
    <tag k="local_x" v="53019.0877"/>
    <tag k="local_y" v="67932.9344"/>
    <tag k="ele" v="12.7604"/>
  </node>
  <node id="8047" lat="25.01983030968" lon="121.54331314623">
    <tag k="local_x" v="53019.5121"/>
    <tag k="local_y" v="67933.8584"/>
    <tag k="ele" v="12.7589"/>
  </node>
  <node id="8048" lat="25.01983902268" lon="121.54331663157">
    <tag k="local_x" v="53019.8742"/>
    <tag k="local_y" v="67934.8196"/>
    <tag k="ele" v="12.7575"/>
  </node>
  <node id="8049" lat="25.01984800751" lon="121.54331947653">
    <tag k="local_x" v="53020.172"/>
    <tag k="local_y" v="67935.8116"/>
    <tag k="ele" v="12.756"/>
  </node>
  <node id="8050" lat="25.01985720618" lon="121.54332166198">
    <tag k="local_x" v="53020.4035"/>
    <tag k="local_y" v="67936.828"/>
    <tag k="ele" v="12.7545"/>
  </node>
  <node id="8051" lat="25.01986656166" lon="121.54332317074">
    <tag k="local_x" v="53020.5669"/>
    <tag k="local_y" v="67937.8625"/>
    <tag k="ele" v="12.753"/>
  </node>
  <node id="8052" lat="25.0198760151" lon="121.54332398866">
    <tag k="local_x" v="53020.6607"/>
    <tag k="local_y" v="67938.9086"/>
    <tag k="ele" v="12.7516"/>
  </node>
  <node id="8053" lat="25.01973990858" lon="121.5432324323">
    <tag k="local_x" v="53011.2592"/>
    <tag k="local_y" v="67923.9339"/>
    <tag k="ele" v="12.7766"/>
  </node>
  <node id="8054" lat="25.01974119942" lon="121.54324529626">
    <tag k="local_x" v="53012.5589"/>
    <tag k="local_y" v="67924.0629"/>
    <tag k="ele" v="12.7752"/>
  </node>
  <node id="8055" lat="25.01974363103" lon="121.54325774047">
    <tag k="local_x" v="53013.8176"/>
    <tag k="local_y" v="67924.3187"/>
    <tag k="ele" v="12.7737"/>
  </node>
  <node id="8056" lat="25.01974714691" lon="121.54326970912">
    <tag k="local_x" v="53015.0296"/>
    <tag k="local_y" v="67924.6951"/>
    <tag k="ele" v="12.7722"/>
  </node>
  <node id="8057" lat="25.01975168334" lon="121.54328115142">
    <tag k="local_x" v="53016.1897"/>
    <tag k="local_y" v="67925.1851"/>
    <tag k="ele" v="12.7707"/>
  </node>
  <node id="8058" lat="25.01975717217" lon="121.54329202261">
    <tag k="local_x" v="53017.2933"/>
    <tag k="local_y" v="67925.7812"/>
    <tag k="ele" v="12.7693"/>
  </node>
  <node id="8059" lat="25.01976354531" lon="121.54330228483">
    <tag k="local_x" v="53018.3365"/>
    <tag k="local_y" v="67926.4759"/>
    <tag k="ele" v="12.7678"/>
  </node>
  <node id="8060" lat="25.01977073292" lon="121.54331190621">
    <tag k="local_x" v="53019.316"/>
    <tag k="local_y" v="67927.2615"/>
    <tag k="ele" v="12.7663"/>
  </node>
  <node id="8061" lat="25.01977866886" lon="121.54332086277">
    <tag k="local_x" v="53020.2293"/>
    <tag k="local_y" v="67928.1307"/>
    <tag k="ele" v="12.7648"/>
  </node>
  <node id="8062" lat="25.01978728876" lon="121.54332912948">
    <tag k="local_x" v="53021.0738"/>
    <tag k="local_y" v="67929.0764"/>
    <tag k="ele" v="12.7634"/>
  </node>
  <node id="8063" lat="25.01979653195" lon="121.54333668627">
    <tag k="local_x" v="53021.8474"/>
    <tag k="local_y" v="67930.0919"/>
    <tag k="ele" v="12.7619"/>
  </node>
  <node id="8064" lat="25.01980633864" lon="121.54334351401">
    <tag k="local_x" v="53022.5481"/>
    <tag k="local_y" v="67931.1706"/>
    <tag k="ele" v="12.7604"/>
  </node>
  <node id="8065" lat="25.01981665443" lon="121.54334959056">
    <tag k="local_x" v="53023.1736"/>
    <tag k="local_y" v="67932.3065"/>
    <tag k="ele" v="12.7589"/>
  </node>
  <node id="8066" lat="25.01982742317" lon="121.54335489776">
    <tag k="local_x" v="53023.722"/>
    <tag k="local_y" v="67933.4934"/>
    <tag k="ele" v="12.7575"/>
  </node>
  <node id="8067" lat="25.01983859406" lon="121.54335941142">
    <tag k="local_x" v="53024.1908"/>
    <tag k="local_y" v="67934.7257"/>
    <tag k="ele" v="12.756"/>
  </node>
  <node id="8068" lat="25.01985011541" lon="121.54336310838">
    <tag k="local_x" v="53024.5776"/>
    <tag k="local_y" v="67935.9977"/>
    <tag k="ele" v="12.7545"/>
  </node>
  <node id="8069" lat="25.0198619364" lon="121.54336596347">
    <tag k="local_x" v="53024.8798"/>
    <tag k="local_y" v="67937.3038"/>
    <tag k="ele" v="12.753"/>
  </node>
  <node id="8070" lat="25.01987400618" lon="121.54336794657">
    <tag k="local_x" v="53025.0943"/>
    <tag k="local_y" v="67938.6384"/>
    <tag k="ele" v="12.7516"/>
  </node>
  <node id="8094" lat="25.01970916947" lon="121.5433180087">
    <tag k="local_x" v="53019.8585"/>
    <tag k="local_y" v="67920.4366"/>
    <tag k="ele" v="12.8063"/>
  </node>
  <node id="8095" lat="25.01971735353" lon="121.54331727294">
    <tag k="local_x" v="53019.794"/>
    <tag k="local_y" v="67921.3438"/>
    <tag k="ele" v="12.8051"/>
  </node>
  <node id="8096" lat="25.01972526619" lon="121.54331565351">
    <tag k="local_x" v="53019.64"/>
    <tag k="local_y" v="67922.2219"/>
    <tag k="ele" v="12.8038"/>
  </node>
  <node id="8097" lat="25.0197329239" lon="121.54331317298">
    <tag k="local_x" v="53019.3988"/>
    <tag k="local_y" v="67923.0727"/>
    <tag k="ele" v="12.8025"/>
  </node>
  <node id="8098" lat="25.01974032866" lon="121.54330984819">
    <tag k="local_x" v="53019.0721"/>
    <tag k="local_y" v="67923.8964"/>
    <tag k="ele" v="12.8013"/>
  </node>
  <node id="8099" lat="25.01974746889" lon="121.54330569711">
    <tag k="local_x" v="53018.6617"/>
    <tag k="local_y" v="67924.6917"/>
    <tag k="ele" v="12.8"/>
  </node>
  <node id="8100" lat="25.01975432313" lon="121.54330074179">
    <tag k="local_x" v="53018.1698"/>
    <tag k="local_y" v="67925.4562"/>
    <tag k="ele" v="12.7987"/>
  </node>
  <node id="8101" lat="25.01976086099" lon="121.54329501133">
    <tag k="local_x" v="53017.5993"/>
    <tag k="local_y" v="67926.1865"/>
    <tag k="ele" v="12.7975"/>
  </node>
  <node id="8102" lat="25.01976704852" lon="121.54328854478">
    <tag k="local_x" v="53016.9541"/>
    <tag k="local_y" v="67926.8788"/>
    <tag k="ele" v="12.7962"/>
  </node>
  <node id="8103" lat="25.01977285002" lon="121.54328138417">
    <tag k="local_x" v="53016.2384"/>
    <tag k="local_y" v="67927.5291"/>
    <tag k="ele" v="12.7949"/>
  </node>
  <node id="8104" lat="25.01977822807" lon="121.54327357949">
    <tag k="local_x" v="53015.4572"/>
    <tag k="local_y" v="67928.1332"/>
    <tag k="ele" v="12.7936"/>
  </node>
  <node id="8105" lat="25.01978314799" lon="121.54326518764">
    <tag k="local_x" v="53014.6162"/>
    <tag k="local_y" v="67928.6872"/>
    <tag k="ele" v="12.7924"/>
  </node>
  <node id="8106" lat="25.01978757874" lon="121.54325626349">
    <tag k="local_x" v="53013.7209"/>
    <tag k="local_y" v="67929.1876"/>
    <tag k="ele" v="12.7911"/>
  </node>
  <node id="8107" lat="25.01979148752" lon="121.54324687083">
    <tag k="local_x" v="53012.7777"/>
    <tag k="local_y" v="67929.6307"/>
    <tag k="ele" v="12.7898"/>
  </node>
  <node id="8108" lat="25.01979484782" lon="121.54323706846">
    <tag k="local_x" v="53011.7925"/>
    <tag k="local_y" v="67930.0135"/>
    <tag k="ele" v="12.7886"/>
  </node>
  <node id="8109" lat="25.01979763228" lon="121.54322691912">
    <tag k="local_x" v="53010.7716"/>
    <tag k="local_y" v="67930.3329"/>
    <tag k="ele" v="12.7873"/>
  </node>
  <node id="8110" lat="25.01979981803" lon="121.54321648651">
    <tag k="local_x" v="53009.7214"/>
    <tag k="local_y" v="67930.5863"/>
    <tag k="ele" v="12.786"/>
  </node>
  <node id="8111" lat="25.01980138129" lon="121.54320583035">
    <tag k="local_x" v="53008.6479"/>
    <tag k="local_y" v="67930.771"/>
    <tag k="ele" v="12.7848"/>
  </node>
  <node id="8112" lat="25.0197150889" lon="121.54336139633">
    <tag k="local_x" v="53024.244"/>
    <tag k="local_y" v="67921.0451"/>
    <tag k="ele" v="12.8063"/>
  </node>
  <node id="8113" lat="25.01972710129" lon="121.54335881288">
    <tag k="local_x" v="53023.9976"/>
    <tag k="local_y" v="67922.3783"/>
    <tag k="ele" v="12.8051"/>
  </node>
  <node id="8114" lat="25.01973852523" lon="121.54335496599">
    <tag k="local_x" v="53023.623"/>
    <tag k="local_y" v="67923.6477"/>
    <tag k="ele" v="12.8038"/>
  </node>
  <node id="8115" lat="25.01974930934" lon="121.54334995538">
    <tag k="local_x" v="53023.1302"/>
    <tag k="local_y" v="67924.8475"/>
    <tag k="ele" v="12.8025"/>
  </node>
  <node id="8116" lat="25.0197594185" lon="121.54334388251">
    <tag k="local_x" v="53022.5294"/>
    <tag k="local_y" v="67925.9737"/>
    <tag k="ele" v="12.8013"/>
  </node>
  <node id="8117" lat="25.01976883114" lon="121.5433368517">
    <tag k="local_x" v="53021.8311"/>
    <tag k="local_y" v="67927.0238"/>
    <tag k="ele" v="12.8"/>
  </node>
  <node id="8118" lat="25.01977753287" lon="121.54332895924">
    <tag k="local_x" v="53021.045"/>
    <tag k="local_y" v="67927.9961"/>
    <tag k="ele" v="12.7987"/>
  </node>
  <node id="8119" lat="25.01978552187" lon="121.54332029632">
    <tag k="local_x" v="53020.1803"/>
    <tag k="local_y" v="67928.8903"/>
    <tag k="ele" v="12.7975"/>
  </node>
  <node id="8120" lat="25.01979279806" lon="121.54331094617">
    <tag k="local_x" v="53019.2454"/>
    <tag k="local_y" v="67929.7063"/>
    <tag k="ele" v="12.7962"/>
  </node>
  <node id="8121" lat="25.01979936398" lon="121.54330098606">
    <tag k="local_x" v="53018.2481"/>
    <tag k="local_y" v="67930.4443"/>
    <tag k="ele" v="12.7949"/>
  </node>
  <node id="8122" lat="25.01980522124" lon="121.54329048533">
    <tag k="local_x" v="53017.1954"/>
    <tag k="local_y" v="67931.1044"/>
    <tag k="ele" v="12.7936"/>
  </node>
  <node id="8123" lat="25.01981037138" lon="121.54327951037">
    <tag k="local_x" v="53016.094"/>
    <tag k="local_y" v="67931.6867"/>
    <tag k="ele" v="12.7924"/>
  </node>
  <node id="8124" lat="25.0198148141" lon="121.5432681226">
    <tag k="local_x" v="53014.9501"/>
    <tag k="local_y" v="67932.1911"/>
    <tag k="ele" v="12.7911"/>
  </node>
  <node id="8125" lat="25.01981854458" lon="121.54325638254">
    <tag k="local_x" v="53013.7698"/>
    <tag k="local_y" v="67932.617"/>
    <tag k="ele" v="12.7898"/>
  </node>
  <node id="8126" lat="25.01982155796" lon="121.54324434871">
    <tag k="local_x" v="53012.559"/>
    <tag k="local_y" v="67932.9638"/>
    <tag k="ele" v="12.7886"/>
  </node>
  <node id="8127" lat="25.01982384581" lon="121.54323207967">
    <tag k="local_x" v="53011.3236"/>
    <tag k="local_y" v="67933.2305"/>
    <tag k="ele" v="12.7873"/>
  </node>
  <node id="8128" lat="25.01982540054" lon="121.54321963299">
    <tag k="local_x" v="53010.0694"/>
    <tag k="local_y" v="67933.4162"/>
    <tag k="ele" v="12.786"/>
  </node>
  <node id="8129" lat="25.01982620832" lon="121.54320706828">
    <tag k="local_x" v="53008.8024"/>
    <tag k="local_y" v="67933.5193"/>
    <tag k="ele" v="12.7848"/>
  </node>
  <node id="8163" lat="25.01907819662" lon="121.54240011015">
    <tag k="local_x" v="52926.477"/>
    <tag k="local_y" v="67851.5516"/>
    <tag k="ele" v="12.9768"/>
  </node>
  <node id="8164" lat="25.01907699264" lon="121.54243745669">
    <tag k="local_x" v="52930.2444"/>
    <tag k="local_y" v="67851.3777"/>
    <tag k="ele" v="12.9894"/>
  </node>
  <node id="8166" lat="25.01907113508" lon="121.54248889868">
    <tag k="local_x" v="52935.4287"/>
    <tag k="local_y" v="67850.6731"/>
    <tag k="ele" v="12.9936"/>
  </node>
  <node id="8167" lat="25.01906846832" lon="121.54250542917">
    <tag k="local_x" v="52937.0937"/>
    <tag k="local_y" v="67850.3598"/>
    <tag k="ele" v="12.9957"/>
  </node>
  <node id="8168" lat="25.01906638824" lon="121.54252009572">
    <tag k="local_x" v="52938.5713"/>
    <tag k="local_y" v="67850.1135"/>
    <tag k="ele" v="12.9978"/>
  </node>
  <node id="8169" lat="25.01906414623" lon="121.54253123251">
    <tag k="local_x" v="52939.6925"/>
    <tag k="local_y" v="67849.8531"/>
    <tag k="ele" v="12.9999"/>
  </node>
  <node id="8170" lat="25.01906248956" lon="121.54254138137">
    <tag k="local_x" v="52940.7147"/>
    <tag k="local_y" v="67849.6586"/>
    <tag k="ele" v="13.002"/>
  </node>
  <node id="8171" lat="25.01905086281" lon="121.54236320867">
    <tag k="local_x" v="52922.7205"/>
    <tag k="local_y" v="67848.5644"/>
    <tag k="ele" v="12.9642"/>
  </node>
  <node id="8172" lat="25.01905113723" lon="121.54237821109">
    <tag k="local_x" v="52924.2348"/>
    <tag k="local_y" v="67848.5785"/>
    <tag k="ele" v="12.9663"/>
  </node>
  <node id="8173" lat="25.01905103349" lon="121.5424148698">
    <tag k="local_x" v="52927.9341"/>
    <tag k="local_y" v="67848.5272"/>
    <tag k="ele" v="12.9684"/>
  </node>
  <node id="8174" lat="25.01904940029" lon="121.54244960336">
    <tag k="local_x" v="52931.4373"/>
    <tag k="local_y" v="67848.3086"/>
    <tag k="ele" v="12.9705"/>
  </node>
  <node id="8179" lat="25.01904599011" lon="121.54247853223">
    <tag k="local_x" v="52934.3526"/>
    <tag k="local_y" v="67847.8995"/>
    <tag k="ele" v="12.9936"/>
  </node>
  <node id="8181" lat="25.01903777822" lon="121.54250856819">
    <tag k="local_x" v="52937.3739"/>
    <tag k="local_y" v="67846.9574"/>
    <tag k="ele" v="12.9978"/>
  </node>
  <node id="8182" lat="25.01903220305" lon="121.542526009">
    <tag k="local_x" v="52939.1273"/>
    <tag k="local_y" v="67846.321"/>
    <tag k="ele" v="12.9999"/>
  </node>
  <node id="8202" lat="25.01939384257" lon="121.53895357407">
    <tag k="local_x" v="52579.0459"/>
    <tag k="local_y" v="67890.2574"/>
    <tag k="ele" v="12.5963"/>
  </node>
  <node id="8203" lat="25.01938608334" lon="121.53895563888">
    <tag k="local_x" v="52579.245"/>
    <tag k="local_y" v="67889.3958"/>
    <tag k="ele" v="12.5648"/>
  </node>
  <node id="8204" lat="25.01937885391" lon="121.53895896977">
    <tag k="local_x" v="52579.5725"/>
    <tag k="local_y" v="67888.5915"/>
    <tag k="ele" v="12.5334"/>
  </node>
  <node id="8205" lat="25.01937215184" lon="121.53896349938">
    <tag k="local_x" v="52580.0216"/>
    <tag k="local_y" v="67887.8443"/>
    <tag k="ele" v="12.5019"/>
  </node>
  <node id="8206" lat="25.0193660116" lon="121.53896915399">
    <tag k="local_x" v="52580.5849"/>
    <tag k="local_y" v="67887.1581"/>
    <tag k="ele" v="12.4704"/>
  </node>
  <node id="8207" lat="25.0193604928" lon="121.53897584272">
    <tag k="local_x" v="52581.2533"/>
    <tag k="local_y" v="67886.5396"/>
    <tag k="ele" v="12.4389"/>
  </node>
  <node id="8208" lat="25.01935566477" lon="121.53898345374">
    <tag k="local_x" v="52582.0156"/>
    <tag k="local_y" v="67885.9966"/>
    <tag k="ele" v="12.4074"/>
  </node>
  <node id="8209" lat="25.01935159753" lon="121.53899185446">
    <tag k="local_x" v="52582.8585"/>
    <tag k="local_y" v="67885.537"/>
    <tag k="ele" v="12.3759"/>
  </node>
  <node id="8210" lat="25.0193483565" lon="121.53900090238">
    <tag k="local_x" v="52583.7677"/>
    <tag k="local_y" v="67885.1682"/>
    <tag k="ele" v="12.3445"/>
  </node>
  <node id="8211" lat="25.01934599979" lon="121.53901044718">
    <tag k="local_x" v="52584.7281"/>
    <tag k="local_y" v="67884.8968"/>
    <tag k="ele" v="12.313"/>
  </node>
  <node id="8212" lat="25.01934457647" lon="121.5390203357">
    <tag k="local_x" v="52585.7243"/>
    <tag k="local_y" v="67884.7284"/>
    <tag k="ele" v="12.2815"/>
  </node>
  <node id="8213" lat="25.01938738148" lon="121.53892640092">
    <tag k="local_x" v="52576.296"/>
    <tag k="local_y" v="67889.5714"/>
    <tag k="ele" v="12.5963"/>
  </node>
  <node id="8214" lat="25.01937577889" lon="121.5389298807">
    <tag k="local_x" v="52576.6333"/>
    <tag k="local_y" v="67888.2826"/>
    <tag k="ele" v="12.5648"/>
  </node>
  <node id="8215" lat="25.01936508272" lon="121.53893518693">
    <tag k="local_x" v="52577.156"/>
    <tag k="local_y" v="67887.0922"/>
    <tag k="ele" v="12.5334"/>
  </node>
  <node id="8216" lat="25.01935538646" lon="121.53894209356">
    <tag k="local_x" v="52577.8414"/>
    <tag k="local_y" v="67886.0108"/>
    <tag k="ele" v="12.5019"/>
  </node>
  <node id="8217" lat="25.01934674665" lon="121.53895038193">
    <tag k="local_x" v="52578.6675"/>
    <tag k="local_y" v="67885.0449"/>
    <tag k="ele" v="12.4704"/>
  </node>
  <node id="8218" lat="25.01933919472" lon="121.5389598505">
    <tag k="local_x" v="52579.614"/>
    <tag k="local_y" v="67884.1982"/>
    <tag k="ele" v="12.4389"/>
  </node>
  <node id="8219" lat="25.01933275236" lon="121.53897031867">
    <tag k="local_x" v="52580.6627"/>
    <tag k="local_y" v="67883.4733"/>
    <tag k="ele" v="12.4074"/>
  </node>
  <node id="8220" lat="25.01932743967" lon="121.53898162567">
    <tag k="local_x" v="52581.7974"/>
    <tag k="local_y" v="67882.8726"/>
    <tag k="ele" v="12.3759"/>
  </node>
  <node id="8221" lat="25.01932328226" lon="121.53899362155">
    <tag k="local_x" v="52583.003"/>
    <tag k="local_y" v="67882.3991"/>
    <tag k="ele" v="12.3445"/>
  </node>
  <node id="8222" lat="25.01932031397" lon="121.53900616621">
    <tag k="local_x" v="52584.2654"/>
    <tag k="local_y" v="67882.0567"/>
    <tag k="ele" v="12.313"/>
  </node>
  <node id="8223" lat="25.01931857584" lon="121.53901911745">
    <tag k="local_x" v="52585.5703"/>
    <tag k="local_y" v="67881.8501"/>
    <tag k="ele" v="12.2815"/>
  </node>
  <node id="8245" lat="25.02031652474" lon="121.53896776006">
    <tag k="local_x" v="52581.5798"/>
    <tag k="local_y" v="67992.431"/>
    <tag k="ele" v="11.8475"/>
  </node>
  <node id="8246" lat="25.02038452589" lon="121.53897086029">
    <tag k="local_x" v="52581.9739"/>
    <tag k="local_y" v="67999.9589"/>
    <tag k="ele" v="11.8143"/>
  </node>
  <node id="8248" lat="25.02031843143" lon="121.53893943922">
    <tag k="local_x" v="52578.7241"/>
    <tag k="local_y" v="67992.673"/>
    <tag k="ele" v="11.7749"/>
  </node>
  <node id="8249" lat="25.02038512635" lon="121.53894266094">
    <tag k="local_x" v="52579.1289"/>
    <tag k="local_y" v="68000.0561"/>
    <tag k="ele" v="11.766"/>
  </node>
  <node id="8252" lat="25.02045360048" lon="121.53897688596">
    <tag k="local_x" v="52582.6645"/>
    <tag k="local_y" v="68007.6025"/>
    <tag k="ele" v="11.9"/>
  </node>
  <node id="8254" lat="25.01985904266" lon="121.53856432486">
    <tag k="local_x" v="52540.3207"/>
    <tag k="local_y" v="67942.2031"/>
    <tag k="ele" v="12.0418"/>
  </node>
  <node id="8255" lat="25.01985995853" lon="121.53888903972">
    <tag k="local_x" v="52573.0903"/>
    <tag k="local_y" v="67941.951"/>
    <tag k="ele" v="11.8171"/>
  </node>
  <node id="8257" lat="25.01988612746" lon="121.53856423303">
    <tag k="local_x" v="52540.3438"/>
    <tag k="local_y" v="67945.2029"/>
    <tag k="ele" v="12.0418"/>
  </node>
  <node id="8258" lat="25.01988704333" lon="121.53888894796">
    <tag k="local_x" v="52573.1134"/>
    <tag k="local_y" v="67944.9508"/>
    <tag k="ele" v="11.8171"/>
  </node>
  <node id="8261" lat="25.01991321316" lon="121.53856414119">
    <tag k="local_x" v="52540.3669"/>
    <tag k="local_y" v="67948.2028"/>
    <tag k="ele" v="12.0418"/>
  </node>
  <node id="8262" lat="25.01991412903" lon="121.53888885619">
    <tag k="local_x" v="52573.1365"/>
    <tag k="local_y" v="67947.9507"/>
    <tag k="ele" v="11.8171"/>
  </node>
  <node id="8276" lat="25.01956710561" lon="121.53856087016">
    <tag k="local_x" v="52539.6232"/>
    <tag k="local_y" v="67909.8742"/>
    <tag k="ele" v="12.826"/>
  </node>
  <node id="8277" lat="25.01956871335" lon="121.53886567811">
    <tag k="local_x" v="52570.3848"/>
    <tag k="local_y" v="67909.7204"/>
    <tag k="ele" v="11.8427"/>
  </node>
  <node id="8279" lat="25.01959478679" lon="121.53856064146">
    <tag k="local_x" v="52539.6332"/>
    <tag k="local_y" v="67912.9402"/>
    <tag k="ele" v="12.826"/>
  </node>
  <node id="8280" lat="25.01959639364" lon="121.53886544949">
    <tag k="local_x" v="52570.3948"/>
    <tag k="local_y" v="67912.7863"/>
    <tag k="ele" v="11.8427"/>
  </node>
  <node id="8283" lat="25.01959477038" lon="121.53856062481">
    <tag k="local_x" v="52539.6315"/>
    <tag k="local_y" v="67912.9384"/>
    <tag k="ele" v="12.826"/>
  </node>
  <node id="8284" lat="25.01959637722" lon="121.53886543284">
    <tag k="local_x" v="52570.3931"/>
    <tag k="local_y" v="67912.7845"/>
    <tag k="ele" v="11.8427"/>
  </node>
  <node id="8285" lat="25.0195670892" lon="121.53856085351">
    <tag k="local_x" v="52539.6215"/>
    <tag k="local_y" v="67909.8724"/>
    <tag k="ele" v="12.826"/>
  </node>
  <node id="8286" lat="25.01956869694" lon="121.53886566146">
    <tag k="local_x" v="52570.3831"/>
    <tag k="local_y" v="67909.7186"/>
    <tag k="ele" v="11.8427"/>
  </node>
  <node id="8290" lat="25.02035954689" lon="121.53986524752">
    <tag k="local_x" v="52672.2005"/>
    <tag k="local_y" v="67996.2191"/>
    <tag k="ele" v="12.1398"/>
  </node>
  <node id="8291" lat="25.02061766272" lon="121.53987341104">
    <tag k="local_x" v="52673.3325"/>
    <tag k="local_y" v="68024.7971"/>
    <tag k="ele" v="12.1246"/>
  </node>
  <node id="8293" lat="25.02036019664" lon="121.53984048615">
    <tag k="local_x" v="52669.7025"/>
    <tag k="local_y" v="67996.318"/>
    <tag k="ele" v="12.1398"/>
  </node>
  <node id="8294" lat="25.02061831247" lon="121.53984864961">
    <tag k="local_x" v="52670.8345"/>
    <tag k="local_y" v="68024.896"/>
    <tag k="ele" v="12.1246"/>
  </node>
  <node id="8305" lat="25.02036084638" lon="121.53981572477">
    <tag k="local_x" v="52667.2045"/>
    <tag k="local_y" v="67996.4169"/>
    <tag k="ele" v="12.1398"/>
  </node>
  <node id="8306" lat="25.02061896222" lon="121.53982388819">
    <tag k="local_x" v="52668.3365"/>
    <tag k="local_y" v="68024.9949"/>
    <tag k="ele" v="12.1246"/>
  </node>
  <node id="8309" lat="25.01913959619" lon="121.5419250719">
    <tag k="local_x" v="52878.6116"/>
    <tag k="local_y" v="67858.8677"/>
    <tag k="ele" v="12.0608"/>
  </node>
  <node id="8310" lat="25.01937404241" lon="121.54191752479">
    <tag k="local_x" v="52878.1295"/>
    <tag k="local_y" v="67884.8413"/>
    <tag k="ele" v="12.3074"/>
  </node>
  <node id="8312" lat="25.01913867018" lon="121.5418904072">
    <tag k="local_x" v="52875.1123"/>
    <tag k="local_y" v="67858.8028"/>
    <tag k="ele" v="12.0608"/>
  </node>
  <node id="8313" lat="25.0193731164" lon="121.54188286101">
    <tag k="local_x" v="52874.6303"/>
    <tag k="local_y" v="67884.7764"/>
    <tag k="ele" v="12.3074"/>
  </node>
  <node id="8316" lat="25.01913868753" lon="121.5418904278">
    <tag k="local_x" v="52875.1144"/>
    <tag k="local_y" v="67858.8047"/>
    <tag k="ele" v="12.0608"/>
  </node>
  <node id="8317" lat="25.01937313376" lon="121.54188288161">
    <tag k="local_x" v="52874.6324"/>
    <tag k="local_y" v="67884.7783"/>
    <tag k="ele" v="12.3074"/>
  </node>
  <node id="8318" lat="25.01913961355" lon="121.54192509251">
    <tag k="local_x" v="52878.6137"/>
    <tag k="local_y" v="67858.8696"/>
    <tag k="ele" v="12.0608"/>
  </node>
  <node id="8319" lat="25.01937405977" lon="121.54191754539">
    <tag k="local_x" v="52878.1316"/>
    <tag k="local_y" v="67884.8432"/>
    <tag k="ele" v="12.3074"/>
  </node>
  <node id="8323" lat="25.01875465103" lon="121.5425439207">
    <tag k="local_x" v="52940.6041"/>
    <tag k="local_y" v="67815.5621"/>
    <tag k="ele" v="12.011"/>
  </node>
  <node id="8324" lat="25.01901757493" lon="121.5425386308">
    <tag k="local_x" v="52940.3836"/>
    <tag k="local_y" v="67844.6872"/>
    <tag k="ele" v="12.2022"/>
  </node>
  <node id="8326" lat="25.01875424301" lon="121.54252026315">
    <tag k="local_x" v="52938.2162"/>
    <tag k="local_y" v="67815.5426"/>
    <tag k="ele" v="12.011"/>
  </node>
  <node id="8327" lat="25.0190171669" lon="121.5425149732">
    <tag k="local_x" v="52937.9957"/>
    <tag k="local_y" v="67844.6677"/>
    <tag k="ele" v="12.2022"/>
  </node>
  <node id="8330" lat="25.01875423805" lon="121.54252021763">
    <tag k="local_x" v="52938.2116"/>
    <tag k="local_y" v="67815.5421"/>
    <tag k="ele" v="12.011"/>
  </node>
  <node id="8331" lat="25.01901716194" lon="121.54251492768">
    <tag k="local_x" v="52937.9911"/>
    <tag k="local_y" v="67844.6672"/>
    <tag k="ele" v="12.2022"/>
  </node>
  <node id="8332" lat="25.01875464607" lon="121.54254387518">
    <tag k="local_x" v="52940.5995"/>
    <tag k="local_y" v="67815.5616"/>
    <tag k="ele" v="12.011"/>
  </node>
  <node id="8333" lat="25.01901756997" lon="121.54253858528">
    <tag k="local_x" v="52940.379"/>
    <tag k="local_y" v="67844.6867"/>
    <tag k="ele" v="12.2022"/>
  </node>
  <node id="8337" lat="25.01922143297" lon="121.54280727594">
    <tag k="local_x" v="52967.7369"/>
    <tag k="local_y" v="67866.9732"/>
    <tag k="ele" v="12.1133"/>
  </node>
  <node id="8338" lat="25.01910240217" lon="121.54280635266">
    <tag k="local_x" v="52967.5019"/>
    <tag k="local_y" v="67853.7913"/>
    <tag k="ele" v="11.2842"/>
  </node>
  <node id="8340" lat="25.01922117785" lon="121.54284683199">
    <tag k="local_x" v="52971.7284"/>
    <tag k="local_y" v="67866.902"/>
    <tag k="ele" v="12.1133"/>
  </node>
  <node id="8341" lat="25.01910214705" lon="121.54284590868">
    <tag k="local_x" v="52971.4934"/>
    <tag k="local_y" v="67853.7201"/>
    <tag k="ele" v="11.2842"/>
  </node>
  <node id="8344" lat="25.0192211465" lon="121.54284685813">
    <tag k="local_x" v="52971.731"/>
    <tag k="local_y" v="67866.8985"/>
    <tag k="ele" v="12.1133"/>
  </node>
  <node id="8345" lat="25.0191021157" lon="121.54284593481">
    <tag k="local_x" v="52971.496"/>
    <tag k="local_y" v="67853.7166"/>
    <tag k="ele" v="11.2842"/>
  </node>
  <node id="8346" lat="25.01922140162" lon="121.54280730207">
    <tag k="local_x" v="52967.7395"/>
    <tag k="local_y" v="67866.9697"/>
    <tag k="ele" v="12.1133"/>
  </node>
  <node id="8347" lat="25.01910237082" lon="121.54280637879">
    <tag k="local_x" v="52967.5045"/>
    <tag k="local_y" v="67853.7878"/>
    <tag k="ele" v="11.2842"/>
  </node>
  <node id="8351" lat="25.02047784166" lon="121.53854452104">
    <tag k="local_x" v="52539.0617"/>
    <tag k="local_y" v="68010.758"/>
    <tag k="ele" v="11.8642"/>
  </node>
  <node id="8352" lat="25.02047830378" lon="121.53883307752">
    <tag k="local_x" v="52568.1817"/>
    <tag k="local_y" v="68010.495"/>
    <tag k="ele" v="11.8494"/>
  </node>
  <node id="8354" lat="25.02050492774" lon="121.53854446882">
    <tag k="local_x" v="52539.0888"/>
    <tag k="local_y" v="68013.7579"/>
    <tag k="ele" v="11.8642"/>
  </node>
  <node id="8355" lat="25.02050538986" lon="121.53883302438">
    <tag k="local_x" v="52568.2087"/>
    <tag k="local_y" v="68013.4949"/>
    <tag k="ele" v="11.8494"/>
  </node>
  <node id="8358" lat="25.02050492902" lon="121.53854450646">
    <tag k="local_x" v="52539.0926"/>
    <tag k="local_y" v="68013.758"/>
    <tag k="ele" v="11.8642"/>
  </node>
  <node id="8359" lat="25.02050539113" lon="121.53883306202">
    <tag k="local_x" v="52568.2125"/>
    <tag k="local_y" v="68013.495"/>
    <tag k="ele" v="11.8494"/>
  </node>
  <node id="8360" lat="25.02047784293" lon="121.53854455868">
    <tag k="local_x" v="52539.0655"/>
    <tag k="local_y" v="68010.7581"/>
    <tag k="ele" v="11.8642"/>
  </node>
  <node id="8361" lat="25.02047830505" lon="121.53883311516">
    <tag k="local_x" v="52568.1855"/>
    <tag k="local_y" v="68010.4951"/>
    <tag k="ele" v="11.8494"/>
  </node>
  <node id="8365" lat="25.02074501741" lon="121.53890381917">
    <tag k="local_x" v="52575.6392"/>
    <tag k="local_y" v="68039.9571"/>
    <tag k="ele" v="11.9006"/>
  </node>
  <node id="8366" lat="25.02059476752" lon="121.53890519574">
    <tag k="local_x" v="52575.5986"/>
    <tag k="local_y" v="68023.3151"/>
    <tag k="ele" v="11.9068"/>
  </node>
  <node id="8368" lat="25.02074524278" lon="121.53893354479">
    <tag k="local_x" v="52578.6392"/>
    <tag k="local_y" v="68039.9497"/>
    <tag k="ele" v="11.9006"/>
  </node>
  <node id="8369" lat="25.0205949938" lon="121.53893492132">
    <tag k="local_x" v="52578.5986"/>
    <tag k="local_y" v="68023.3078"/>
    <tag k="ele" v="11.9068"/>
  </node>
  <node id="8372" lat="25.02074525271" lon="121.53893354368">
    <tag k="local_x" v="52578.6391"/>
    <tag k="local_y" v="68039.9508"/>
    <tag k="ele" v="11.9006"/>
  </node>
  <node id="8373" lat="25.02059500372" lon="121.53893492021">
    <tag k="local_x" v="52578.5985"/>
    <tag k="local_y" v="68023.3089"/>
    <tag k="ele" v="11.9068"/>
  </node>
  <node id="8374" lat="25.02074502733" lon="121.53890381806">
    <tag k="local_x" v="52575.6391"/>
    <tag k="local_y" v="68039.9582"/>
    <tag k="ele" v="11.9006"/>
  </node>
  <node id="8375" lat="25.02059477745" lon="121.53890519463">
    <tag k="local_x" v="52575.5985"/>
    <tag k="local_y" v="68023.3162"/>
    <tag k="ele" v="11.9068"/>
  </node>
  <node id="8379" lat="25.02050828892" lon="121.53901782336">
    <tag k="local_x" v="52586.861"/>
    <tag k="local_y" v="68013.6148"/>
    <tag k="ele" v="11.9394"/>
  </node>
  <node id="8380" lat="25.02066505544" lon="121.53920343097">
    <tag k="local_x" v="52605.7787"/>
    <tag k="local_y" v="68030.775"/>
    <tag k="ele" v="11.8966"/>
  </node>
  <node id="8382" lat="25.020528154" lon="121.53899761477">
    <tag k="local_x" v="52584.8454"/>
    <tag k="local_y" v="68015.8369"/>
    <tag k="ele" v="11.9394"/>
  </node>
  <node id="8383" lat="25.02068491966" lon="121.53918322338">
    <tag k="local_x" v="52603.7632"/>
    <tag k="local_y" v="68032.997"/>
    <tag k="ele" v="11.8966"/>
  </node>
  <node id="8386" lat="25.0205480182" lon="121.53897740718">
    <tag k="local_x" v="52582.8299"/>
    <tag k="local_y" v="68018.0589"/>
    <tag k="ele" v="11.9394"/>
  </node>
  <node id="8387" lat="25.02070478388" lon="121.53916301579">
    <tag k="local_x" v="52601.7477"/>
    <tag k="local_y" v="68035.219"/>
    <tag k="ele" v="11.8966"/>
  </node>
  <node id="8390" lat="25.02021510841" lon="121.53848888858">
    <tag k="local_x" v="52533.1336"/>
    <tag k="local_y" v="67981.7203"/>
    <tag k="ele" v="12.1061"/>
  </node>
  <node id="8391" lat="25.02021544367" lon="121.53888715574">
    <tag k="local_x" v="52573.3249"/>
    <tag k="local_y" v="67981.3238"/>
    <tag k="ele" v="11.7381"/>
  </node>
  <node id="8393" lat="25.02023316566" lon="121.53848886994">
    <tag k="local_x" v="52533.1533"/>
    <tag k="local_y" v="67983.7202"/>
    <tag k="ele" v="12.1061"/>
  </node>
  <node id="8394" lat="25.02023350093" lon="121.53888713717">
    <tag k="local_x" v="52573.3446"/>
    <tag k="local_y" v="67983.3237"/>
    <tag k="ele" v="11.7381"/>
  </node>
  <node id="8397" lat="25.02023317196" lon="121.53848886789">
    <tag k="local_x" v="52533.1531"/>
    <tag k="local_y" v="67983.7209"/>
    <tag k="ele" v="12.1061"/>
  </node>
  <node id="8398" lat="25.02023350723" lon="121.53888713511">
    <tag k="local_x" v="52573.3444"/>
    <tag k="local_y" v="67983.3244"/>
    <tag k="ele" v="11.7381"/>
  </node>
  <node id="8399" lat="25.02021511471" lon="121.53848888652">
    <tag k="local_x" v="52533.1334"/>
    <tag k="local_y" v="67981.721"/>
    <tag k="ele" v="12.1061"/>
  </node>
  <node id="8400" lat="25.02021544997" lon="121.53888715368">
    <tag k="local_x" v="52573.3247"/>
    <tag k="local_y" v="67981.3245"/>
    <tag k="ele" v="11.7381"/>
  </node>
  <node id="8404" lat="25.0193981934" lon="121.5426489316">
    <tag k="local_x" v="52951.9682"/>
    <tag k="local_y" v="67886.7217"/>
    <tag k="ele" v="12.1788"/>
  </node>
  <node id="8405" lat="25.01925800659" lon="121.54264711278">
    <tag k="local_x" v="52951.6176"/>
    <tag k="local_y" v="67871.1977"/>
    <tag k="ele" v="12.2444"/>
  </node>
  <node id="8407" lat="25.01939787264" lon="121.54267865644">
    <tag k="local_x" v="52954.9675"/>
    <tag k="local_y" v="67886.6539"/>
    <tag k="ele" v="12.1788"/>
  </node>
  <node id="8408" lat="25.01925761809" lon="121.54267683542">
    <tag k="local_x" v="52954.6166"/>
    <tag k="local_y" v="67871.1224"/>
    <tag k="ele" v="12.2444"/>
  </node>
  <node id="8411" lat="25.01924973155" lon="121.54264667341">
    <tag k="local_x" v="52951.5634"/>
    <tag k="local_y" v="67870.2817"/>
    <tag k="ele" v="12.2424"/>
  </node>
  <node id="8412" lat="25.01924660982" lon="121.5426762014">
    <tag k="local_x" v="52954.5395"/>
    <tag k="local_y" v="67869.9039"/>
    <tag k="ele" v="12.2424"/>
  </node>
  <node id="8413" lat="25.01924235567" lon="121.5426452979">
    <tag k="local_x" v="52951.4158"/>
    <tag k="local_y" v="67869.4663"/>
    <tag k="ele" v="12.2454"/>
  </node>
  <node id="8414" lat="25.01923434891" lon="121.54267369643">
    <tag k="local_x" v="52954.2721"/>
    <tag k="local_y" v="67868.5487"/>
    <tag k="ele" v="12.2454"/>
  </node>
  <node id="8415" lat="25.01923051674" lon="121.54264006189">
    <tag k="local_x" v="52950.8733"/>
    <tag k="local_y" v="67868.1608"/>
    <tag k="ele" v="12.2423"/>
  </node>
  <node id="8416" lat="25.01921869974" lon="121.54266680993">
    <tag k="local_x" v="52953.5585"/>
    <tag k="local_y" v="67866.823"/>
    <tag k="ele" v="12.2423"/>
  </node>
  <node id="8417" lat="25.01922107405" lon="121.54263389386">
    <tag k="local_x" v="52950.2396"/>
    <tag k="local_y" v="67867.1217"/>
    <tag k="ele" v="12.2433"/>
  </node>
  <node id="8418" lat="25.01920654557" lon="121.5426589824">
    <tag k="local_x" v="52952.7541"/>
    <tag k="local_y" v="67865.4854"/>
    <tag k="ele" v="12.2433"/>
  </node>
  <node id="8419" lat="25.01921007249" lon="121.54262574751">
    <tag k="local_x" v="52949.4044"/>
    <tag k="local_y" v="67865.9121"/>
    <tag k="ele" v="12.2527"/>
  </node>
  <node id="8420" lat="25.01919369454" lon="121.542649425">
    <tag k="local_x" v="52951.7743"/>
    <tag k="local_y" v="67864.0725"/>
    <tag k="ele" v="12.2527"/>
  </node>
  <node id="8421" lat="25.01919991304" lon="121.54261637237">
    <tag k="local_x" v="52948.4462"/>
    <tag k="local_y" v="67864.7971"/>
    <tag k="ele" v="12.2511"/>
  </node>
  <node id="8422" lat="25.01918076695" lon="121.54263739911">
    <tag k="local_x" v="52950.5453"/>
    <tag k="local_y" v="67862.6538"/>
    <tag k="ele" v="12.2511"/>
  </node>
  <node id="8423" lat="25.01918921728" lon="121.54260303984">
    <tag k="local_x" v="52947.088"/>
    <tag k="local_y" v="67863.627"/>
    <tag k="ele" v="12.2693"/>
  </node>
  <node id="8424" lat="25.01916687777" lon="121.54261985022">
    <tag k="local_x" v="52948.7578"/>
    <tag k="local_y" v="67861.1346"/>
    <tag k="ele" v="12.2693"/>
  </node>
  <node id="8425" lat="25.0191436728" lon="121.54253052325">
    <tag k="local_x" v="52939.7157"/>
    <tag k="local_y" v="67858.6616"/>
    <tag k="ele" v="12.3042"/>
  </node>
  <node id="8426" lat="25.01912097997" lon="121.54254675216">
    <tag k="local_x" v="52941.3264"/>
    <tag k="local_y" v="67856.1307"/>
    <tag k="ele" v="12.3042"/>
  </node>
  <node id="8427" lat="25.01939780949" lon="121.54267866214">
    <tag k="local_x" v="52954.968"/>
    <tag k="local_y" v="67886.6469"/>
    <tag k="ele" v="12.1788"/>
  </node>
  <node id="8428" lat="25.01925755494" lon="121.54267684112">
    <tag k="local_x" v="52954.6171"/>
    <tag k="local_y" v="67871.1154"/>
    <tag k="ele" v="12.2444"/>
  </node>
  <node id="8429" lat="25.01924654667" lon="121.5426762071">
    <tag k="local_x" v="52954.54"/>
    <tag k="local_y" v="67869.8969"/>
    <tag k="ele" v="12.2424"/>
  </node>
  <node id="8430" lat="25.01923428576" lon="121.54267370213">
    <tag k="local_x" v="52954.2726"/>
    <tag k="local_y" v="67868.5417"/>
    <tag k="ele" v="12.2454"/>
  </node>
  <node id="8431" lat="25.0192186366" lon="121.54266681563">
    <tag k="local_x" v="52953.559"/>
    <tag k="local_y" v="67866.816"/>
    <tag k="ele" v="12.2423"/>
  </node>
  <node id="8432" lat="25.01920648242" lon="121.5426589881">
    <tag k="local_x" v="52952.7546"/>
    <tag k="local_y" v="67865.4784"/>
    <tag k="ele" v="12.2433"/>
  </node>
  <node id="8433" lat="25.0191936314" lon="121.5426494307">
    <tag k="local_x" v="52951.7748"/>
    <tag k="local_y" v="67864.0655"/>
    <tag k="ele" v="12.2527"/>
  </node>
  <node id="8434" lat="25.0191807038" lon="121.54263740481">
    <tag k="local_x" v="52950.5458"/>
    <tag k="local_y" v="67862.6468"/>
    <tag k="ele" v="12.2511"/>
  </node>
  <node id="8435" lat="25.01916681462" lon="121.54261985592">
    <tag k="local_x" v="52948.7583"/>
    <tag k="local_y" v="67861.1276"/>
    <tag k="ele" v="12.2693"/>
  </node>
  <node id="8436" lat="25.01912091682" lon="121.54254675786">
    <tag k="local_x" v="52941.3269"/>
    <tag k="local_y" v="67856.1237"/>
    <tag k="ele" v="12.3042"/>
  </node>
  <node id="8437" lat="25.01939813025" lon="121.5426489373">
    <tag k="local_x" v="52951.9687"/>
    <tag k="local_y" v="67886.7147"/>
    <tag k="ele" v="12.1788"/>
  </node>
  <node id="8438" lat="25.01925794344" lon="121.54264711848">
    <tag k="local_x" v="52951.6181"/>
    <tag k="local_y" v="67871.1907"/>
    <tag k="ele" v="12.2444"/>
  </node>
  <node id="8439" lat="25.0192496684" lon="121.54264667911">
    <tag k="local_x" v="52951.5639"/>
    <tag k="local_y" v="67870.2747"/>
    <tag k="ele" v="12.2424"/>
  </node>
  <node id="8440" lat="25.01924229252" lon="121.5426453036">
    <tag k="local_x" v="52951.4163"/>
    <tag k="local_y" v="67869.4593"/>
    <tag k="ele" v="12.2454"/>
  </node>
  <node id="8441" lat="25.0192304536" lon="121.54264006759">
    <tag k="local_x" v="52950.8738"/>
    <tag k="local_y" v="67868.1538"/>
    <tag k="ele" v="12.2423"/>
  </node>
  <node id="8442" lat="25.0192210109" lon="121.54263389956">
    <tag k="local_x" v="52950.2401"/>
    <tag k="local_y" v="67867.1147"/>
    <tag k="ele" v="12.2433"/>
  </node>
  <node id="8443" lat="25.01921000934" lon="121.54262575321">
    <tag k="local_x" v="52949.4049"/>
    <tag k="local_y" v="67865.9051"/>
    <tag k="ele" v="12.2527"/>
  </node>
  <node id="8444" lat="25.01919984989" lon="121.54261637807">
    <tag k="local_x" v="52948.4467"/>
    <tag k="local_y" v="67864.7901"/>
    <tag k="ele" v="12.2511"/>
  </node>
  <node id="8445" lat="25.01918915413" lon="121.54260304554">
    <tag k="local_x" v="52947.0885"/>
    <tag k="local_y" v="67863.62"/>
    <tag k="ele" v="12.2693"/>
  </node>
  <node id="8446" lat="25.01914360966" lon="121.54253052895">
    <tag k="local_x" v="52939.7162"/>
    <tag k="local_y" v="67858.6546"/>
    <tag k="ele" v="12.3042"/>
  </node>
  <node id="8450" lat="25.01890892301" lon="121.54351280046">
    <tag k="local_x" v="53038.5628"/>
    <tag k="local_y" v="67831.5963"/>
    <tag k="ele" v="12.3425"/>
  </node>
  <node id="8451" lat="25.01890950233" lon="121.54348705422">
    <tag k="local_x" v="53035.9653"/>
    <tag k="local_y" v="67831.6884"/>
    <tag k="ele" v="12.2663"/>
  </node>
  <node id="8453" lat="25.01887283799" lon="121.54351161406">
    <tag k="local_x" v="53038.4001"/>
    <tag k="local_y" v="67827.6011"/>
    <tag k="ele" v="12.3425"/>
  </node>
  <node id="8454" lat="25.0188737921" lon="121.54348117533">
    <tag k="local_x" v="53035.3295"/>
    <tag k="local_y" v="67827.7398"/>
    <tag k="ele" v="12.2663"/>
  </node>
  <node id="8457" lat="25.0189132445" lon="121.54347328073">
    <tag k="local_x" v="53034.5798"/>
    <tag k="local_y" v="67832.1178"/>
    <tag k="ele" v="12.2624"/>
  </node>
  <node id="8458" lat="25.0188818309" lon="121.54345372685">
    <tag k="local_x" v="53032.5691"/>
    <tag k="local_y" v="67828.6599"/>
    <tag k="ele" v="12.2624"/>
  </node>
  <node id="8459" lat="25.01892638054" lon="121.54345590335">
    <tag k="local_x" v="53032.8418"/>
    <tag k="local_y" v="67833.5915"/>
    <tag k="ele" v="12.278"/>
  </node>
  <node id="8460" lat="25.01890015553" lon="121.54342865312">
    <tag k="local_x" v="53030.0606"/>
    <tag k="local_y" v="67830.7166"/>
    <tag k="ele" v="12.278"/>
  </node>
  <node id="8461" lat="25.01894081604" lon="121.54344186096">
    <tag k="local_x" v="53031.4419"/>
    <tag k="local_y" v="67835.2055"/>
    <tag k="ele" v="12.272"/>
  </node>
  <node id="8462" lat="25.0189184528" lon="121.54341073917">
    <tag k="local_x" v="53028.2746"/>
    <tag k="local_y" v="67832.7625"/>
    <tag k="ele" v="12.272"/>
  </node>
  <node id="8463" lat="25.0190335589" lon="121.54336340546">
    <tag k="local_x" v="53023.635"/>
    <tag k="local_y" v="67845.5621"/>
    <tag k="ele" v="12.2559"/>
  </node>
  <node id="8464" lat="25.01901150991" lon="121.5433320134">
    <tag k="local_x" v="53020.4408"/>
    <tag k="local_y" v="67843.1542"/>
    <tag k="ele" v="12.2559"/>
  </node>
  <node id="8465" lat="25.01887285913" lon="121.54351165147">
    <tag k="local_x" v="53038.4039"/>
    <tag k="local_y" v="67827.6034"/>
    <tag k="ele" v="12.3425"/>
  </node>
  <node id="8466" lat="25.01887381323" lon="121.54348121274">
    <tag k="local_x" v="53035.3333"/>
    <tag k="local_y" v="67827.7421"/>
    <tag k="ele" v="12.2663"/>
  </node>
  <node id="8467" lat="25.01888185203" lon="121.54345376425">
    <tag k="local_x" v="53032.5729"/>
    <tag k="local_y" v="67828.6622"/>
    <tag k="ele" v="12.2624"/>
  </node>
  <node id="8468" lat="25.01890017666" lon="121.54342869052">
    <tag k="local_x" v="53030.0644"/>
    <tag k="local_y" v="67830.7189"/>
    <tag k="ele" v="12.278"/>
  </node>
  <node id="8469" lat="25.01891847393" lon="121.54341077658">
    <tag k="local_x" v="53028.2784"/>
    <tag k="local_y" v="67832.7648"/>
    <tag k="ele" v="12.272"/>
  </node>
  <node id="8470" lat="25.01901153105" lon="121.54333205081">
    <tag k="local_x" v="53020.4446"/>
    <tag k="local_y" v="67843.1565"/>
    <tag k="ele" v="12.2559"/>
  </node>
  <node id="8471" lat="25.01890894414" lon="121.54351283786">
    <tag k="local_x" v="53038.5666"/>
    <tag k="local_y" v="67831.5986"/>
    <tag k="ele" v="12.3425"/>
  </node>
  <node id="8472" lat="25.01890952346" lon="121.54348709163">
    <tag k="local_x" v="53035.9691"/>
    <tag k="local_y" v="67831.6907"/>
    <tag k="ele" v="12.2663"/>
  </node>
  <node id="8473" lat="25.01891326564" lon="121.54347331814">
    <tag k="local_x" v="53034.5836"/>
    <tag k="local_y" v="67832.1201"/>
    <tag k="ele" v="12.2624"/>
  </node>
  <node id="8474" lat="25.01892640167" lon="121.54345594075">
    <tag k="local_x" v="53032.8456"/>
    <tag k="local_y" v="67833.5938"/>
    <tag k="ele" v="12.278"/>
  </node>
  <node id="8475" lat="25.01894083718" lon="121.54344189836">
    <tag k="local_x" v="53031.4457"/>
    <tag k="local_y" v="67835.2078"/>
    <tag k="ele" v="12.272"/>
  </node>
  <node id="8476" lat="25.01903358003" lon="121.54336344287">
    <tag k="local_x" v="53023.6388"/>
    <tag k="local_y" v="67845.5644"/>
    <tag k="ele" v="12.2559"/>
  </node>
  <node id="8480" lat="25.01907392837" lon="121.54246842081">
    <tag k="local_x" v="52933.3655"/>
    <tag k="local_y" v="67851.0047"/>
    <tag k="ele" v="12.9926"/>
  </node>
  <node id="8481" lat="25.01904784116" lon="121.54246730493">
    <tag k="local_x" v="52933.2218"/>
    <tag k="local_y" v="67848.1167"/>
    <tag k="ele" v="12.9821"/>
  </node>
  <node id="8487" lat="25.01905298628" lon="121.54246834806">
    <tag k="local_x" v="52933.3332"/>
    <tag k="local_y" v="67848.6854"/>
    <tag k="ele" v="12.9909"/>
  </node>
  <node id="8488" lat="25.01908518969" lon="121.54246999915">
    <tag k="local_x" v="52933.5382"/>
    <tag k="local_y" v="67852.2502"/>
    <tag k="ele" v="12.9909"/>
  </node>
  <node id="8495" lat="25.0190761172" lon="121.54186143913">
    <tag k="local_x" v="52872.1144"/>
    <tag k="local_y" v="67851.9064"/>
    <tag k="ele" v="12.8332"/>
  </node>
  <node id="8501" lat="25.01905182843" lon="121.54186205409">
    <tag k="local_x" v="52872.1475"/>
    <tag k="local_y" v="67849.2157"/>
    <tag k="ele" v="12.8351"/>
  </node>
  <node id="8502" lat="25.0190286349" lon="121.54186257783">
    <tag k="local_x" v="52872.1727"/>
    <tag k="local_y" v="67846.6464"/>
    <tag k="ele" v="12.8486"/>
  </node>
  <node id="8515" lat="25.01907469613" lon="121.5420195985">
    <tag k="local_x" v="52888.0734"/>
    <tag k="local_y" v="67851.5772"/>
    <tag k="ele" v="12.9555"/>
  </node>
  <node id="8516" lat="25.01910350827" lon="121.54201932552">
    <tag k="local_x" v="52888.0802"/>
    <tag k="local_y" v="67854.7685"/>
    <tag k="ele" v="12.9555"/>
  </node>
  <node id="8523" lat="25.01904837348" lon="121.54201979353">
    <tag k="local_x" v="52888.0617"/>
    <tag k="local_y" v="67848.6617"/>
    <tag k="ele" v="12.9621"/>
  </node>
  <node id="9339" lat="25.02030669593" lon="121.5397774166">
    <tag k="local_x" v="52663.274"/>
    <tag k="local_y" v="67990.4613"/>
    <tag k="ele" v="12.4844"/>
  </node>
  <node id="9340" lat="25.02028450871" lon="121.53977697258">
    <tag k="local_x" v="52663.2027"/>
    <tag k="local_y" v="67988.0045"/>
    <tag k="ele" v="12.4844"/>
  </node>
  <node id="9346" lat="25.02030431315" lon="121.53990196528">
    <tag k="local_x" v="52675.8399"/>
    <tag k="local_y" v="67990.0619"/>
    <tag k="ele" v="12.5148"/>
  </node>
  <node id="9347" lat="25.02028191755" lon="121.53990062295">
    <tag k="local_x" v="52675.6777"/>
    <tag k="local_y" v="67987.583"/>
    <tag k="ele" v="12.5148"/>
  </node>
  <node id="9617" lat="25.02044767242" lon="121.53893495612">
    <tag k="local_x" v="52578.4261"/>
    <tag k="local_y" v="68006.9916"/>
    <tag k="ele" v="11.7864"/>
  </node>
  <node id="9619" lat="25.02030825466" lon="121.53893723496">
    <tag k="local_x" v="52578.4895"/>
    <tag k="local_y" v="67991.5483"/>
    <tag k="ele" v="11.7848"/>
  </node>
  <node id="9620" lat="25.02044772148" lon="121.53890623511">
    <tag k="local_x" v="52575.5278"/>
    <tag k="local_y" v="68007.0283"/>
    <tag k="ele" v="11.749"/>
  </node>
  <node id="9623" lat="25.02044740782" lon="121.5389645309">
    <tag k="local_x" v="52581.4103"/>
    <tag k="local_y" v="68006.9301"/>
    <tag k="ele" v="11.8514"/>
  </node>
  <node id="9630" lat="25.01983349522" lon="121.53891726966">
    <tag k="local_x" v="52575.9075"/>
    <tag k="local_y" v="67938.9894"/>
    <tag k="ele" v="12.6124"/>
  </node>
  <node id="9637" lat="25.0199238742" lon="121.53891567744">
    <tag k="local_x" v="52575.8548"/>
    <tag k="local_y" v="67949.0008"/>
    <tag k="ele" v="12.6047"/>
  </node>
  <node id="9643" lat="25.01983283064" lon="121.53894555884">
    <tag k="local_x" v="52578.7615"/>
    <tag k="local_y" v="67938.885"/>
    <tag k="ele" v="12.624"/>
  </node>
  <node id="9644" lat="25.01983328255" lon="121.53897334725">
    <tag k="local_x" v="52581.5663"/>
    <tag k="local_y" v="67938.9048"/>
    <tag k="ele" v="12.5979"/>
  </node>
  <node id="9650" lat="25.01992349809" lon="121.53894401177">
    <tag k="local_x" v="52578.7137"/>
    <tag k="local_y" v="67948.9283"/>
    <tag k="ele" v="12.6163"/>
  </node>
  <node id="9651" lat="25.01992394491" lon="121.53897137416">
    <tag k="local_x" v="52581.4755"/>
    <tag k="local_y" v="67948.948"/>
    <tag k="ele" v="12.582"/>
  </node>
  <node id="10172" lat="25.01952169253" lon="121.5389227616">
    <tag k="local_x" v="52576.0892"/>
    <tag k="local_y" v="67904.4506"/>
    <tag k="ele" v="12.6201"/>
  </node>
  <node id="10179" lat="25.01963277272" lon="121.5389208054">
    <tag k="local_x" v="52576.0245"/>
    <tag k="local_y" v="67916.7551"/>
    <tag k="ele" v="12.6163"/>
  </node>
  <node id="10185" lat="25.01963250605" lon="121.53894897586">
    <tag k="local_x" v="52578.867"/>
    <tag k="local_y" v="67916.6949"/>
    <tag k="ele" v="12.625"/>
  </node>
  <node id="10186" lat="25.01963296904" lon="121.53897770846">
    <tag k="local_x" v="52581.7671"/>
    <tag k="local_y" v="67916.7149"/>
    <tag k="ele" v="12.6138"/>
  </node>
  <node id="10192" lat="25.01952157964" lon="121.53895086877">
    <tag k="local_x" v="52578.9255"/>
    <tag k="local_y" v="67904.4075"/>
    <tag k="ele" v="12.6269"/>
  </node>
  <node id="10193" lat="25.01952205407" lon="121.53898012244">
    <tag k="local_x" v="52581.8782"/>
    <tag k="local_y" v="67904.4282"/>
    <tag k="ele" v="12.6217"/>
  </node>
  <node id="10353" lat="25.02045321872" lon="121.53896487037">
    <tag k="local_x" v="52581.4515"/>
    <tag k="local_y" v="68007.5733"/>
    <tag k="ele" v="11.8323"/>
  </node>
  <node id="10354" lat="25.02045998823" lon="121.53896701786">
    <tag k="local_x" v="52581.6763"/>
    <tag k="local_y" v="68008.3207"/>
    <tag k="ele" v="11.8457"/>
  </node>
  <node id="10355" lat="25.02046677131" lon="121.53897091321">
    <tag k="local_x" v="52582.0775"/>
    <tag k="local_y" v="68009.0677"/>
    <tag k="ele" v="11.8591"/>
  </node>
  <node id="10356" lat="25.02047358763" lon="121.5389764452">
    <tag k="local_x" v="52582.6439"/>
    <tag k="local_y" v="68009.8166"/>
    <tag k="ele" v="11.8725"/>
  </node>
  <node id="10357" lat="25.02048040765" lon="121.53898336447">
    <tag k="local_x" v="52583.3503"/>
    <tag k="local_y" v="68010.5644"/>
    <tag k="ele" v="11.8858"/>
  </node>
  <node id="10358" lat="25.02048724179" lon="121.53899135279">
    <tag k="local_x" v="52584.1646"/>
    <tag k="local_y" v="68011.3126"/>
    <tag k="ele" v="11.8992"/>
  </node>
  <node id="10370" lat="25.02045552848" lon="121.53893456583">
    <tag k="local_x" v="52578.3961"/>
    <tag k="local_y" v="68007.8621"/>
    <tag k="ele" v="11.8244"/>
  </node>
  <node id="10371" lat="25.02046417547" lon="121.53893362313">
    <tag k="local_x" v="52578.3113"/>
    <tag k="local_y" v="68008.8208"/>
    <tag k="ele" v="11.8299"/>
  </node>
  <node id="10372" lat="25.02047289092" lon="121.53893220398">
    <tag k="local_x" v="52578.1785"/>
    <tag k="local_y" v="68009.7876"/>
    <tag k="ele" v="11.8354"/>
  </node>
  <node id="10373" lat="25.02048168183" lon="121.53893037765">
    <tag k="local_x" v="52578.0047"/>
    <tag k="local_y" v="68010.7632"/>
    <tag k="ele" v="11.8409"/>
  </node>
  <node id="10374" lat="25.0204903931" lon="121.53892825795">
    <tag k="local_x" v="52577.8012"/>
    <tag k="local_y" v="68011.7303"/>
    <tag k="ele" v="11.8464"/>
  </node>
  <node id="10375" lat="25.02054575048" lon="121.53891250358">
    <tag k="local_x" v="52576.2775"/>
    <tag k="local_y" v="68017.8784"/>
    <tag k="ele" v="11.8793"/>
  </node>
  <node id="10376" lat="25.02055535105" lon="121.538910193">
    <tag k="local_x" v="52576.0558"/>
    <tag k="local_y" v="68018.9442"/>
    <tag k="ele" v="11.8848"/>
  </node>
  <node id="10377" lat="25.02056509209" lon="121.53890820975">
    <tag k="local_x" v="52575.8673"/>
    <tag k="local_y" v="68020.0252"/>
    <tag k="ele" v="11.8903"/>
  </node>
  <node id="10378" lat="25.02057498175" lon="121.53890664985">
    <tag k="local_x" v="52575.7217"/>
    <tag k="local_y" v="68021.1222"/>
    <tag k="ele" v="11.8958"/>
  </node>
  <node id="10379" lat="25.02058502734" lon="121.53890561231">
    <tag k="local_x" v="52575.629"/>
    <tag k="local_y" v="68022.2359"/>
    <tag k="ele" v="11.9013"/>
  </node>
  <node id="10380" lat="25.02045822233" lon="121.53896400748">
    <tag k="local_x" v="52581.3704"/>
    <tag k="local_y" v="68008.1284"/>
    <tag k="ele" v="11.8244"/>
  </node>
  <node id="10381" lat="25.02046814447" lon="121.53896290403">
    <tag k="local_x" v="52581.2709"/>
    <tag k="local_y" v="68009.2285"/>
    <tag k="ele" v="11.8299"/>
  </node>
  <node id="10382" lat="25.02047791185" lon="121.53896130396">
    <tag k="local_x" v="52581.1211"/>
    <tag k="local_y" v="68010.312"/>
    <tag k="ele" v="11.8354"/>
  </node>
  <node id="10383" lat="25.02048753264" lon="121.5389593043">
    <tag k="local_x" v="52580.9308"/>
    <tag k="local_y" v="68011.3797"/>
    <tag k="ele" v="11.8409"/>
  </node>
  <node id="10384" lat="25.02049717526" lon="121.53895695359">
    <tag k="local_x" v="52580.7051"/>
    <tag k="local_y" v="68012.4502"/>
    <tag k="ele" v="11.8464"/>
  </node>
  <node id="10385" lat="25.02055154032" lon="121.53894147358">
    <tag k="local_x" v="52579.2079"/>
    <tag k="local_y" v="68018.4881"/>
    <tag k="ele" v="11.8793"/>
  </node>
  <node id="10386" lat="25.02056029414" lon="121.53893936527">
    <tag k="local_x" v="52579.0056"/>
    <tag k="local_y" v="68019.4599"/>
    <tag k="ele" v="11.8848"/>
  </node>
  <node id="10387" lat="25.02056896546" lon="121.5389375899">
    <tag k="local_x" v="52578.8368"/>
    <tag k="local_y" v="68020.4222"/>
    <tag k="ele" v="11.8903"/>
  </node>
  <node id="10388" lat="25.02057755855" lon="121.5389362148">
    <tag k="local_x" v="52578.7083"/>
    <tag k="local_y" v="68021.3754"/>
    <tag k="ele" v="11.8958"/>
  </node>
  <node id="10389" lat="25.02058608395" lon="121.53893530228">
    <tag k="local_x" v="52578.6264"/>
    <tag k="local_y" v="68022.3206"/>
    <tag k="ele" v="11.9013"/>
  </node>
  <node id="10405" lat="25.02045259983" lon="121.53893460843">
    <tag k="local_x" v="52578.3969"/>
    <tag k="local_y" v="68007.5377"/>
    <tag k="ele" v="11.8214"/>
  </node>
  <node id="10406" lat="25.02045798337" lon="121.53893271442">
    <tag k="local_x" v="52578.2122"/>
    <tag k="local_y" v="68008.136"/>
    <tag k="ele" v="11.824"/>
  </node>
  <node id="10407" lat="25.02046267782" lon="121.53892915091">
    <tag k="local_x" v="52577.8582"/>
    <tag k="local_y" v="68008.6598"/>
    <tag k="ele" v="11.8265"/>
  </node>
  <node id="10408" lat="25.02046688103" lon="121.5389235608">
    <tag k="local_x" v="52577.2991"/>
    <tag k="local_y" v="68009.1314"/>
    <tag k="ele" v="11.8291"/>
  </node>
  <node id="10409" lat="25.0204704674" lon="121.53891593566">
    <tag k="local_x" v="52576.5339"/>
    <tag k="local_y" v="68009.5369"/>
    <tag k="ele" v="11.8316"/>
  </node>
  <node id="10410" lat="25.02047332583" lon="121.53890654437">
    <tag k="local_x" v="52575.5896"/>
    <tag k="local_y" v="68009.8637"/>
    <tag k="ele" v="11.8342"/>
  </node>
  <node id="10411" lat="25.02047544185" lon="121.53889575472">
    <tag k="local_x" v="52574.5033"/>
    <tag k="local_y" v="68010.1098"/>
    <tag k="ele" v="11.8367"/>
  </node>
  <node id="10412" lat="25.02047687959" lon="121.5388839356">
    <tag k="local_x" v="52573.3123"/>
    <tag k="local_y" v="68010.2819"/>
    <tag k="ele" v="11.8392"/>
  </node>
  <node id="10413" lat="25.02047774637" lon="121.53887144146">
    <tag k="local_x" v="52572.0525"/>
    <tag k="local_y" v="68010.3915"/>
    <tag k="ele" v="11.8418"/>
  </node>
  <node id="10414" lat="25.02047817268" lon="121.53885868697">
    <tag k="local_x" v="52570.7659"/>
    <tag k="local_y" v="68010.4526"/>
    <tag k="ele" v="11.8443"/>
  </node>
  <node id="10415" lat="25.02046307261" lon="121.53896187503">
    <tag k="local_x" v="52581.161"/>
    <tag k="local_y" v="68008.6679"/>
    <tag k="ele" v="11.8214"/>
  </node>
  <node id="10416" lat="25.02047482076" lon="121.53895584282">
    <tag k="local_x" v="52580.5663"/>
    <tag k="local_y" v="68009.9756"/>
    <tag k="ele" v="11.824"/>
  </node>
  <node id="10417" lat="25.02048411741" lon="121.53894713832">
    <tag k="local_x" v="52579.699"/>
    <tag k="local_y" v="68011.0147"/>
    <tag k="ele" v="11.8265"/>
  </node>
  <node id="10418" lat="25.02049108101" lon="121.53893669758">
    <tag k="local_x" v="52578.6537"/>
    <tag k="local_y" v="68011.7973"/>
    <tag k="ele" v="11.8291"/>
  </node>
  <node id="10419" lat="25.02049615258" lon="121.53892511091">
    <tag k="local_x" v="52577.4905"/>
    <tag k="local_y" v="68012.3716"/>
    <tag k="ele" v="11.8316"/>
  </node>
  <node id="10420" lat="25.02049976401" lon="121.53891268634">
    <tag k="local_x" v="52576.241"/>
    <tag k="local_y" v="68012.7851"/>
    <tag k="ele" v="11.8342"/>
  </node>
  <node id="10421" lat="25.0205022452" lon="121.53889963996">
    <tag k="local_x" v="52574.9274"/>
    <tag k="local_y" v="68013.0741"/>
    <tag k="ele" v="11.8367"/>
  </node>
  <node id="10422" lat="25.020503851" lon="121.53888617884">
    <tag k="local_x" v="52573.5709"/>
    <tag k="local_y" v="68013.2666"/>
    <tag k="ele" v="11.8392"/>
  </node>
  <node id="10423" lat="25.02050478862" lon="121.53887253239">
    <tag k="local_x" v="52572.1949"/>
    <tag k="local_y" v="68013.3853"/>
    <tag k="ele" v="11.8418"/>
  </node>
  <node id="10424" lat="25.02050524656" lon="121.53885886288">
    <tag k="local_x" v="52570.816"/>
    <tag k="local_y" v="68013.4509"/>
    <tag k="ele" v="11.8443"/>
  </node>
  <node id="10440" lat="25.02050875159" lon="121.53897441069">
    <tag k="local_x" v="52582.4806"/>
    <tag k="local_y" v="68013.7133"/>
    <tag k="ele" v="11.8965"/>
  </node>
  <node id="10441" lat="25.02050233598" lon="121.53896711405">
    <tag k="local_x" v="52581.7366"/>
    <tag k="local_y" v="68013.0107"/>
    <tag k="ele" v="11.8822"/>
  </node>
  <node id="10442" lat="25.02049589423" lon="121.53896028246">
    <tag k="local_x" v="52581.0395"/>
    <tag k="local_y" v="68012.3047"/>
    <tag k="ele" v="11.8679"/>
  </node>
  <node id="10443" lat="25.02048942143" lon="121.53895405671">
    <tag k="local_x" v="52580.4035"/>
    <tag k="local_y" v="68011.5946"/>
    <tag k="ele" v="11.8535"/>
  </node>
  <node id="10444" lat="25.02048291879" lon="121.53894856262">
    <tag k="local_x" v="52579.8413"/>
    <tag k="local_y" v="68010.8804"/>
    <tag k="ele" v="11.8392"/>
  </node>
  <node id="10445" lat="25.02047638464" lon="121.53894390329">
    <tag k="local_x" v="52579.3633"/>
    <tag k="local_y" v="68010.1618"/>
    <tag k="ele" v="11.8249"/>
  </node>
  <node id="10446" lat="25.02046980252" lon="121.53894015222">
    <tag k="local_x" v="52578.9769"/>
    <tag k="local_y" v="68009.4369"/>
    <tag k="ele" v="11.8106"/>
  </node>
  <node id="10447" lat="25.02046311154" lon="121.5389373587">
    <tag k="local_x" v="52578.687"/>
    <tag k="local_y" v="68008.6989"/>
    <tag k="ele" v="11.7963"/>
  </node>
  <node id="10448" lat="25.02045619663" lon="121.53893557561">
    <tag k="local_x" v="52578.4988"/>
    <tag k="local_y" v="68007.935"/>
    <tag k="ele" v="11.782"/>
  </node>
  <node id="10449" lat="25.02052806651" lon="121.53895371413">
    <tag k="local_x" v="52580.4151"/>
    <tag k="local_y" v="68015.875"/>
    <tag k="ele" v="11.8965"/>
  </node>
  <node id="10450" lat="25.02052089389" lon="121.53894573775">
    <tag k="local_x" v="52579.6016"/>
    <tag k="local_y" v="68015.0893"/>
    <tag k="ele" v="11.8822"/>
  </node>
  <node id="10451" lat="25.02051338849" lon="121.53893798529">
    <tag k="local_x" v="52578.8103"/>
    <tag k="local_y" v="68014.2665"/>
    <tag k="ele" v="11.8679"/>
  </node>
  <node id="10452" lat="25.0205054815" lon="121.53893062108">
    <tag k="local_x" v="52578.0577"/>
    <tag k="local_y" v="68013.3988"/>
    <tag k="ele" v="11.8535"/>
  </node>
  <node id="10453" lat="25.02049709796" lon="121.53892382834">
    <tag k="local_x" v="52577.3622"/>
    <tag k="local_y" v="68012.4777"/>
    <tag k="ele" v="11.8392"/>
  </node>
  <node id="10454" lat="25.02048816492" lon="121.5389178081">
    <tag k="local_x" v="52576.744"/>
    <tag k="local_y" v="68011.4949"/>
    <tag k="ele" v="11.8249"/>
  </node>
  <node id="10455" lat="25.02047862597" lon="121.53891279292">
    <tag k="local_x" v="52576.2265"/>
    <tag k="local_y" v="68010.4439"/>
    <tag k="ele" v="11.8106"/>
  </node>
  <node id="10456" lat="25.02046846648" lon="121.5389090406">
    <tag k="local_x" v="52575.8357"/>
    <tag k="local_y" v="68009.3228"/>
    <tag k="ele" v="11.7963"/>
  </node>
  <node id="10457" lat="25.02045772868" lon="121.53890680335">
    <tag k="local_x" v="52575.5971"/>
    <tag k="local_y" v="68008.136"/>
    <tag k="ele" v="11.782"/>
  </node>
  <node id="10477" lat="25.02050503587" lon="121.53884615457">
    <tag k="local_x" v="52569.5333"/>
    <tag k="local_y" v="68013.4414"/>
    <tag k="ele" v="11.8412"/>
  </node>
  <node id="10478" lat="25.02050398813" lon="121.53885925335">
    <tag k="local_x" v="52570.8539"/>
    <tag k="local_y" v="68013.3111"/>
    <tag k="ele" v="11.8331"/>
  </node>
  <node id="10479" lat="25.02050208789" lon="121.5388724296">
    <tag k="local_x" v="52572.1813"/>
    <tag k="local_y" v="68013.0863"/>
    <tag k="ele" v="11.8249"/>
  </node>
  <node id="10480" lat="25.02049914745" lon="121.53888541799">
    <tag k="local_x" v="52573.4885"/>
    <tag k="local_y" v="68012.7465"/>
    <tag k="ele" v="11.8167"/>
  </node>
  <node id="10481" lat="25.02049491852" lon="121.53889794401">
    <tag k="local_x" v="52574.7475"/>
    <tag k="local_y" v="68012.2645"/>
    <tag k="ele" v="11.8086"/>
  </node>
  <node id="10482" lat="25.02048906997" lon="121.53890966572">
    <tag k="local_x" v="52575.9234"/>
    <tag k="local_y" v="68011.604"/>
    <tag k="ele" v="11.8004"/>
  </node>
  <node id="10483" lat="25.02048123532" lon="121.53892004148">
    <tag k="local_x" v="52576.9611"/>
    <tag k="local_y" v="68010.725"/>
    <tag k="ele" v="11.7922"/>
  </node>
  <node id="10484" lat="25.02047124642" lon="121.53892822401">
    <tag k="local_x" v="52577.7749"/>
    <tag k="local_y" v="68009.6098"/>
    <tag k="ele" v="11.784"/>
  </node>
  <node id="10485" lat="25.02045942126" lon="121.53893331178">
    <tag k="local_x" v="52578.2742"/>
    <tag k="local_y" v="68008.2946"/>
    <tag k="ele" v="11.7759"/>
  </node>
  <node id="10486" lat="25.02047813061" lon="121.53884375201">
    <tag k="local_x" v="52569.2587"/>
    <tag k="local_y" v="68010.4642"/>
    <tag k="ele" v="11.8412"/>
  </node>
  <node id="10487" lat="25.02047738386" lon="121.53885486236">
    <tag k="local_x" v="52570.379"/>
    <tag k="local_y" v="68010.3694"/>
    <tag k="ele" v="11.8331"/>
  </node>
  <node id="10488" lat="25.02047600433" lon="121.53886562247">
    <tag k="local_x" v="52571.4632"/>
    <tag k="local_y" v="68010.2049"/>
    <tag k="ele" v="11.8249"/>
  </node>
  <node id="10489" lat="25.02047396272" lon="121.53887562344">
    <tag k="local_x" v="52572.47"/>
    <tag k="local_y" v="68009.9679"/>
    <tag k="ele" v="11.8167"/>
  </node>
  <node id="10490" lat="25.0204712939" lon="121.53888446152">
    <tag k="local_x" v="52573.3587"/>
    <tag k="local_y" v="68009.6627"/>
    <tag k="ele" v="11.8086"/>
  </node>
  <node id="10491" lat="25.02046811015" lon="121.53889180344">
    <tag k="local_x" v="52574.0958"/>
    <tag k="local_y" v="68009.3021"/>
    <tag k="ele" v="11.8004"/>
  </node>
  <node id="10492" lat="25.02046456273" lon="121.53889751362">
    <tag k="local_x" v="52574.6678"/>
    <tag k="local_y" v="68008.903"/>
    <tag k="ele" v="11.7922"/>
  </node>
  <node id="10493" lat="25.0204606046" lon="121.53890176505">
    <tag k="local_x" v="52575.0921"/>
    <tag k="local_y" v="68008.46"/>
    <tag k="ele" v="11.784"/>
  </node>
  <node id="10494" lat="25.02045570071" lon="121.53890478107">
    <tag k="local_x" v="52575.3906"/>
    <tag k="local_y" v="68007.9136"/>
    <tag k="ele" v="11.7759"/>
  </node>
  <node id="10509" lat="25.02023459022" lon="121.53889590201">
    <tag k="local_x" v="52574.2304"/>
    <tag k="local_y" v="67983.4348"/>
    <tag k="ele" v="11.7462"/>
  </node>
  <node id="10510" lat="25.02023738257" lon="121.5389045902">
    <tag k="local_x" v="52575.1105"/>
    <tag k="local_y" v="67983.7346"/>
    <tag k="ele" v="11.7543"/>
  </node>
  <node id="10511" lat="25.02024167886" lon="121.53891232811">
    <tag k="local_x" v="52575.8965"/>
    <tag k="local_y" v="67984.202"/>
    <tag k="ele" v="11.7623"/>
  </node>
  <node id="10512" lat="25.0202473585" lon="121.53891915582">
    <tag k="local_x" v="52576.5923"/>
    <tag k="local_y" v="67984.8236"/>
    <tag k="ele" v="11.7704"/>
  </node>
  <node id="10513" lat="25.02025428295" lon="121.53892503236">
    <tag k="local_x" v="52577.1936"/>
    <tag k="local_y" v="67985.5841"/>
    <tag k="ele" v="11.7785"/>
  </node>
  <node id="10514" lat="25.02026226544" lon="121.53892988066">
    <tag k="local_x" v="52577.6924"/>
    <tag k="local_y" v="67986.4629"/>
    <tag k="ele" v="11.7866"/>
  </node>
  <node id="10515" lat="25.02027108486" lon="121.53893361911">
    <tag k="local_x" v="52578.0802"/>
    <tag k="local_y" v="67987.4356"/>
    <tag k="ele" v="11.7947"/>
  </node>
  <node id="10516" lat="25.02028049312" lon="121.5389361783">
    <tag k="local_x" v="52578.3497"/>
    <tag k="local_y" v="67988.4748"/>
    <tag k="ele" v="11.8027"/>
  </node>
  <node id="10517" lat="25.02029022972" lon="121.5389375098">
    <tag k="local_x" v="52578.4957"/>
    <tag k="local_y" v="67989.5517"/>
    <tag k="ele" v="11.7906"/>
  </node>
  <node id="10518" lat="25.02021661556" lon="121.53890230224">
    <tag k="local_x" v="52574.8548"/>
    <tag k="local_y" v="67981.4371"/>
    <tag k="ele" v="11.7462"/>
  </node>
  <node id="10519" lat="25.02022024242" lon="121.53891532978">
    <tag k="local_x" v="52576.1738"/>
    <tag k="local_y" v="67981.8246"/>
    <tag k="ele" v="11.7543"/>
  </node>
  <node id="10520" lat="25.02022605568" lon="121.53892702439">
    <tag k="local_x" v="52577.3609"/>
    <tag k="local_y" v="67982.4557"/>
    <tag k="ele" v="11.7623"/>
  </node>
  <node id="10521" lat="25.02023370014" lon="121.53893725848">
    <tag k="local_x" v="52578.4028"/>
    <tag k="local_y" v="67983.2912"/>
    <tag k="ele" v="11.7704"/>
  </node>
  <node id="10522" lat="25.0202428467" lon="121.53894598639">
    <tag k="local_x" v="52579.2945"/>
    <tag k="local_y" v="67984.2947"/>
    <tag k="ele" v="11.7785"/>
  </node>
  <node id="10523" lat="25.02025320812" lon="121.53895319667">
    <tag k="local_x" v="52580.0345"/>
    <tag k="local_y" v="67985.4344"/>
    <tag k="ele" v="11.7866"/>
  </node>
  <node id="10524" lat="25.02026453513" lon="121.53895888434">
    <tag k="local_x" v="52580.622"/>
    <tag k="local_y" v="67986.6827"/>
    <tag k="ele" v="11.7947"/>
  </node>
  <node id="10525" lat="25.02027660273" lon="121.53896303026">
    <tag k="local_x" v="52581.0548"/>
    <tag k="local_y" v="67988.0147"/>
    <tag k="ele" v="11.8027"/>
  </node>
  <node id="10526" lat="25.02028920019" lon="121.53896559827">
    <tag k="local_x" v="52581.329"/>
    <tag k="local_y" v="67989.4071"/>
    <tag k="ele" v="11.8532"/>
  </node>
  <node id="10541" lat="25.02023115568" lon="121.53890354218">
    <tag k="local_x" v="52574.9973"/>
    <tag k="local_y" v="67983.0461"/>
    <tag k="ele" v="11.8825"/>
  </node>
  <node id="10542" lat="25.0202249582" lon="121.5389159577">
    <tag k="local_x" v="52576.2428"/>
    <tag k="local_y" v="67982.3462"/>
    <tag k="ele" v="12.027"/>
  </node>
  <node id="10543" lat="25.02021590764" lon="121.53892572254">
    <tag k="local_x" v="52577.2174"/>
    <tag k="local_y" v="67981.3332"/>
    <tag k="ele" v="12.1714"/>
  </node>
  <node id="10544" lat="25.02020487947" lon="121.53893289372">
    <tag k="local_x" v="52577.9279"/>
    <tag k="local_y" v="67980.104"/>
    <tag k="ele" v="12.3158"/>
  </node>
  <node id="10545" lat="25.02019249646" lon="121.5389375372">
    <tag k="local_x" v="52578.3817"/>
    <tag k="local_y" v="67978.7275"/>
    <tag k="ele" v="12.4603"/>
  </node>
  <node id="10546" lat="25.02021430176" lon="121.53889306237">
    <tag k="local_x" v="52573.9196"/>
    <tag k="local_y" v="67981.1909"/>
    <tag k="ele" v="11.8825"/>
  </node>
  <node id="10547" lat="25.02021083248" lon="121.53889937311">
    <tag k="local_x" v="52574.5523"/>
    <tag k="local_y" v="67980.7998"/>
    <tag k="ele" v="12.027"/>
  </node>
  <node id="10548" lat="25.02020529992" lon="121.5389045697">
    <tag k="local_x" v="52575.0701"/>
    <tag k="local_y" v="67980.1814"/>
    <tag k="ele" v="12.1714"/>
  </node>
  <node id="10549" lat="25.02019808911" lon="121.53890841568">
    <tag k="local_x" v="52575.4496"/>
    <tag k="local_y" v="67979.3786"/>
    <tag k="ele" v="12.3158"/>
  </node>
  <node id="10550" lat="25.0201898405" lon="121.53891066467">
    <tag k="local_x" v="52575.6667"/>
    <tag k="local_y" v="67978.4626"/>
    <tag k="ele" v="12.4603"/>
  </node>
  <node id="10561" lat="25.02028987322" lon="121.5389373416">
    <tag k="local_x" v="52578.4783"/>
    <tag k="local_y" v="67989.5124"/>
    <tag k="ele" v="11.791"/>
  </node>
  <node id="10562" lat="25.02027753173" lon="121.53893665532">
    <tag k="local_x" v="52578.3943"/>
    <tag k="local_y" v="67988.1463"/>
    <tag k="ele" v="11.7611"/>
  </node>
  <node id="10563" lat="25.02026501614" lon="121.53893515953">
    <tag k="local_x" v="52578.2284"/>
    <tag k="local_y" v="67986.7618"/>
    <tag k="ele" v="11.7578"/>
  </node>
  <node id="10564" lat="25.02025269928" lon="121.5389324782">
    <tag k="local_x" v="52577.9431"/>
    <tag k="local_y" v="67985.4006"/>
    <tag k="ele" v="11.7545"/>
  </node>
  <node id="10565" lat="25.02024095459" lon="121.53892811442">
    <tag k="local_x" v="52577.4887"/>
    <tag k="local_y" v="67984.1046"/>
    <tag k="ele" v="11.7513"/>
  </node>
  <node id="10566" lat="25.02023030637" lon="121.53892139706">
    <tag k="local_x" v="52576.7981"/>
    <tag k="local_y" v="67982.9326"/>
    <tag k="ele" v="11.748"/>
  </node>
  <node id="10567" lat="25.02022177387" lon="121.53891175814">
    <tag k="local_x" v="52575.8152"/>
    <tag k="local_y" v="67981.9981"/>
    <tag k="ele" v="11.7447"/>
  </node>
  <node id="10568" lat="25.02021668886" lon="121.5388995634">
    <tag k="local_x" v="52574.5785"/>
    <tag k="local_y" v="67981.4482"/>
    <tag k="ele" v="11.7414"/>
  </node>
  <node id="10569" lat="25.02029020811" lon="121.53890977366">
    <tag k="local_x" v="52575.6967"/>
    <tag k="local_y" v="67989.5795"/>
    <tag k="ele" v="11.7514"/>
  </node>
  <node id="10570" lat="25.02027923113" lon="121.53891011965">
    <tag k="local_x" v="52575.7185"/>
    <tag k="local_y" v="67988.3634"/>
    <tag k="ele" v="11.7611"/>
  </node>
  <node id="10571" lat="25.02026859644" lon="121.53890983035">
    <tag k="local_x" v="52575.6766"/>
    <tag k="local_y" v="67987.1859"/>
    <tag k="ele" v="11.7578"/>
  </node>
  <node id="10572" lat="25.02025883796" lon="121.5389087528">
    <tag k="local_x" v="52575.5562"/>
    <tag k="local_y" v="67986.1063"/>
    <tag k="ele" v="11.7545"/>
  </node>
  <node id="10573" lat="25.02025048629" lon="121.53890685493">
    <tag k="local_x" v="52575.3547"/>
    <tag k="local_y" v="67985.1834"/>
    <tag k="ele" v="11.7513"/>
  </node>
  <node id="10574" lat="25.02024392293" lon="121.53890427692">
    <tag k="local_x" v="52575.0867"/>
    <tag k="local_y" v="67984.4593"/>
    <tag k="ele" v="11.748"/>
  </node>
  <node id="10575" lat="25.02023903358" lon="121.53890105678">
    <tag k="local_x" v="52574.7559"/>
    <tag k="local_y" v="67983.9213"/>
    <tag k="ele" v="11.7447"/>
  </node>
  <node id="10576" lat="25.02023539413" lon="121.53889630075">
    <tag k="local_x" v="52574.2716"/>
    <tag k="local_y" v="67983.5234"/>
    <tag k="ele" v="11.7414"/>
  </node>
  <node id="10590" lat="25.02018576679" lon="121.53893944218">
    <tag k="local_x" v="52578.5659"/>
    <tag k="local_y" v="67977.9801"/>
    <tag k="ele" v="12.4829"/>
  </node>
  <node id="10591" lat="25.02019241416" lon="121.53893706352">
    <tag k="local_x" v="52578.3338"/>
    <tag k="local_y" v="67978.7189"/>
    <tag k="ele" v="12.3765"/>
  </node>
  <node id="10592" lat="25.02019854893" lon="121.53893259905">
    <tag k="local_x" v="52577.8906"/>
    <tag k="local_y" v="67979.4032"/>
    <tag k="ele" v="12.2701"/>
  </node>
  <node id="10593" lat="25.02020401318" lon="121.53892614776">
    <tag k="local_x" v="52577.2461"/>
    <tag k="local_y" v="67980.0154"/>
    <tag k="ele" v="12.1637"/>
  </node>
  <node id="10594" lat="25.02020858502" lon="121.53891801054">
    <tag k="local_x" v="52576.4304"/>
    <tag k="local_y" v="67980.5306"/>
    <tag k="ele" v="12.0573"/>
  </node>
  <node id="10595" lat="25.02021208617" lon="121.53890860373">
    <tag k="local_x" v="52575.4853"/>
    <tag k="local_y" v="67980.9286"/>
    <tag k="ele" v="11.9509"/>
  </node>
  <node id="10596" lat="25.02021440284" lon="121.53889838549">
    <tag k="local_x" v="52574.4569"/>
    <tag k="local_y" v="67981.1963"/>
    <tag k="ele" v="11.8445"/>
  </node>
  <node id="10597" lat="25.02019514486" lon="121.5389626301">
    <tag k="local_x" v="52580.9171"/>
    <tag k="local_y" v="67978.9935"/>
    <tag k="ele" v="12.4829"/>
  </node>
  <node id="10598" lat="25.0202063197" lon="121.53895632624">
    <tag k="local_x" v="52580.2943"/>
    <tag k="local_y" v="67980.238"/>
    <tag k="ele" v="12.3765"/>
  </node>
  <node id="10599" lat="25.0202153767" lon="121.53894758298">
    <tag k="local_x" v="52579.4228"/>
    <tag k="local_y" v="67981.2506"/>
    <tag k="ele" v="12.2701"/>
  </node>
  <node id="10600" lat="25.02022243109" lon="121.53893710056">
    <tag k="local_x" v="52578.3734"/>
    <tag k="local_y" v="67982.0433"/>
    <tag k="ele" v="12.1637"/>
  </node>
  <node id="10601" lat="25.02022766295" lon="121.53892537923">
    <tag k="local_x" v="52577.1968"/>
    <tag k="local_y" v="67982.6355"/>
    <tag k="ele" v="12.0573"/>
  </node>
  <node id="10602" lat="25.02023120972" lon="121.53891280583">
    <tag k="local_x" v="52575.9322"/>
    <tag k="local_y" v="67983.042"/>
    <tag k="ele" v="11.9509"/>
  </node>
  <node id="10603" lat="25.02023314339" lon="121.53889972335">
    <tag k="local_x" v="52574.6143"/>
    <tag k="local_y" v="67983.2704"/>
    <tag k="ele" v="11.8445"/>
  </node>
  <node id="10621" lat="25.01985979147" lon="121.538894365">
    <tag k="local_x" v="52573.6275"/>
    <tag k="local_y" v="67941.9267"/>
    <tag k="ele" v="11.9506"/>
  </node>
  <node id="10622" lat="25.01985763217" lon="121.53890121118">
    <tag k="local_x" v="52574.3158"/>
    <tag k="local_y" v="67941.6801"/>
    <tag k="ele" v="12.0841"/>
  </node>
  <node id="10623" lat="25.01985375508" lon="121.53890727801">
    <tag k="local_x" v="52574.9234"/>
    <tag k="local_y" v="67941.2441"/>
    <tag k="ele" v="12.2176"/>
  </node>
  <node id="10624" lat="25.01984840684" lon="121.53891221178">
    <tag k="local_x" v="52575.4149"/>
    <tag k="local_y" v="67940.6464"/>
    <tag k="ele" v="12.3512"/>
  </node>
  <node id="10625" lat="25.01984191454" lon="121.53891566872">
    <tag k="local_x" v="52575.756"/>
    <tag k="local_y" v="67939.9236"/>
    <tag k="ele" v="12.4847"/>
  </node>
  <node id="10636" lat="25.01988747623" lon="121.53889863419">
    <tag k="local_x" v="52574.0914"/>
    <tag k="local_y" v="67944.9882"/>
    <tag k="ele" v="11.9149"/>
  </node>
  <node id="10637" lat="25.01988932664" lon="121.53890904783">
    <tag k="local_x" v="52575.1445"/>
    <tag k="local_y" v="67945.1818"/>
    <tag k="ele" v="12.0126"/>
  </node>
  <node id="10638" lat="25.01989241496" lon="121.53891863623">
    <tag k="local_x" v="52576.1158"/>
    <tag k="local_y" v="67945.5134"/>
    <tag k="ele" v="12.1104"/>
  </node>
  <node id="10639" lat="25.01989655391" lon="121.53892699334">
    <tag k="local_x" v="52576.9641"/>
    <tag k="local_y" v="67945.9627"/>
    <tag k="ele" v="12.2082"/>
  </node>
  <node id="10640" lat="25.01990153936" lon="121.53893383718">
    <tag k="local_x" v="52577.6607"/>
    <tag k="local_y" v="67946.5074"/>
    <tag k="ele" v="12.3059"/>
  </node>
  <node id="10641" lat="25.0199072754" lon="121.53893905294">
    <tag k="local_x" v="52578.1939"/>
    <tag k="local_y" v="67947.137"/>
    <tag k="ele" v="12.4037"/>
  </node>
  <node id="10642" lat="25.01991393391" lon="121.53894258509">
    <tag k="local_x" v="52578.5583"/>
    <tag k="local_y" v="67947.8706"/>
    <tag k="ele" v="12.5014"/>
  </node>
  <node id="10643" lat="25.01986131927" lon="121.53890511938">
    <tag k="local_x" v="52574.7146"/>
    <tag k="local_y" v="67942.0842"/>
    <tag k="ele" v="11.9149"/>
  </node>
  <node id="10644" lat="25.01986461277" lon="121.53891969075">
    <tag k="local_x" v="52576.189"/>
    <tag k="local_y" v="67942.4331"/>
    <tag k="ele" v="12.0126"/>
  </node>
  <node id="10645" lat="25.01986987859" lon="121.53893347079">
    <tag k="local_x" v="52577.5859"/>
    <tag k="local_y" v="67943.0013"/>
    <tag k="ele" v="12.1104"/>
  </node>
  <node id="10646" lat="25.01987716937" lon="121.53894602783">
    <tag k="local_x" v="52578.8618"/>
    <tag k="local_y" v="67943.7951"/>
    <tag k="ele" v="12.2082"/>
  </node>
  <node id="10647" lat="25.01988655098" lon="121.53895680616">
    <tag k="local_x" v="52579.9607"/>
    <tag k="local_y" v="67944.8224"/>
    <tag k="ele" v="12.3059"/>
  </node>
  <node id="10648" lat="25.0198979829" lon="121.53896508288">
    <tag k="local_x" v="52580.8096"/>
    <tag k="local_y" v="67946.0795"/>
    <tag k="ele" v="12.4037"/>
  </node>
  <node id="10649" lat="25.01991115409" lon="121.53897007783">
    <tag k="local_x" v="52581.3294"/>
    <tag k="local_y" v="67947.5328"/>
    <tag k="ele" v="12.5014"/>
  </node>
  <node id="10665" lat="25.01992234397" lon="121.53891560736">
    <tag k="local_x" v="52575.8459"/>
    <tag k="local_y" v="67948.8314"/>
    <tag k="ele" v="12.4122"/>
  </node>
  <node id="10666" lat="25.01991829858" lon="121.53891208392">
    <tag k="local_x" v="52575.4855"/>
    <tag k="local_y" v="67948.3872"/>
    <tag k="ele" v="12.2138"/>
  </node>
  <node id="10667" lat="25.01991513075" lon="121.53890193956">
    <tag k="local_x" v="52574.458"/>
    <tag k="local_y" v="67948.0474"/>
    <tag k="ele" v="12.0155"/>
  </node>
  <node id="10676" lat="25.01984078398" lon="121.53894477796">
    <tag k="local_x" v="52578.6922"/>
    <tag k="local_y" v="67939.7667"/>
    <tag k="ele" v="12.5315"/>
  </node>
  <node id="10677" lat="25.0198492562" lon="121.53894258877">
    <tag k="local_x" v="52578.4814"/>
    <tag k="local_y" v="67940.7074"/>
    <tag k="ele" v="12.4521"/>
  </node>
  <node id="10678" lat="25.01985718623" lon="121.53893916038">
    <tag k="local_x" v="52578.1449"/>
    <tag k="local_y" v="67941.5894"/>
    <tag k="ele" v="12.3728"/>
  </node>
  <node id="10679" lat="25.0198644326" lon="121.53893461439">
    <tag k="local_x" v="52577.6948"/>
    <tag k="local_y" v="67942.3969"/>
    <tag k="ele" v="12.2934"/>
  </node>
  <node id="10680" lat="25.01987086207" lon="121.53892908218">
    <tag k="local_x" v="52577.1442"/>
    <tag k="local_y" v="67943.115"/>
    <tag k="ele" v="12.214"/>
  </node>
  <node id="10681" lat="25.0198763576" lon="121.53892268999">
    <tag k="local_x" v="52576.5057"/>
    <tag k="local_y" v="67943.7306"/>
    <tag k="ele" v="12.1346"/>
  </node>
  <node id="10682" lat="25.01988081918" lon="121.53891555198">
    <tag k="local_x" v="52575.7907"/>
    <tag k="local_y" v="67944.2325"/>
    <tag k="ele" v="12.0552"/>
  </node>
  <node id="10683" lat="25.01988416183" lon="121.53890774941">
    <tag k="local_x" v="52575.0073"/>
    <tag k="local_y" v="67944.6112"/>
    <tag k="ele" v="11.9759"/>
  </node>
  <node id="10684" lat="25.01988629468" lon="121.53889931409">
    <tag k="local_x" v="52574.1586"/>
    <tag k="local_y" v="67944.8566"/>
    <tag k="ele" v="11.8965"/>
  </node>
  <node id="10685" lat="25.01984675694" lon="121.53897198573">
    <tag k="local_x" v="52581.445"/>
    <tag k="local_y" v="67940.3986"/>
    <tag k="ele" v="12.5315"/>
  </node>
  <node id="10686" lat="25.01985879984" lon="121.53896874945">
    <tag k="local_x" v="52581.1328"/>
    <tag k="local_y" v="67941.7359"/>
    <tag k="ele" v="12.4521"/>
  </node>
  <node id="10687" lat="25.0198701559" lon="121.53896370493">
    <tag k="local_x" v="52580.6373"/>
    <tag k="local_y" v="67942.9991"/>
    <tag k="ele" v="12.3728"/>
  </node>
  <node id="10688" lat="25.01988064652" lon="121.53895696128">
    <tag k="local_x" v="52579.9693"/>
    <tag k="local_y" v="67944.1683"/>
    <tag k="ele" v="12.2934"/>
  </node>
  <node id="10689" lat="25.01989008764" lon="121.53894862375">
    <tag k="local_x" v="52579.1392"/>
    <tag k="local_y" v="67945.223"/>
    <tag k="ele" v="12.214"/>
  </node>
  <node id="10690" lat="25.01989827893" lon="121.53893879776">
    <tag k="local_x" v="52578.1574"/>
    <tag k="local_y" v="67946.1409"/>
    <tag k="ele" v="12.1346"/>
  </node>
  <node id="10691" lat="25.01990500126" lon="121.53892760185">
    <tag k="local_x" v="52577.0356"/>
    <tag k="local_y" v="67946.8976"/>
    <tag k="ele" v="12.0552"/>
  </node>
  <node id="10692" lat="25.01991002138" lon="121.53891519139">
    <tag k="local_x" v="52575.7892"/>
    <tag k="local_y" v="67947.4671"/>
    <tag k="ele" v="11.9759"/>
  </node>
  <node id="10693" lat="25.01991311193" lon="121.53890176527">
    <tag k="local_x" v="52574.438"/>
    <tag k="local_y" v="67947.824"/>
    <tag k="ele" v="11.8965"/>
  </node>
  <node id="10708" lat="25.01959497053" lon="121.53888169684">
    <tag k="local_x" v="52572.0327"/>
    <tag k="local_y" v="67912.611"/>
    <tag k="ele" v="11.9295"/>
  </node>
  <node id="10709" lat="25.01959141209" lon="121.53889583897">
    <tag k="local_x" v="52573.4556"/>
    <tag k="local_y" v="67912.2015"/>
    <tag k="ele" v="12.0162"/>
  </node>
  <node id="10710" lat="25.01958585957" lon="121.53890892557">
    <tag k="local_x" v="52574.7696"/>
    <tag k="local_y" v="67911.5723"/>
    <tag k="ele" v="12.103"/>
  </node>
  <node id="10711" lat="25.01957848572" lon="121.53892071184">
    <tag k="local_x" v="52575.9502"/>
    <tag k="local_y" v="67910.7428"/>
    <tag k="ele" v="12.1897"/>
  </node>
  <node id="10712" lat="25.01956945691" lon="121.53893094508">
    <tag k="local_x" v="52576.9721"/>
    <tag k="local_y" v="67909.7317"/>
    <tag k="ele" v="12.2765"/>
  </node>
  <node id="10713" lat="25.01955894204" lon="121.53893935475">
    <tag k="local_x" v="52577.8082"/>
    <tag k="local_y" v="67908.558"/>
    <tag k="ele" v="12.3632"/>
  </node>
  <node id="10714" lat="25.01954713603" lon="121.53894565615">
    <tag k="local_x" v="52578.43"/>
    <tag k="local_y" v="67907.2436"/>
    <tag k="ele" v="12.45"/>
  </node>
  <node id="10715" lat="25.01953427356" lon="121.53894956406">
    <tag k="local_x" v="52578.809"/>
    <tag k="local_y" v="67905.8148"/>
    <tag k="ele" v="12.5367"/>
  </node>
  <node id="10716" lat="25.01956835061" lon="121.53887433623">
    <tag k="local_x" v="52571.2581"/>
    <tag k="local_y" v="67909.6708"/>
    <tag k="ele" v="11.9295"/>
  </node>
  <node id="10717" lat="25.01956647937" lon="121.53888384856">
    <tag k="local_x" v="52572.2158"/>
    <tag k="local_y" v="67909.4532"/>
    <tag k="ele" v="12.0162"/>
  </node>
  <node id="10718" lat="25.01956326107" lon="121.53889272876">
    <tag k="local_x" v="52573.1081"/>
    <tag k="local_y" v="67909.0871"/>
    <tag k="ele" v="12.103"/>
  </node>
  <node id="10719" lat="25.0195588257" lon="121.53890078702">
    <tag k="local_x" v="52573.916"/>
    <tag k="local_y" v="67908.5871"/>
    <tag k="ele" v="12.1897"/>
  </node>
  <node id="10720" lat="25.01955330959" lon="121.53890784138">
    <tag k="local_x" v="52574.6213"/>
    <tag k="local_y" v="67907.9685"/>
    <tag k="ele" v="12.2765"/>
  </node>
  <node id="10721" lat="25.01954684654" lon="121.53891372377">
    <tag k="local_x" v="52575.2072"/>
    <tag k="local_y" v="67907.2463"/>
    <tag k="ele" v="12.3632"/>
  </node>
  <node id="10722" lat="25.01953954253" lon="121.53891828431">
    <tag k="local_x" v="52575.6587"/>
    <tag k="local_y" v="67906.4324"/>
    <tag k="ele" v="12.45"/>
  </node>
  <node id="10723" lat="25.01953146559" lon="121.53892137255">
    <tag k="local_x" v="52575.9607"/>
    <tag k="local_y" v="67905.5345"/>
    <tag k="ele" v="12.5367"/>
  </node>
  <node id="10737" lat="25.01959660321" lon="121.53887657421">
    <tag k="local_x" v="52571.5177"/>
    <tag k="local_y" v="67912.7974"/>
    <tag k="ele" v="11.9133"/>
  </node>
  <node id="10738" lat="25.01959734073" lon="121.53888813165">
    <tag k="local_x" v="52572.6849"/>
    <tag k="local_y" v="67912.8665"/>
    <tag k="ele" v="11.9839"/>
  </node>
  <node id="10739" lat="25.01959866287" lon="121.53889945724">
    <tag k="local_x" v="52573.8294"/>
    <tag k="local_y" v="67913.0006"/>
    <tag k="ele" v="12.0545"/>
  </node>
  <node id="10740" lat="25.01960060947" lon="121.53891019672">
    <tag k="local_x" v="52574.9155"/>
    <tag k="local_y" v="67913.2045"/>
    <tag k="ele" v="12.1251"/>
  </node>
  <node id="10741" lat="25.01960318159" lon="121.53891999634">
    <tag k="local_x" v="52575.9075"/>
    <tag k="local_y" v="67913.4787"/>
    <tag k="ele" v="12.1957"/>
  </node>
  <node id="10742" lat="25.01960632539" lon="121.53892852277">
    <tag k="local_x" v="52576.7717"/>
    <tag k="local_y" v="67913.8176"/>
    <tag k="ele" v="12.2664"/>
  </node>
  <node id="10743" lat="25.0196099274" lon="121.5389355326">
    <tag k="local_x" v="52577.4834"/>
    <tag k="local_y" v="67914.2089"/>
    <tag k="ele" v="12.337"/>
  </node>
  <node id="10744" lat="25.0196138897" lon="121.5389409824">
    <tag k="local_x" v="52578.0381"/>
    <tag k="local_y" v="67914.6418"/>
    <tag k="ele" v="12.4076"/>
  </node>
  <node id="10745" lat="25.01961835128" lon="121.53894505187">
    <tag k="local_x" v="52578.4541"/>
    <tag k="local_y" v="67915.1315"/>
    <tag k="ele" v="12.4782"/>
  </node>
  <node id="10746" lat="25.01962385506" lon="121.53894785844">
    <tag k="local_x" v="52578.7439"/>
    <tag k="local_y" v="67915.738"/>
    <tag k="ele" v="12.5488"/>
  </node>
  <node id="10747" lat="25.01956914355" lon="121.53887894757">
    <tag k="local_x" v="52571.7244"/>
    <tag k="local_y" v="67909.7536"/>
    <tag k="ele" v="11.9133"/>
  </node>
  <node id="10748" lat="25.01957018986" lon="121.53889224936">
    <tag k="local_x" v="52573.068"/>
    <tag k="local_y" v="67909.855"/>
    <tag k="ele" v="11.9839"/>
  </node>
  <node id="10749" lat="25.01957198025" lon="121.53890565135">
    <tag k="local_x" v="52574.4226"/>
    <tag k="local_y" v="67910.0387"/>
    <tag k="ele" v="12.0545"/>
  </node>
  <node id="10750" lat="25.01957466043" lon="121.538918912">
    <tag k="local_x" v="52575.764"/>
    <tag k="local_y" v="67910.3211"/>
    <tag k="ele" v="12.1251"/>
  </node>
  <node id="10751" lat="25.0195784104" lon="121.53893178839">
    <tag k="local_x" v="52577.0679"/>
    <tag k="local_y" v="67910.7224"/>
    <tag k="ele" v="12.1957"/>
  </node>
  <node id="10752" lat="25.01958347047" lon="121.53894401904">
    <tag k="local_x" v="52578.3082"/>
    <tag k="local_y" v="67911.2695"/>
    <tag k="ele" v="12.2664"/>
  </node>
  <node id="10753" lat="25.01959013876" lon="121.5389552516">
    <tag k="local_x" v="52579.4497"/>
    <tag k="local_y" v="67911.9958"/>
    <tag k="ele" v="12.337"/>
  </node>
  <node id="10754" lat="25.01959869516" lon="121.5389649338">
    <tag k="local_x" v="52580.437"/>
    <tag k="local_y" v="67912.9329"/>
    <tag k="ele" v="12.4076"/>
  </node>
  <node id="10755" lat="25.01960918441" lon="121.53897228919">
    <tag k="local_x" v="52581.1918"/>
    <tag k="local_y" v="67914.0866"/>
    <tag k="ele" v="12.4782"/>
  </node>
  <node id="10756" lat="25.01962125006" lon="121.53897660357">
    <tag k="local_x" v="52581.6416"/>
    <tag k="local_y" v="67915.4182"/>
    <tag k="ele" v="12.5488"/>
  </node>
  <node id="10772" lat="25.01961663934" lon="121.5389467042">
    <tag k="local_x" v="52578.6188"/>
    <tag k="local_y" v="67914.9401"/>
    <tag k="ele" v="12.5235"/>
  </node>
  <node id="10773" lat="25.0196038237" lon="121.5389407706">
    <tag k="local_x" v="52578.0047"/>
    <tag k="local_y" v="67913.5272"/>
    <tag k="ele" v="12.4262"/>
  </node>
  <node id="10774" lat="25.01959304961" lon="121.53893190245">
    <tag k="local_x" v="52577.0969"/>
    <tag k="local_y" v="67912.3436"/>
    <tag k="ele" v="12.3289"/>
  </node>
  <node id="10775" lat="25.01958433435" lon="121.53892084772">
    <tag k="local_x" v="52575.9709"/>
    <tag k="local_y" v="67911.3904"/>
    <tag k="ele" v="12.2317"/>
  </node>
  <node id="10776" lat="25.01957758959" lon="121.53890817425">
    <tag k="local_x" v="52574.6839"/>
    <tag k="local_y" v="67910.6572"/>
    <tag k="ele" v="12.1345"/>
  </node>
  <node id="10777" lat="25.01957274107" lon="121.53889431796">
    <tag k="local_x" v="52573.2798"/>
    <tag k="local_y" v="67910.1353"/>
    <tag k="ele" v="12.0372"/>
  </node>
  <node id="10778" lat="25.01956977349" lon="121.5388796516">
    <tag k="local_x" v="52571.7962"/>
    <tag k="local_y" v="67909.8226"/>
    <tag k="ele" v="11.94"/>
  </node>
  <node id="10779" lat="25.01962623039" lon="121.53892027541">
    <tag k="local_x" v="52575.9632"/>
    <tag k="local_y" v="67916.0311"/>
    <tag k="ele" v="12.5235"/>
  </node>
  <node id="10780" lat="25.01961922582" lon="121.53891754607">
    <tag k="local_x" v="52575.6794"/>
    <tag k="local_y" v="67915.2583"/>
    <tag k="ele" v="12.4262"/>
  </node>
  <node id="10781" lat="25.0196128871" lon="121.53891274473">
    <tag k="local_x" v="52575.1873"/>
    <tag k="local_y" v="67914.5615"/>
    <tag k="ele" v="12.3289"/>
  </node>
  <node id="10782" lat="25.01960731189" lon="121.53890597725">
    <tag k="local_x" v="52574.4977"/>
    <tag k="local_y" v="67913.9514"/>
    <tag k="ele" v="12.2317"/>
  </node>
  <node id="10783" lat="25.01960270886" lon="121.53889753053">
    <tag k="local_x" v="52573.6398"/>
    <tag k="local_y" v="67913.4508"/>
    <tag k="ele" v="12.1345"/>
  </node>
  <node id="10784" lat="25.01959926722" lon="121.53888782247">
    <tag k="local_x" v="52572.656"/>
    <tag k="local_y" v="67913.0802"/>
    <tag k="ele" v="12.0372"/>
  </node>
  <node id="10785" lat="25.01959712173" lon="121.53887733406">
    <tag k="local_x" v="52571.595"/>
    <tag k="local_y" v="67912.854"/>
    <tag k="ele" v="11.94"/>
  </node>
  <node id="10798" lat="25.01952792297" lon="121.53895026055">
    <tag k="local_x" v="52578.8717"/>
    <tag k="local_y" v="67905.1107"/>
    <tag k="ele" v="12.5592"/>
  </node>
  <node id="10799" lat="25.01953466872" lon="121.53894815324">
    <tag k="local_x" v="52578.6671"/>
    <tag k="local_y" v="67905.8601"/>
    <tag k="ele" v="12.494"/>
  </node>
  <node id="10800" lat="25.01954080507" lon="121.53894467575">
    <tag k="local_x" v="52578.3235"/>
    <tag k="local_y" v="67906.5435"/>
    <tag k="ele" v="12.4289"/>
  </node>
  <node id="10801" lat="25.01954643394" lon="121.53893981498">
    <tag k="local_x" v="52577.8397"/>
    <tag k="local_y" v="67907.1722"/>
    <tag k="ele" v="12.3638"/>
  </node>
  <node id="10802" lat="25.01955154658" lon="121.53893360174">
    <tag k="local_x" v="52577.2188"/>
    <tag k="local_y" v="67907.7452"/>
    <tag k="ele" v="12.2986"/>
  </node>
  <node id="10803" lat="25.01955608262" lon="121.53892613883">
    <tag k="local_x" v="52576.4711"/>
    <tag k="local_y" v="67908.2557"/>
    <tag k="ele" v="12.2335"/>
  </node>
  <node id="10804" lat="25.01955997688" lon="121.53891759349">
    <tag k="local_x" v="52575.6134"/>
    <tag k="local_y" v="67908.6963"/>
    <tag k="ele" v="12.1684"/>
  </node>
  <node id="10805" lat="25.01956317809" lon="121.53890816947">
    <tag k="local_x" v="52574.6662"/>
    <tag k="local_y" v="67909.0611"/>
    <tag k="ele" v="12.1032"/>
  </node>
  <node id="10806" lat="25.01956565772" lon="121.5388980871">
    <tag k="local_x" v="52573.6517"/>
    <tag k="local_y" v="67909.3467"/>
    <tag k="ele" v="12.0381"/>
  </node>
  <node id="10807" lat="25.01956740356" lon="121.53888757442">
    <tag k="local_x" v="52572.5929"/>
    <tag k="local_y" v="67909.5515"/>
    <tag k="ele" v="11.973"/>
  </node>
  <node id="10808" lat="25.01956841609" lon="121.53887686432">
    <tag k="local_x" v="52571.5133"/>
    <tag k="local_y" v="67909.6753"/>
    <tag k="ele" v="11.9078"/>
  </node>
  <node id="10809" lat="25.01953602169" lon="121.53897823385">
    <tag k="local_x" v="52581.7043"/>
    <tag k="local_y" v="67905.9772"/>
    <tag k="ele" v="12.5592"/>
  </node>
  <node id="10810" lat="25.01954760105" lon="121.5389739517">
    <tag k="local_x" v="52581.286"/>
    <tag k="local_y" v="67907.2643"/>
    <tag k="ele" v="12.494"/>
  </node>
  <node id="10811" lat="25.01955784483" lon="121.53896753998">
    <tag k="local_x" v="52580.6512"/>
    <tag k="local_y" v="67908.4058"/>
    <tag k="ele" v="12.4289"/>
  </node>
  <node id="10812" lat="25.01956668933" lon="121.53895940772">
    <tag k="local_x" v="52579.8411"/>
    <tag k="local_y" v="67909.3942"/>
    <tag k="ele" v="12.3638"/>
  </node>
  <node id="10813" lat="25.01957418422" lon="121.53894992296">
    <tag k="local_x" v="52578.8929"/>
    <tag k="local_y" v="67910.2346"/>
    <tag k="ele" v="12.2986"/>
  </node>
  <node id="10814" lat="25.01958042896" lon="121.53893937586">
    <tag k="local_x" v="52577.836"/>
    <tag k="local_y" v="67910.9377"/>
    <tag k="ele" v="12.2335"/>
  </node>
  <node id="10815" lat="25.01958553055" lon="121.53892799602">
    <tag k="local_x" v="52576.6937"/>
    <tag k="local_y" v="67911.5151"/>
    <tag k="ele" v="12.1684"/>
  </node>
  <node id="10816" lat="25.01958957665" lon="121.53891597566">
    <tag k="local_x" v="52575.4855"/>
    <tag k="local_y" v="67911.9763"/>
    <tag k="ele" v="12.1032"/>
  </node>
  <node id="10817" lat="25.01959263761" lon="121.53890349032">
    <tag k="local_x" v="52574.2292"/>
    <tag k="local_y" v="67912.3289"/>
    <tag k="ele" v="12.0381"/>
  </node>
  <node id="10818" lat="25.01959476565" lon="121.53889070785">
    <tag k="local_x" v="52572.9418"/>
    <tag k="local_y" v="67912.5785"/>
    <tag k="ele" v="11.973"/>
  </node>
  <node id="10819" lat="25.0195959994" lon="121.53887779228">
    <tag k="local_x" v="52571.6399"/>
    <tag k="local_y" v="67912.7292"/>
    <tag k="ele" v="11.9078"/>
  </node>
  <node id="10836" lat="25.02030704649" lon="121.539786539">
    <tag k="local_x" v="52664.195"/>
    <tag k="local_y" v="67990.4902"/>
    <tag k="ele" v="12.4499"/>
  </node>
  <node id="10837" lat="25.02030878804" lon="121.53979607997">
    <tag k="local_x" v="52665.1599"/>
    <tag k="local_y" v="67990.6727"/>
    <tag k="ele" v="12.4155"/>
  </node>
  <node id="10838" lat="25.02031180069" lon="121.53980504801">
    <tag k="local_x" v="52666.0685"/>
    <tag k="local_y" v="67990.9966"/>
    <tag k="ele" v="12.381"/>
  </node>
  <node id="10839" lat="25.02031597385" lon="121.53981330766">
    <tag k="local_x" v="52666.907"/>
    <tag k="local_y" v="67991.4498"/>
    <tag k="ele" v="12.3466"/>
  </node>
  <node id="10840" lat="25.0203211969" lon="121.53982072052">
    <tag k="local_x" v="52667.6613"/>
    <tag k="local_y" v="67992.0202"/>
    <tag k="ele" v="12.3121"/>
  </node>
  <node id="10841" lat="25.02032735294" lon="121.53982714924">
    <tag k="local_x" v="52668.3174"/>
    <tag k="local_y" v="67992.695"/>
    <tag k="ele" v="12.2776"/>
  </node>
  <node id="10842" lat="25.02033432961" lon="121.53983246335">
    <tag k="local_x" v="52668.862"/>
    <tag k="local_y" v="67993.4619"/>
    <tag k="ele" v="12.2432"/>
  </node>
  <node id="10843" lat="25.02034202372" lon="121.53983654318">
    <tag k="local_x" v="52669.2829"/>
    <tag k="local_y" v="67994.3096"/>
    <tag k="ele" v="12.2087"/>
  </node>
  <node id="10844" lat="25.02035035549" lon="121.53983926581">
    <tag k="local_x" v="52669.5676"/>
    <tag k="local_y" v="67995.2294"/>
    <tag k="ele" v="12.1743"/>
  </node>
  <node id="10845" lat="25.02028531283" lon="121.53979164086">
    <tag k="local_x" v="52664.6839"/>
    <tag k="local_y" v="67988.0776"/>
    <tag k="ele" v="12.4499"/>
  </node>
  <node id="10846" lat="25.02028799849" lon="121.53980482327">
    <tag k="local_x" v="52666.0174"/>
    <tag k="local_y" v="67988.3607"/>
    <tag k="ele" v="12.4155"/>
  </node>
  <node id="10847" lat="25.02029243592" lon="121.53981719021">
    <tag k="local_x" v="52667.2707"/>
    <tag k="local_y" v="67988.8387"/>
    <tag k="ele" v="12.381"/>
  </node>
  <node id="10848" lat="25.02029847974" lon="121.53982855711">
    <tag k="local_x" v="52668.425"/>
    <tag k="local_y" v="67989.4957"/>
    <tag k="ele" v="12.3466"/>
  </node>
  <node id="10849" lat="25.02030599" lon="121.53983873934">
    <tag k="local_x" v="52669.4615"/>
    <tag k="local_y" v="67990.3164"/>
    <tag k="ele" v="12.3121"/>
  </node>
  <node id="10850" lat="25.02031483039" lon="121.53984755519">
    <tag k="local_x" v="52670.3617"/>
    <tag k="local_y" v="67991.2859"/>
    <tag k="ele" v="12.2776"/>
  </node>
  <node id="10851" lat="25.02032486084" lon="121.53985481108">
    <tag k="local_x" v="52671.1059"/>
    <tag k="local_y" v="67992.3889"/>
    <tag k="ele" v="12.2432"/>
  </node>
  <node id="10852" lat="25.02033593042" lon="121.53986030766">
    <tag k="local_x" v="52671.6738"/>
    <tag k="local_y" v="67993.6089"/>
    <tag k="ele" v="12.2087"/>
  </node>
  <node id="10853" lat="25.02034786832" lon="121.53986384478">
    <tag k="local_x" v="52672.045"/>
    <tag k="local_y" v="67994.9272"/>
    <tag k="ele" v="12.1743"/>
  </node>
  <node id="10868" lat="25.02035231128" lon="121.53984083511">
    <tag k="local_x" v="52669.7283"/>
    <tag k="local_y" v="67995.4443"/>
    <tag k="ele" v="12.1773"/>
  </node>
  <node id="10869" lat="25.02034394423" lon="121.5398427941">
    <tag k="local_x" v="52669.916"/>
    <tag k="local_y" v="67994.5155"/>
    <tag k="ele" v="12.2148"/>
  </node>
  <node id="10870" lat="25.02033610639" lon="121.53984623423">
    <tag k="local_x" v="52670.2538"/>
    <tag k="local_y" v="67993.6437"/>
    <tag k="ele" v="12.2523"/>
  </node>
  <node id="10871" lat="25.02032887522" lon="121.5398510436">
    <tag k="local_x" v="52670.7305"/>
    <tag k="local_y" v="67992.8376"/>
    <tag k="ele" v="12.2898"/>
  </node>
  <node id="10872" lat="25.02032235248" lon="121.53985710407">
    <tag k="local_x" v="52671.3343"/>
    <tag k="local_y" v="67992.1086"/>
    <tag k="ele" v="12.3273"/>
  </node>
  <node id="10873" lat="25.02031665243" lon="121.53986427952">
    <tag k="local_x" v="52672.0516"/>
    <tag k="local_y" v="67991.4695"/>
    <tag k="ele" v="12.3648"/>
  </node>
  <node id="10874" lat="25.02031189274" lon="121.53987241893">
    <tag k="local_x" v="52672.8673"/>
    <tag k="local_y" v="67990.9335"/>
    <tag k="ele" v="12.4023"/>
  </node>
  <node id="10875" lat="25.02030818296" lon="121.53988136642">
    <tag k="local_x" v="52673.7658"/>
    <tag k="local_y" v="67990.5129"/>
    <tag k="ele" v="12.4398"/>
  </node>
  <node id="10876" lat="25.02030562898" lon="121.53989096317">
    <tag k="local_x" v="52674.7312"/>
    <tag k="local_y" v="67990.2196"/>
    <tag k="ele" v="12.4773"/>
  </node>
  <node id="10877" lat="25.02034717165" lon="121.53981672986">
    <tag k="local_x" v="52667.2896"/>
    <tag k="local_y" v="67994.9013"/>
    <tag k="ele" v="12.1773"/>
  </node>
  <node id="10878" lat="25.02033518772" lon="121.53981999708">
    <tag k="local_x" v="52667.605"/>
    <tag k="local_y" v="67993.5705"/>
    <tag k="ele" v="12.2148"/>
  </node>
  <node id="10879" lat="25.02032410244" lon="121.53982531086">
    <tag k="local_x" v="52668.128"/>
    <tag k="local_y" v="67992.337"/>
    <tag k="ele" v="12.2523"/>
  </node>
  <node id="10880" lat="25.02031406068" lon="121.5398324376">
    <tag k="local_x" v="52668.8352"/>
    <tag k="local_y" v="67991.2171"/>
    <tag k="ele" v="12.2898"/>
  </node>
  <node id="10881" lat="25.02030517849" lon="121.53984114999">
    <tag k="local_x" v="52669.7038"/>
    <tag k="local_y" v="67990.2239"/>
    <tag k="ele" v="12.3273"/>
  </node>
  <node id="10882" lat="25.02029756217" lon="121.53985123968">
    <tag k="local_x" v="52670.7129"/>
    <tag k="local_y" v="67989.3694"/>
    <tag k="ele" v="12.3648"/>
  </node>
  <node id="10883" lat="25.02029131365" lon="121.53986251123">
    <tag k="local_x" v="52671.8429"/>
    <tag k="local_y" v="67988.6651"/>
    <tag k="ele" v="12.4023"/>
  </node>
  <node id="10884" lat="25.02028654393" lon="121.53987477604">
    <tag k="local_x" v="52673.0749"/>
    <tag k="local_y" v="67988.1235"/>
    <tag k="ele" v="12.4398"/>
  </node>
  <node id="10885" lat="25.02028336583" lon="121.53988784648">
    <tag k="local_x" v="52674.3901"/>
    <tag k="local_y" v="67987.7573"/>
    <tag k="ele" v="12.4773"/>
  </node>
  <node id="10900" lat="25.01902304055" lon="121.54332366646">
    <tag k="local_x" v="53019.6122"/>
    <tag k="local_y" v="67844.4403"/>
    <tag k="ele" v="12.2971"/>
  </node>
  <node id="10901" lat="25.0190338406" lon="121.54331825534">
    <tag k="local_x" v="53019.079"/>
    <tag k="local_y" v="67845.6423"/>
    <tag k="ele" v="12.3383"/>
  </node>
  <node id="10902" lat="25.01904481774" lon="121.54331460699">
    <tag k="local_x" v="53018.7239"/>
    <tag k="local_y" v="67846.862"/>
    <tag k="ele" v="12.3795"/>
  </node>
  <node id="10903" lat="25.01905580089" lon="121.54331240135">
    <tag k="local_x" v="53018.5144"/>
    <tag k="local_y" v="67848.0808"/>
    <tag k="ele" v="12.4206"/>
  </node>
  <node id="10904" lat="25.01906669482" lon="121.54331131851">
    <tag k="local_x" v="53018.4181"/>
    <tag k="local_y" v="67849.2885"/>
    <tag k="ele" v="12.4618"/>
  </node>
  <node id="10905" lat="25.0190774479" lon="121.54331106475">
    <tag k="local_x" v="53018.4053"/>
    <tag k="local_y" v="67850.4797"/>
    <tag k="ele" v="12.503"/>
  </node>
  <node id="10906" lat="25.01908817331" lon="121.54331139696">
    <tag k="local_x" v="53018.4516"/>
    <tag k="local_y" v="67851.6672"/>
    <tag k="ele" v="12.5442"/>
  </node>
  <node id="10907" lat="25.01911805611" lon="121.54331405074">
    <tag k="local_x" v="53018.755"/>
    <tag k="local_y" v="67854.9739"/>
    <tag k="ele" v="12.6677"/>
  </node>
  <node id="10908" lat="25.01912730295" lon="121.54331451733">
    <tag k="local_x" v="53018.8131"/>
    <tag k="local_y" v="67855.9975"/>
    <tag k="ele" v="12.7089"/>
  </node>
  <node id="10909" lat="25.0190380664" lon="121.54336028632">
    <tag k="local_x" v="53023.3256"/>
    <tag k="local_y" v="67846.0647"/>
    <tag k="ele" v="12.2971"/>
  </node>
  <node id="10910" lat="25.01904424297" lon="121.54335730802">
    <tag k="local_x" v="53023.0324"/>
    <tag k="local_y" v="67846.752"/>
    <tag k="ele" v="12.3383"/>
  </node>
  <node id="10911" lat="25.01905106148" lon="121.54335524766">
    <tag k="local_x" v="53022.8326"/>
    <tag k="local_y" v="67847.5094"/>
    <tag k="ele" v="12.3795"/>
  </node>
  <node id="10912" lat="25.01905857267" lon="121.54335403034">
    <tag k="local_x" v="53022.7187"/>
    <tag k="local_y" v="67848.3426"/>
    <tag k="ele" v="12.4206"/>
  </node>
  <node id="10913" lat="25.01906675234" lon="121.543353584">
    <tag k="local_x" v="53022.6834"/>
    <tag k="local_y" v="67849.249"/>
    <tag k="ele" v="12.4618"/>
  </node>
  <node id="10914" lat="25.01907553359" lon="121.54335380538">
    <tag k="local_x" v="53022.7162"/>
    <tag k="local_y" v="67850.2213"/>
    <tag k="ele" v="12.503"/>
  </node>
  <node id="10915" lat="25.01908468017" lon="121.54335454467">
    <tag k="local_x" v="53022.8017"/>
    <tag k="local_y" v="67851.2335"/>
    <tag k="ele" v="12.5442"/>
  </node>
  <node id="10917" lat="25.01912604365" lon="121.54335886447">
    <tag k="local_x" v="53023.2869"/>
    <tag k="local_y" v="67855.8099"/>
    <tag k="ele" v="12.7089"/>
  </node>
  <node id="10932" lat="25.01901643518" lon="121.54332729889">
    <tag k="local_x" v="53019.9709"/>
    <tag k="local_y" v="67843.7048"/>
    <tag k="ele" v="12.3026"/>
  </node>
  <node id="10933" lat="25.01902141107" lon="121.54332139268">
    <tag k="local_x" v="53019.3808"/>
    <tag k="local_y" v="67844.2623"/>
    <tag k="ele" v="12.3492"/>
  </node>
  <node id="10934" lat="25.01902574799" lon="121.54331496386">
    <tag k="local_x" v="53018.7372"/>
    <tag k="local_y" v="67844.7496"/>
    <tag k="ele" v="12.3959"/>
  </node>
  <node id="10935" lat="25.01902950806" lon="121.54330799288">
    <tag k="local_x" v="53018.0382"/>
    <tag k="local_y" v="67845.1736"/>
    <tag k="ele" v="12.4425"/>
  </node>
  <node id="10936" lat="25.01903272912" lon="121.54330047333">
    <tag k="local_x" v="53017.2832"/>
    <tag k="local_y" v="67845.5385"/>
    <tag k="ele" v="12.4892"/>
  </node>
  <node id="10937" lat="25.01903544021" lon="121.54329241975">
    <tag k="local_x" v="53016.4737"/>
    <tag k="local_y" v="67845.8475"/>
    <tag k="ele" v="12.5358"/>
  </node>
  <node id="10938" lat="25.01903766694" lon="121.54328386453">
    <tag k="local_x" v="53015.613"/>
    <tag k="local_y" v="67846.1034"/>
    <tag k="ele" v="12.5825"/>
  </node>
  <node id="10939" lat="25.01903943682" lon="121.54327485095">
    <tag k="local_x" v="53014.7055"/>
    <tag k="local_y" v="67846.3092"/>
    <tag k="ele" v="12.6291"/>
  </node>
  <node id="10940" lat="25.01904078015" lon="121.54326543215">
    <tag k="local_x" v="53013.7566"/>
    <tag k="local_y" v="67846.4682"/>
    <tag k="ele" v="12.6758"/>
  </node>
  <node id="10941" lat="25.01904173274" lon="121.54325566619">
    <tag k="local_x" v="53012.7722"/>
    <tag k="local_y" v="67846.5843"/>
    <tag k="ele" v="12.7225"/>
  </node>
  <node id="10942" lat="25.01904233669" lon="121.543245613">
    <tag k="local_x" v="53011.7584"/>
    <tag k="local_y" v="67846.6621"/>
    <tag k="ele" v="12.7691"/>
  </node>
  <node id="10943" lat="25.01904263684" lon="121.54323533252">
    <tag k="local_x" v="53010.7213"/>
    <tag k="local_y" v="67846.7065"/>
    <tag k="ele" v="12.8158"/>
  </node>
  <node id="10944" lat="25.01904268143" lon="121.54322504911">
    <tag k="local_x" v="53009.6836"/>
    <tag k="local_y" v="67846.7226"/>
    <tag k="ele" v="12.8624"/>
  </node>
  <node id="10945" lat="25.01904232223" lon="121.54320369087">
    <tag k="local_x" v="53007.5278"/>
    <tag k="local_y" v="67846.706"/>
    <tag k="ele" v="12.9557"/>
  </node>
  <node id="10946" lat="25.01904308345" lon="121.54335443413">
    <tag k="local_x" v="53022.741"/>
    <tag k="local_y" v="67846.6267"/>
    <tag k="ele" v="12.3026"/>
  </node>
  <node id="10947" lat="25.01905074281" lon="121.54334539463">
    <tag k="local_x" v="53021.8379"/>
    <tag k="local_y" v="67847.4848"/>
    <tag k="ele" v="12.3492"/>
  </node>
  <node id="10948" lat="25.0190573423" lon="121.54333572552">
    <tag k="local_x" v="53020.87"/>
    <tag k="local_y" v="67848.2262"/>
    <tag k="ele" v="12.3959"/>
  </node>
  <node id="10949" lat="25.01906293731" lon="121.54332555199">
    <tag k="local_x" v="53019.85"/>
    <tag k="local_y" v="67848.8569"/>
    <tag k="ele" v="12.4425"/>
  </node>
  <node id="10950" lat="25.01906760388" lon="121.54331498512">
    <tag k="local_x" v="53018.7892"/>
    <tag k="local_y" v="67849.3852"/>
    <tag k="ele" v="12.4892"/>
  </node>
  <node id="10951" lat="25.01907142957" lon="121.54330411603">
    <tag k="local_x" v="53017.6969"/>
    <tag k="local_y" v="67849.8207"/>
    <tag k="ele" v="12.5358"/>
  </node>
  <node id="10952" lat="25.01907450542" lon="121.54329301896">
    <tag k="local_x" v="53016.5807"/>
    <tag k="local_y" v="67850.1734"/>
    <tag k="ele" v="12.5825"/>
  </node>
  <node id="10953" lat="25.01907691961" lon="121.54328175628">
    <tag k="local_x" v="53015.447"/>
    <tag k="local_y" v="67850.453"/>
    <tag k="ele" v="12.6291"/>
  </node>
  <node id="10954" lat="25.01907875662" lon="121.54327037952">
    <tag k="local_x" v="53014.3011"/>
    <tag k="local_y" v="67850.6688"/>
    <tag k="ele" v="12.6758"/>
  </node>
  <node id="10955" lat="25.01908009728" lon="121.54325893727">
    <tag k="local_x" v="53013.148"/>
    <tag k="local_y" v="67850.8297"/>
    <tag k="ele" v="12.7225"/>
  </node>
  <node id="10956" lat="25.01908101608" lon="121.54324747424">
    <tag k="local_x" v="53011.9923"/>
    <tag k="local_y" v="67850.9439"/>
    <tag k="ele" v="12.7691"/>
  </node>
  <node id="10957" lat="25.01908158391" lon="121.54323603913">
    <tag k="local_x" v="53010.839"/>
    <tag k="local_y" v="67851.0192"/>
    <tag k="ele" v="12.8158"/>
  </node>
  <node id="10958" lat="25.0190818673" lon="121.54322450928">
    <tag k="local_x" v="53009.6758"/>
    <tag k="local_y" v="67851.0631"/>
    <tag k="ele" v="12.8624"/>
  </node>
  <node id="10979" lat="25.019130778" lon="121.54331467252">
    <tag k="local_x" v="53018.8329"/>
    <tag k="local_y" v="67856.3822"/>
    <tag k="ele" v="12.7054"/>
  </node>
  <node id="10980" lat="25.01912260211" lon="121.54331550528">
    <tag k="local_x" v="53018.9072"/>
    <tag k="local_y" v="67855.4758"/>
    <tag k="ele" v="12.668"/>
  </node>
  <node id="10981" lat="25.01911443608" lon="121.54331706824">
    <tag k="local_x" v="53019.0552"/>
    <tag k="local_y" v="67854.5697"/>
    <tag k="ele" v="12.6305"/>
  </node>
  <node id="10982" lat="25.01910626968" lon="121.54331932981">
    <tag k="local_x" v="53019.2737"/>
    <tag k="local_y" v="67853.6628"/>
    <tag k="ele" v="12.5931"/>
  </node>
  <node id="10983" lat="25.01909809982" lon="121.54332225237">
    <tag k="local_x" v="53019.5589"/>
    <tag k="local_y" v="67852.7548"/>
    <tag k="ele" v="12.5556"/>
  </node>
  <node id="10984" lat="25.01908993332" lon="121.54332579423">
    <tag k="local_x" v="53019.9066"/>
    <tag k="local_y" v="67851.8465"/>
    <tag k="ele" v="12.5181"/>
  </node>
  <node id="10985" lat="25.01908177966" lon="121.54332990869">
    <tag k="local_x" v="53020.3121"/>
    <tag k="local_y" v="67850.939"/>
    <tag k="ele" v="12.4807"/>
  </node>
  <node id="10986" lat="25.01907364914" lon="121.54333454213">
    <tag k="local_x" v="53020.77"/>
    <tag k="local_y" v="67850.0335"/>
    <tag k="ele" v="12.4432"/>
  </node>
  <node id="10987" lat="25.01906555203" lon="121.54333963595">
    <tag k="local_x" v="53021.2744"/>
    <tag k="local_y" v="67849.1312"/>
    <tag k="ele" v="12.4057"/>
  </node>
  <node id="10988" lat="25.01905749856" lon="121.54334512959">
    <tag k="local_x" v="53021.8192"/>
    <tag k="local_y" v="67848.2333"/>
    <tag k="ele" v="12.3683"/>
  </node>
  <node id="10989" lat="25.01904949625" lon="121.54335096054">
    <tag k="local_x" v="53022.3981"/>
    <tag k="local_y" v="67847.3407"/>
    <tag k="ele" v="12.3308"/>
  </node>
  <node id="10990" lat="25.01904155167" lon="121.54335706232">
    <tag k="local_x" v="53023.0044"/>
    <tag k="local_y" v="67846.4542"/>
    <tag k="ele" v="12.2934"/>
  </node>
  <node id="10991" lat="25.01912583657" lon="121.54327056305">
    <tag k="local_x" v="53014.3757"/>
    <tag k="local_y" v="67855.8828"/>
    <tag k="ele" v="12.7054"/>
  </node>
  <node id="10992" lat="25.01911458838" lon="121.54327235067">
    <tag k="local_x" v="53014.5427"/>
    <tag k="local_y" v="67854.6351"/>
    <tag k="ele" v="12.668"/>
  </node>
  <node id="10993" lat="25.01910367963" lon="121.54327505387">
    <tag k="local_x" v="53014.8025"/>
    <tag k="local_y" v="67853.424"/>
    <tag k="ele" v="12.6305"/>
  </node>
  <node id="10994" lat="25.01909311472" lon="121.54327856954">
    <tag k="local_x" v="53015.1447"/>
    <tag k="local_y" v="67852.2501"/>
    <tag k="ele" v="12.5931"/>
  </node>
  <node id="10995" lat="25.01908288728" lon="121.54328279866">
    <tag k="local_x" v="53015.5593"/>
    <tag k="local_y" v="67851.1128"/>
    <tag k="ele" v="12.5556"/>
  </node>
  <node id="10996" lat="25.01907298734" lon="121.5432876472">
    <tag k="local_x" v="53016.0368"/>
    <tag k="local_y" v="67850.0111"/>
    <tag k="ele" v="12.5181"/>
  </node>
  <node id="10997" lat="25.01906339689" lon="121.54329302621">
    <tag k="local_x" v="53016.5682"/>
    <tag k="local_y" v="67848.9431"/>
    <tag k="ele" v="12.4807"/>
  </node>
  <node id="10998" lat="25.01905409978" lon="121.54329885559">
    <tag k="local_x" v="53017.1454"/>
    <tag k="local_y" v="67847.9071"/>
    <tag k="ele" v="12.4432"/>
  </node>
  <node id="10999" lat="25.0190450781" lon="121.54330505729">
    <tag k="local_x" v="53017.7605"/>
    <tag k="local_y" v="67846.9012"/>
    <tag k="ele" v="12.4057"/>
  </node>
  <node id="11000" lat="25.01903631485" lon="121.5433115552">
    <tag k="local_x" v="53018.4058"/>
    <tag k="local_y" v="67845.9236"/>
    <tag k="ele" v="12.3683"/>
  </node>
  <node id="11001" lat="25.01902779671" lon="121.54331828011">
    <tag k="local_x" v="53019.0743"/>
    <tag k="local_y" v="67844.9729"/>
    <tag k="ele" v="12.3308"/>
  </node>
  <node id="11002" lat="25.01901950942" lon="121.54332515985">
    <tag k="local_x" v="53019.7587"/>
    <tag k="local_y" v="67844.0476"/>
    <tag k="ele" v="12.2934"/>
  </node>
  <node id="11020" lat="25.01908194893" lon="121.54321376662">
    <tag k="local_x" v="53008.5918"/>
    <tag k="local_y" v="67851.0838"/>
    <tag k="ele" v="12.9091"/>
  </node>
  <node id="11021" lat="25.01908187698" lon="121.5432251285">
    <tag k="local_x" v="53009.7383"/>
    <tag k="local_y" v="67851.0635"/>
    <tag k="ele" v="12.8624"/>
  </node>
  <node id="11022" lat="25.01908157966" lon="121.54323661887">
    <tag k="local_x" v="53010.8975"/>
    <tag k="local_y" v="67851.0181"/>
    <tag k="ele" v="12.8158"/>
  </node>
  <node id="11023" lat="25.01908099058" lon="121.543248189">
    <tag k="local_x" v="53012.0644"/>
    <tag k="local_y" v="67850.9403"/>
    <tag k="ele" v="12.7691"/>
  </node>
  <node id="11024" lat="25.01908003706" lon="121.54325979415">
    <tag k="local_x" v="53013.2344"/>
    <tag k="local_y" v="67850.8221"/>
    <tag k="ele" v="12.7225"/>
  </node>
  <node id="11025" lat="25.01907864369" lon="121.54327138665">
    <tag k="local_x" v="53014.4026"/>
    <tag k="local_y" v="67850.6552"/>
    <tag k="ele" v="12.6758"/>
  </node>
  <node id="11026" lat="25.01907673237" lon="121.54328291986">
    <tag k="local_x" v="53015.5642"/>
    <tag k="local_y" v="67850.431"/>
    <tag k="ele" v="12.6291"/>
  </node>
  <node id="11027" lat="25.01907421589" lon="121.54329434031">
    <tag k="local_x" v="53016.7137"/>
    <tag k="local_y" v="67850.1399"/>
    <tag k="ele" v="12.5825"/>
  </node>
  <node id="11028" lat="25.01907100698" lon="121.5433055876">
    <tag k="local_x" v="53017.8449"/>
    <tag k="local_y" v="67849.7723"/>
    <tag k="ele" v="12.5358"/>
  </node>
  <node id="11029" lat="25.01906701281" lon="121.54331658651">
    <tag k="local_x" v="53018.9501"/>
    <tag k="local_y" v="67849.318"/>
    <tag k="ele" v="12.4892"/>
  </node>
  <node id="11030" lat="25.01906214669" lon="121.54332724492">
    <tag k="local_x" v="53020.0199"/>
    <tag k="local_y" v="67848.7675"/>
    <tag k="ele" v="12.4425"/>
  </node>
  <node id="11031" lat="25.0190563317" lon="121.54333745275">
    <tag k="local_x" v="53021.0431"/>
    <tag k="local_y" v="67848.1124"/>
    <tag k="ele" v="12.3959"/>
  </node>
  <node id="11032" lat="25.01904951242" lon="121.54334708185">
    <tag k="local_x" v="53022.0067"/>
    <tag k="local_y" v="67847.3467"/>
    <tag k="ele" v="12.3492"/>
  </node>
  <node id="11033" lat="25.01904165867" lon="121.54335600274">
    <tag k="local_x" v="53022.8976"/>
    <tag k="local_y" v="67846.4672"/>
    <tag k="ele" v="12.3026"/>
  </node>
  <node id="11035" lat="25.01904269337" lon="121.54322442468">
    <tag k="local_x" v="53009.6206"/>
    <tag k="local_y" v="67846.7246"/>
    <tag k="ele" v="12.8624"/>
  </node>
  <node id="11036" lat="25.01904266458" lon="121.54323475448">
    <tag k="local_x" v="53010.663"/>
    <tag k="local_y" v="67846.7102"/>
    <tag k="ele" v="12.8158"/>
  </node>
  <node id="11037" lat="25.01904238937" lon="121.54324490783">
    <tag k="local_x" v="53011.6873"/>
    <tag k="local_y" v="67846.6687"/>
    <tag k="ele" v="12.7691"/>
  </node>
  <node id="11038" lat="25.01904182382" lon="121.54325482579">
    <tag k="local_x" v="53012.6875"/>
    <tag k="local_y" v="67846.5953"/>
    <tag k="ele" v="12.7225"/>
  </node>
  <node id="11039" lat="25.01904092672" lon="121.54326444841">
    <tag k="local_x" v="53013.6575"/>
    <tag k="local_y" v="67846.4855"/>
    <tag k="ele" v="12.6758"/>
  </node>
  <node id="11040" lat="25.01903966137" lon="121.54327371764">
    <tag k="local_x" v="53014.5914"/>
    <tag k="local_y" v="67846.3353"/>
    <tag k="ele" v="12.6291"/>
  </node>
  <node id="11041" lat="25.01903799747" lon="121.54328258035">
    <tag k="local_x" v="53015.4838"/>
    <tag k="local_y" v="67846.1414"/>
    <tag k="ele" v="12.5825"/>
  </node>
  <node id="11042" lat="25.01903590748" lon="121.54329099225">
    <tag k="local_x" v="53016.3302"/>
    <tag k="local_y" v="67845.9008"/>
    <tag k="ele" v="12.5358"/>
  </node>
  <node id="11043" lat="25.01903336672" lon="121.54329892194">
    <tag k="local_x" v="53017.1274"/>
    <tag k="local_y" v="67845.6108"/>
    <tag k="ele" v="12.4892"/>
  </node>
  <node id="11044" lat="25.01903034617" lon="121.54330635588">
    <tag k="local_x" v="53017.874"/>
    <tag k="local_y" v="67845.2682"/>
    <tag k="ele" v="12.4425"/>
  </node>
  <node id="11045" lat="25.01902680705" lon="121.54331329849">
    <tag k="local_x" v="53018.5704"/>
    <tag k="local_y" v="67844.8687"/>
    <tag k="ele" v="12.3959"/>
  </node>
  <node id="11046" lat="25.01902268908" lon="121.54331977229">
    <tag k="local_x" v="53019.2188"/>
    <tag k="local_y" v="67844.4056"/>
    <tag k="ele" v="12.3492"/>
  </node>
  <node id="11047" lat="25.01901790671" lon="121.54332580107">
    <tag k="local_x" v="53019.8215"/>
    <tag k="local_y" v="67843.8694"/>
    <tag k="ele" v="12.3026"/>
  </node>
  <node id="11067" lat="25.01909755289" lon="121.5428463583">
    <tag k="local_x" v="52971.5333"/>
    <tag k="local_y" v="67853.2108"/>
    <tag k="ele" v="11.4567"/>
  </node>
  <node id="11068" lat="25.01909156379" lon="121.54284838016">
    <tag k="local_x" v="52971.7302"/>
    <tag k="local_y" v="67852.5453"/>
    <tag k="ele" v="11.6292"/>
  </node>
  <node id="11069" lat="25.01908615583" lon="121.54285174876">
    <tag k="local_x" v="52972.0637"/>
    <tag k="local_y" v="67851.9427"/>
    <tag k="ele" v="11.8017"/>
  </node>
  <node id="11070" lat="25.01908143516" lon="121.54285633206">
    <tag k="local_x" v="52972.5206"/>
    <tag k="local_y" v="67851.4149"/>
    <tag k="ele" v="11.9743"/>
  </node>
  <node id="11071" lat="25.01907755794" lon="121.54286194191">
    <tag k="local_x" v="52973.0821"/>
    <tag k="local_y" v="67850.9794"/>
    <tag k="ele" v="12.1468"/>
  </node>
  <node id="11072" lat="25.0190746755" lon="121.54286835655">
    <tag k="local_x" v="52973.726"/>
    <tag k="local_y" v="67850.6532"/>
    <tag k="ele" v="12.3193"/>
  </node>
  <node id="11073" lat="25.01907291119" lon="121.5428753565">
    <tag k="local_x" v="52974.4303"/>
    <tag k="local_y" v="67850.4502"/>
    <tag k="ele" v="12.4918"/>
  </node>
  <node id="11074" lat="25.01908595548" lon="121.54280828296">
    <tag k="local_x" v="52967.6771"/>
    <tag k="local_y" v="67851.9677"/>
    <tag k="ele" v="11.4567"/>
  </node>
  <node id="11075" lat="25.01907261849" lon="121.54281335049">
    <tag k="local_x" v="52968.1726"/>
    <tag k="local_y" v="67850.4851"/>
    <tag k="ele" v="11.6292"/>
  </node>
  <node id="11076" lat="25.01906078337" lon="121.54282121354">
    <tag k="local_x" v="52968.952"/>
    <tag k="local_y" v="67849.1658"/>
    <tag k="ele" v="11.8017"/>
  </node>
  <node id="11077" lat="25.01905070862" lon="121.542831438">
    <tag k="local_x" v="52969.9718"/>
    <tag k="local_y" v="67848.0389"/>
    <tag k="ele" v="11.9743"/>
  </node>
  <node id="11078" lat="25.01904260266" lon="121.54284364189">
    <tag k="local_x" v="52971.1937"/>
    <tag k="local_y" v="67847.1279"/>
    <tag k="ele" v="12.1468"/>
  </node>
  <node id="11079" lat="25.01903668154" lon="121.54285747978">
    <tag k="local_x" v="52972.5831"/>
    <tag k="local_y" v="67846.4571"/>
    <tag k="ele" v="12.3193"/>
  </node>
  <node id="11080" lat="25.01903318741" lon="121.542872603">
    <tag k="local_x" v="52974.1051"/>
    <tag k="local_y" v="67846.0537"/>
    <tag k="ele" v="12.4918"/>
  </node>
  <node id="11093" lat="25.01908642978" lon="121.54284432544">
    <tag k="local_x" v="52971.3149"/>
    <tag k="local_y" v="67851.9811"/>
    <tag k="ele" v="11.4905"/>
  </node>
  <node id="11094" lat="25.01907269155" lon="121.54284014637">
    <tag k="local_x" v="52970.8768"/>
    <tag k="local_y" v="67850.4641"/>
    <tag k="ele" v="11.6968"/>
  </node>
  <node id="11095" lat="25.01905977774" lon="121.54283320973">
    <tag k="local_x" v="52970.1614"/>
    <tag k="local_y" v="67849.0414"/>
    <tag k="ele" v="11.9031"/>
  </node>
  <node id="11096" lat="25.01904822579" lon="121.54282335259">
    <tag k="local_x" v="52969.1529"/>
    <tag k="local_y" v="67847.7727"/>
    <tag k="ele" v="12.1093"/>
  </node>
  <node id="11097" lat="25.01903883303" lon="121.54281048725">
    <tag k="local_x" v="52967.8434"/>
    <tag k="local_y" v="67846.7464"/>
    <tag k="ele" v="12.3156"/>
  </node>
  <node id="11098" lat="25.01903260758" lon="121.54279493874">
    <tag k="local_x" v="52966.2669"/>
    <tag k="local_y" v="67846.0738"/>
    <tag k="ele" v="12.5219"/>
  </node>
  <node id="11099" lat="25.01909599923" lon="121.54280567317">
    <tag k="local_x" v="52967.4257"/>
    <tag k="local_y" v="67853.0829"/>
    <tag k="ele" v="11.4905"/>
  </node>
  <node id="11100" lat="25.01908860972" lon="121.54280355163">
    <tag k="local_x" v="52967.2028"/>
    <tag k="local_y" v="67852.2668"/>
    <tag k="ele" v="11.6968"/>
  </node>
  <node id="11101" lat="25.01908222385" lon="121.54280037579">
    <tag k="local_x" v="52966.8747"/>
    <tag k="local_y" v="67851.563"/>
    <tag k="ele" v="11.9031"/>
  </node>
  <node id="11102" lat="25.01907713616" lon="121.54279653258">
    <tag k="local_x" v="52966.4808"/>
    <tag k="local_y" v="67851.0037"/>
    <tag k="ele" v="12.1093"/>
  </node>
  <node id="11103" lat="25.01907338672" lon="121.54279233468">
    <tag k="local_x" v="52966.0527"/>
    <tag k="local_y" v="67850.593"/>
    <tag k="ele" v="12.3156"/>
  </node>
  <node id="11104" lat="25.01907080028" lon="121.5427876801">
    <tag k="local_x" v="52965.5799"/>
    <tag k="local_y" v="67850.3116"/>
    <tag k="ele" v="12.5219"/>
  </node>
  <node id="11116" lat="25.01906919554" lon="121.54278212704">
    <tag k="local_x" v="52965.0176"/>
    <tag k="local_y" v="67850.1399"/>
    <tag k="ele" v="12.5219"/>
  </node>
  <node id="11117" lat="25.01907075048" lon="121.54278785014">
    <tag k="local_x" v="52965.597"/>
    <tag k="local_y" v="67850.3059"/>
    <tag k="ele" v="12.3156"/>
  </node>
  <node id="11118" lat="25.01907405031" lon="121.54279334156">
    <tag k="local_x" v="52966.1551"/>
    <tag k="local_y" v="67850.6654"/>
    <tag k="ele" v="12.1093"/>
  </node>
  <node id="11119" lat="25.01907905854" lon="121.5427982896">
    <tag k="local_x" v="52966.6604"/>
    <tag k="local_y" v="67851.2147"/>
    <tag k="ele" v="11.9031"/>
  </node>
  <node id="11120" lat="25.01908548423" lon="121.54280230429">
    <tag k="local_x" v="52967.0732"/>
    <tag k="local_y" v="67851.922"/>
    <tag k="ele" v="11.6968"/>
  </node>
  <node id="11121" lat="25.0190928847" lon="121.54280508268">
    <tag k="local_x" v="52967.3624"/>
    <tag k="local_y" v="67852.7386"/>
    <tag k="ele" v="11.4905"/>
  </node>
  <node id="11122" lat="25.01903422295" lon="121.54280046987">
    <tag k="local_x" v="52966.827"/>
    <tag k="local_y" v="67846.2467"/>
    <tag k="ele" v="12.5219"/>
  </node>
  <node id="11123" lat="25.01904147005" lon="121.5428149599">
    <tag k="local_x" v="52968.2979"/>
    <tag k="local_y" v="67847.0336"/>
    <tag k="ele" v="12.3156"/>
  </node>
  <node id="11124" lat="25.01905129993" lon="121.54282654672">
    <tag k="local_x" v="52969.4789"/>
    <tag k="local_y" v="67848.1097"/>
    <tag k="ele" v="12.1093"/>
  </node>
  <node id="11125" lat="25.01906291345" lon="121.54283531609">
    <tag k="local_x" v="52970.3777"/>
    <tag k="local_y" v="67849.3864"/>
    <tag k="ele" v="11.9031"/>
  </node>
  <node id="11126" lat="25.01907577315" lon="121.54284142991">
    <tag k="local_x" v="52971.01"/>
    <tag k="local_y" v="67850.804"/>
    <tag k="ele" v="11.6968"/>
  </node>
  <node id="11127" lat="25.0190894879" lon="121.54284496316">
    <tag k="local_x" v="52971.3829"/>
    <tag k="local_y" v="67852.3191"/>
    <tag k="ele" v="11.4905"/>
  </node>
  <node id="11139" lat="25.0190337836" lon="121.54286848459">
    <tag k="local_x" v="52973.6902"/>
    <tag k="local_y" v="67846.1242"/>
    <tag k="ele" v="12.4918"/>
  </node>
  <node id="11140" lat="25.01903794793" lon="121.54285366263">
    <tag k="local_x" v="52972.1994"/>
    <tag k="local_y" v="67846.6015"/>
    <tag k="ele" v="12.3193"/>
  </node>
  <node id="11141" lat="25.01904448666" lon="121.542840194">
    <tag k="local_x" v="52970.848"/>
    <tag k="local_y" v="67847.3403"/>
    <tag k="ele" v="12.1468"/>
  </node>
  <node id="11142" lat="25.01905318648" lon="121.54282842505">
    <tag k="local_x" v="52969.6707"/>
    <tag k="local_y" v="67848.3166"/>
    <tag k="ele" v="11.9743"/>
  </node>
  <node id="11143" lat="25.01906383806" lon="121.54281873879">
    <tag k="local_x" v="52968.7059"/>
    <tag k="local_y" v="67849.5068"/>
    <tag k="ele" v="11.8017"/>
  </node>
  <node id="11144" lat="25.01907618295" lon="121.54281157428">
    <tag k="local_x" v="52967.9976"/>
    <tag k="local_y" v="67850.8818"/>
    <tag k="ele" v="11.6292"/>
  </node>
  <node id="11145" lat="25.01908985264" lon="121.5428073788">
    <tag k="local_x" v="52967.5905"/>
    <tag k="local_y" v="67852.4003"/>
    <tag k="ele" v="11.4567"/>
  </node>
  <node id="11146" lat="25.01907229816" lon="121.54287950682">
    <tag k="local_x" v="52974.8484"/>
    <tag k="local_y" v="67850.3778"/>
    <tag k="ele" v="12.4918"/>
  </node>
  <node id="11147" lat="25.01907338961" lon="121.54287221159">
    <tag k="local_x" v="52974.1135"/>
    <tag k="local_y" v="67850.5066"/>
    <tag k="ele" v="12.3193"/>
  </node>
  <node id="11148" lat="25.01907564817" lon="121.54286543272">
    <tag k="local_x" v="52973.4321"/>
    <tag k="local_y" v="67850.7641"/>
    <tag k="ele" v="12.1468"/>
  </node>
  <node id="11149" lat="25.01907892523" lon="121.54285939097">
    <tag k="local_x" v="52972.8263"/>
    <tag k="local_y" v="67851.1336"/>
    <tag k="ele" v="11.9743"/>
  </node>
  <node id="11150" lat="25.01908306189" lon="121.54285427253">
    <tag k="local_x" v="52972.3147"/>
    <tag k="local_y" v="67851.5973"/>
    <tag k="ele" v="11.8017"/>
  </node>
  <node id="11151" lat="25.01908795288" lon="121.54285020746">
    <tag k="local_x" v="52971.9103"/>
    <tag k="local_y" v="67852.1434"/>
    <tag k="ele" v="11.6292"/>
  </node>
  <node id="11152" lat="25.01909360116" lon="121.54284731364">
    <tag k="local_x" v="52971.625"/>
    <tag k="local_y" v="67852.7721"/>
    <tag k="ele" v="11.4567"/>
  </node>
  <node id="11165" lat="25.01903268829" lon="121.54251582542">
    <tag k="local_x" v="52938.1002"/>
    <tag k="local_y" v="67846.3858"/>
    <tag k="ele" v="12.4695"/>
  </node>
  <node id="11166" lat="25.01904914185" lon="121.54252610723">
    <tag k="local_x" v="52939.1574"/>
    <tag k="local_y" v="67848.1969"/>
    <tag k="ele" v="12.7368"/>
  </node>
  <node id="11167" lat="25.0190208995" lon="121.54254075177">
    <tag k="local_x" v="52940.6016"/>
    <tag k="local_y" v="67845.0531"/>
    <tag k="ele" v="12.4695"/>
  </node>
  <node id="11168" lat="25.01902391431" lon="121.54254406353">
    <tag k="local_x" v="52940.9394"/>
    <tag k="local_y" v="67845.3834"/>
    <tag k="ele" v="12.7368"/>
  </node>
  <node id="11176" lat="25.01905391318" lon="121.5424646241">
    <tag k="local_x" v="52932.9585"/>
    <tag k="local_y" v="67848.7921"/>
    <tag k="ele" v="12.9901"/>
  </node>
  <node id="11177" lat="25.01902303479" lon="121.54251366623">
    <tag k="local_x" v="52937.8708"/>
    <tag k="local_y" v="67845.319"/>
    <tag k="ele" v="12.3008"/>
  </node>
  <node id="11178" lat="25.01902933587" lon="121.54251058732">
    <tag k="local_x" v="52937.5676"/>
    <tag k="local_y" v="67846.0202"/>
    <tag k="ele" v="12.3994"/>
  </node>
  <node id="11179" lat="25.01903503905" lon="121.54250592701">
    <tag k="local_x" v="52937.1041"/>
    <tag k="local_y" v="67846.6569"/>
    <tag k="ele" v="12.498"/>
  </node>
  <node id="11180" lat="25.0190401715" lon="121.54249978406">
    <tag k="local_x" v="52936.4903"/>
    <tag k="local_y" v="67847.232"/>
    <tag k="ele" v="12.5966"/>
  </node>
  <node id="11181" lat="25.01904466831" lon="121.54249235348">
    <tag k="local_x" v="52935.7458"/>
    <tag k="local_y" v="67847.7381"/>
    <tag k="ele" v="12.6951"/>
  </node>
  <node id="11182" lat="25.01904845275" lon="121.54248391264">
    <tag k="local_x" v="52934.8985"/>
    <tag k="local_y" v="67848.1664"/>
    <tag k="ele" v="12.7937"/>
  </node>
  <node id="11183" lat="25.0190514594" lon="121.54247478931">
    <tag k="local_x" v="52933.9814"/>
    <tag k="local_y" v="67848.5093"/>
    <tag k="ele" v="12.8923"/>
  </node>
  <node id="11184" lat="25.01903123044" lon="121.5425370426">
    <tag k="local_x" v="52940.2396"/>
    <tag k="local_y" v="67846.2013"/>
    <tag k="ele" v="12.3008"/>
  </node>
  <node id="11185" lat="25.01904256798" lon="121.54253267348">
    <tag k="local_x" v="52939.8122"/>
    <tag k="local_y" v="67847.4617"/>
    <tag k="ele" v="12.3994"/>
  </node>
  <node id="11186" lat="25.0190526194" lon="121.54252596509">
    <tag k="local_x" v="52939.1472"/>
    <tag k="local_y" v="67848.5822"/>
    <tag k="ele" v="12.498"/>
  </node>
  <node id="11187" lat="25.01906135833" lon="121.54251745087">
    <tag k="local_x" v="52938.2984"/>
    <tag k="local_y" v="67849.5593"/>
    <tag k="ele" v="12.5966"/>
  </node>
  <node id="11188" lat="25.01906884774" lon="121.54250756708">
    <tag k="local_x" v="52937.3099"/>
    <tag k="local_y" v="67850.3995"/>
    <tag k="ele" v="12.6951"/>
  </node>
  <node id="11189" lat="25.01907516694" lon="121.54249666752">
    <tag k="local_x" v="52936.2175"/>
    <tag k="local_y" v="67851.1112"/>
    <tag k="ele" v="12.7937"/>
  </node>
  <node id="11190" lat="25.01908037941" lon="121.54248505667">
    <tag k="local_x" v="52935.052"/>
    <tag k="local_y" v="67851.7011"/>
    <tag k="ele" v="12.8923"/>
  </node>
  <node id="11203" lat="25.01907117713" lon="121.54248425468">
    <tag k="local_x" v="52934.9601"/>
    <tag k="local_y" v="67850.6828"/>
    <tag k="ele" v="12.8752"/>
  </node>
  <node id="11204" lat="25.01906687493" lon="121.54249790403">
    <tag k="local_x" v="52936.3324"/>
    <tag k="local_y" v="67850.1915"/>
    <tag k="ele" v="12.7631"/>
  </node>
  <node id="11205" lat="25.01906071793" lon="121.54251070425">
    <tag k="local_x" v="52937.6168"/>
    <tag k="local_y" v="67849.4957"/>
    <tag k="ele" v="12.6509"/>
  </node>
  <node id="11206" lat="25.01905251065" lon="121.54252205616">
    <tag k="local_x" v="52938.7526"/>
    <tag k="local_y" v="67848.5744"/>
    <tag k="ele" v="12.5387"/>
  </node>
  <node id="11207" lat="25.01904211664" lon="121.54253112007">
    <tag k="local_x" v="52939.6549"/>
    <tag k="local_y" v="67847.4134"/>
    <tag k="ele" v="12.4265"/>
  </node>
  <node id="11208" lat="25.01902974246" lon="121.542536861">
    <tag k="local_x" v="52940.2195"/>
    <tag k="local_y" v="67846.0367"/>
    <tag k="ele" v="12.3144"/>
  </node>
  <node id="11209" lat="25.01904684072" lon="121.54247605279">
    <tag k="local_x" v="52934.1034"/>
    <tag k="local_y" v="67847.9964"/>
    <tag k="ele" v="12.8752"/>
  </node>
  <node id="11210" lat="25.01904449999" lon="121.54248614432">
    <tag k="local_x" v="52935.119"/>
    <tag k="local_y" v="67847.7262"/>
    <tag k="ele" v="12.7631"/>
  </node>
  <node id="11211" lat="25.01904112155" lon="121.54249519772">
    <tag k="local_x" v="52936.0286"/>
    <tag k="local_y" v="67847.3422"/>
    <tag k="ele" v="12.6509"/>
  </node>
  <node id="11212" lat="25.01903689877" lon="121.54250276578">
    <tag k="local_x" v="52936.7873"/>
    <tag k="local_y" v="67846.8663"/>
    <tag k="ele" v="12.5387"/>
  </node>
  <node id="11213" lat="25.01903196595" lon="121.54250864178">
    <tag k="local_x" v="52937.3744"/>
    <tag k="local_y" v="67846.3136"/>
    <tag k="ele" v="12.4265"/>
  </node>
  <node id="11214" lat="25.01902611442" lon="121.54251281433">
    <tag k="local_x" v="52937.7885"/>
    <tag k="local_y" v="67845.661"/>
    <tag k="ele" v="12.3144"/>
  </node>
  <node id="11226" lat="25.01902388845" lon="121.54254409654">
    <tag k="local_x" v="52940.9427"/>
    <tag k="local_y" v="67845.3805"/>
    <tag k="ele" v="12.7368"/>
  </node>
  <node id="11227" lat="25.01902088132" lon="121.5425407391">
    <tag k="local_x" v="52940.6003"/>
    <tag k="local_y" v="67845.0511"/>
    <tag k="ele" v="12.4695"/>
  </node>
  <node id="11228" lat="25.01904914244" lon="121.54252607552">
    <tag k="local_x" v="52939.1542"/>
    <tag k="local_y" v="67848.197"/>
    <tag k="ele" v="12.7368"/>
  </node>
  <node id="11229" lat="25.01903267477" lon="121.54251582757">
    <tag k="local_x" v="52938.1004"/>
    <tag k="local_y" v="67846.3843"/>
    <tag k="ele" v="12.4695"/>
  </node>
  <node id="11237" lat="25.01911549129" lon="121.54253755871">
    <tag k="local_x" v="52940.3921"/>
    <tag k="local_y" v="67855.5328"/>
    <tag k="ele" v="12.3388"/>
  </node>
  <node id="11238" lat="25.01911047458" lon="121.54252815556">
    <tag k="local_x" v="52939.4372"/>
    <tag k="local_y" v="67854.9874"/>
    <tag k="ele" v="12.3735"/>
  </node>
  <node id="11239" lat="25.01910591109" lon="121.54251856373">
    <tag k="local_x" v="52938.4638"/>
    <tag k="local_y" v="67854.4924"/>
    <tag k="ele" v="12.4081"/>
  </node>
  <node id="11240" lat="25.01910178115" lon="121.54250880328">
    <tag k="local_x" v="52937.4739"/>
    <tag k="local_y" v="67854.0456"/>
    <tag k="ele" v="12.4427"/>
  </node>
  <node id="11241" lat="25.01909806326" lon="121.5424988913">
    <tag k="local_x" v="52936.4692"/>
    <tag k="local_y" v="67853.6446"/>
    <tag k="ele" v="12.4773"/>
  </node>
  <node id="11242" lat="25.01909473683" lon="121.54248884489">
    <tag k="local_x" v="52935.4514"/>
    <tag k="local_y" v="67853.2871"/>
    <tag k="ele" v="12.512"/>
  </node>
  <node id="11243" lat="25.01909178035" lon="121.54247868214">
    <tag k="local_x" v="52934.4223"/>
    <tag k="local_y" v="67852.9707"/>
    <tag k="ele" v="12.5466"/>
  </node>
  <node id="11244" lat="25.0190891714" lon="121.54246841817">
    <tag k="local_x" v="52933.3834"/>
    <tag k="local_y" v="67852.6929"/>
    <tag k="ele" v="12.5812"/>
  </node>
  <node id="11245" lat="25.01908688757" lon="121.54245806812">
    <tag k="local_x" v="52932.3362"/>
    <tag k="local_y" v="67852.4512"/>
    <tag k="ele" v="12.6158"/>
  </node>
  <node id="11246" lat="25.01908490821" lon="121.54244764609">
    <tag k="local_x" v="52931.2821"/>
    <tag k="local_y" v="67852.2433"/>
    <tag k="ele" v="12.6505"/>
  </node>
  <node id="11247" lat="25.01908321271" lon="121.54243716622">
    <tag k="local_x" v="52930.2225"/>
    <tag k="local_y" v="67852.0669"/>
    <tag k="ele" v="12.6851"/>
  </node>
  <node id="11248" lat="25.01908177771" lon="121.54242664263">
    <tag k="local_x" v="52929.1588"/>
    <tag k="local_y" v="67851.9194"/>
    <tag k="ele" v="12.7197"/>
  </node>
  <node id="11249" lat="25.01908058439" lon="121.54241608746">
    <tag k="local_x" v="52928.0922"/>
    <tag k="local_y" v="67851.7987"/>
    <tag k="ele" v="12.7543"/>
  </node>
  <node id="11250" lat="25.01907961031" lon="121.54240551484">
    <tag k="local_x" v="52927.0241"/>
    <tag k="local_y" v="67851.7023"/>
    <tag k="ele" v="12.789"/>
  </node>
  <node id="11251" lat="25.01907882996" lon="121.54239481011">
    <tag k="local_x" v="52925.9429"/>
    <tag k="local_y" v="67851.6275"/>
    <tag k="ele" v="12.8236"/>
  </node>
  <node id="11252" lat="25.01907784579" lon="121.54237372482">
    <tag k="local_x" v="52923.8139"/>
    <tag k="local_y" v="67851.5414"/>
    <tag k="ele" v="12.8928"/>
  </node>
  <node id="11253" lat="25.01913897358" lon="121.54252255914">
    <tag k="local_x" v="52938.9064"/>
    <tag k="local_y" v="67858.1498"/>
    <tag k="ele" v="12.3388"/>
  </node>
  <node id="11254" lat="25.01913466869" lon="121.54251438525">
    <tag k="local_x" v="52938.0764"/>
    <tag k="local_y" v="67857.6819"/>
    <tag k="ele" v="12.3735"/>
  </node>
  <node id="11255" lat="25.01913074102" lon="121.54250600773">
    <tag k="local_x" v="52937.2263"/>
    <tag k="local_y" v="67857.256"/>
    <tag k="ele" v="12.4081"/>
  </node>
  <node id="11256" lat="25.01912717349" lon="121.54249743371">
    <tag k="local_x" v="52936.3568"/>
    <tag k="local_y" v="67856.8702"/>
    <tag k="ele" v="12.4427"/>
  </node>
  <node id="11257" lat="25.01912394813" lon="121.54248867135">
    <tag k="local_x" v="52935.4687"/>
    <tag k="local_y" v="67856.5225"/>
    <tag k="ele" v="12.4773"/>
  </node>
  <node id="11258" lat="25.01912105149" lon="121.54247973069">
    <tag k="local_x" v="52934.563"/>
    <tag k="local_y" v="67856.2114"/>
    <tag k="ele" v="12.512"/>
  </node>
  <node id="11259" lat="25.01911846561" lon="121.54247062188">
    <tag k="local_x" v="52933.6407"/>
    <tag k="local_y" v="67855.9349"/>
    <tag k="ele" v="12.5466"/>
  </node>
  <node id="11260" lat="25.01911617796" lon="121.54246135594">
    <tag k="local_x" v="52932.7029"/>
    <tag k="local_y" v="67855.6916"/>
    <tag k="ele" v="12.5812"/>
  </node>
  <node id="11261" lat="25.01911417058" lon="121.54245194401">
    <tag k="local_x" v="52931.7507"/>
    <tag k="local_y" v="67855.4795"/>
    <tag k="ele" v="12.6158"/>
  </node>
  <node id="11262" lat="25.01911242827" lon="121.54244240012">
    <tag k="local_x" v="52930.7855"/>
    <tag k="local_y" v="67855.2969"/>
    <tag k="ele" v="12.6505"/>
  </node>
  <node id="11263" lat="25.0191109367" lon="121.54243273634">
    <tag k="local_x" v="52929.8085"/>
    <tag k="local_y" v="67855.1422"/>
    <tag k="ele" v="12.6851"/>
  </node>
  <node id="11264" lat="25.01910967884" lon="121.54242296575">
    <tag k="local_x" v="52928.821"/>
    <tag k="local_y" v="67855.0135"/>
    <tag k="ele" v="12.7197"/>
  </node>
  <node id="11265" lat="25.01910863857" lon="121.54241310143">
    <tag k="local_x" v="52927.8243"/>
    <tag k="local_y" v="67854.909"/>
    <tag k="ele" v="12.7543"/>
  </node>
  <node id="11266" lat="25.01910779887" lon="121.54240315844">
    <tag k="local_x" v="52926.8199"/>
    <tag k="local_y" v="67854.8268"/>
    <tag k="ele" v="12.789"/>
  </node>
  <node id="11267" lat="25.0191071503" lon="121.5423932776">
    <tag k="local_x" v="52925.822"/>
    <tag k="local_y" v="67854.7657"/>
    <tag k="ele" v="12.8236"/>
  </node>
  <node id="11268" lat="25.01910627966" lon="121.54237308875">
    <tag k="local_x" v="52923.7836"/>
    <tag k="local_y" v="67854.6912"/>
    <tag k="ele" v="12.8928"/>
  </node>
  <node id="11290" lat="25.01907770341" lon="121.54236215144">
    <tag k="local_x" v="52922.6458"/>
    <tag k="local_y" v="67851.5382"/>
    <tag k="ele" v="12.9292"/>
  </node>
  <node id="11291" lat="25.01907842008" lon="121.54237151817">
    <tag k="local_x" v="52923.5919"/>
    <tag k="local_y" v="67851.6074"/>
    <tag k="ele" v="12.8963"/>
  </node>
  <node id="11292" lat="25.01907954508" lon="121.54238081468">
    <tag k="local_x" v="52924.5314"/>
    <tag k="local_y" v="67851.7219"/>
    <tag k="ele" v="12.8634"/>
  </node>
  <node id="11293" lat="25.01908106042" lon="121.54239004712">
    <tag k="local_x" v="52925.4649"/>
    <tag k="local_y" v="67851.8797"/>
    <tag k="ele" v="12.8305"/>
  </node>
  <node id="11294" lat="25.01908294895" lon="121.54239921768">
    <tag k="local_x" v="52926.3926"/>
    <tag k="local_y" v="67852.0789"/>
    <tag k="ele" v="12.7976"/>
  </node>
  <node id="11295" lat="25.01908519357" lon="121.54240833052">
    <tag k="local_x" v="52927.3149"/>
    <tag k="local_y" v="67852.3176"/>
    <tag k="ele" v="12.7647"/>
  </node>
  <node id="11296" lat="25.01908777713" lon="121.54241738585">
    <tag k="local_x" v="52928.2318"/>
    <tag k="local_y" v="67852.5939"/>
    <tag k="ele" v="12.7318"/>
  </node>
  <node id="11297" lat="25.01909067978" lon="121.54242638688">
    <tag k="local_x" v="52929.1436"/>
    <tag k="local_y" v="67852.9056"/>
    <tag k="ele" v="12.6989"/>
  </node>
  <node id="11298" lat="25.01909388437" lon="121.54243533281">
    <tag k="local_x" v="52930.0502"/>
    <tag k="local_y" v="67853.2508"/>
    <tag k="ele" v="12.666"/>
  </node>
  <node id="11299" lat="25.01909737195" lon="121.54244422486">
    <tag k="local_x" v="52930.9517"/>
    <tag k="local_y" v="67853.6274"/>
    <tag k="ele" v="12.6332"/>
  </node>
  <node id="11300" lat="25.01910112355" lon="121.54245306227">
    <tag k="local_x" v="52931.848"/>
    <tag k="local_y" v="67854.0333"/>
    <tag k="ele" v="12.6003"/>
  </node>
  <node id="11301" lat="25.0191051184" lon="121.54246184527">
    <tag k="local_x" v="52932.7391"/>
    <tag k="local_y" v="67854.4662"/>
    <tag k="ele" v="12.5674"/>
  </node>
  <node id="11302" lat="25.01910933844" lon="121.5424705731">
    <tag k="local_x" v="52933.6249"/>
    <tag k="local_y" v="67854.9241"/>
    <tag k="ele" v="12.5345"/>
  </node>
  <node id="11303" lat="25.0191137611" lon="121.54247924601">
    <tag k="local_x" v="52934.5054"/>
    <tag k="local_y" v="67855.4045"/>
    <tag k="ele" v="12.5016"/>
  </node>
  <node id="11304" lat="25.01911831135" lon="121.54248776383">
    <tag k="local_x" v="52935.3704"/>
    <tag k="local_y" v="67855.8992"/>
    <tag k="ele" v="12.4687"/>
  </node>
  <node id="11305" lat="25.01912795185" lon="121.54250480498">
    <tag k="local_x" v="52937.1016"/>
    <tag k="local_y" v="67856.9484"/>
    <tag k="ele" v="12.4029"/>
  </node>
  <node id="11306" lat="25.01905120325" lon="121.54236459394">
    <tag k="local_x" v="52922.8607"/>
    <tag k="local_y" v="67848.6006"/>
    <tag k="ele" v="12.9292"/>
  </node>
  <node id="11307" lat="25.01905202754" lon="121.54237535958">
    <tag k="local_x" v="52923.9481"/>
    <tag k="local_y" v="67848.6802"/>
    <tag k="ele" v="12.8963"/>
  </node>
  <node id="11308" lat="25.01905331101" lon="121.54238599296">
    <tag k="local_x" v="52925.0227"/>
    <tag k="local_y" v="67848.8108"/>
    <tag k="ele" v="12.8634"/>
  </node>
  <node id="11309" lat="25.01905502928" lon="121.54239649139">
    <tag k="local_x" v="52926.0842"/>
    <tag k="local_y" v="67848.9897"/>
    <tag k="ele" v="12.8305"/>
  </node>
  <node id="11310" lat="25.01905715431" lon="121.54240685223">
    <tag k="local_x" v="52927.1323"/>
    <tag k="local_y" v="67849.2138"/>
    <tag k="ele" v="12.7976"/>
  </node>
  <node id="11311" lat="25.01905966176" lon="121.54241707776">
    <tag k="local_x" v="52928.1672"/>
    <tag k="local_y" v="67849.4804"/>
    <tag k="ele" v="12.7647"/>
  </node>
  <node id="11312" lat="25.01906252543" lon="121.54242716828">
    <tag k="local_x" v="52929.1889"/>
    <tag k="local_y" v="67849.7866"/>
    <tag k="ele" v="12.7318"/>
  </node>
  <node id="11313" lat="25.01906572007" lon="121.54243712507">
    <tag k="local_x" v="52930.1975"/>
    <tag k="local_y" v="67850.1296"/>
    <tag k="ele" v="12.6989"/>
  </node>
  <node id="11314" lat="25.0190692204" lon="121.54244694944">
    <tag k="local_x" v="52931.1931"/>
    <tag k="local_y" v="67850.5066"/>
    <tag k="ele" v="12.666"/>
  </node>
  <node id="11315" lat="25.01907300119" lon="121.54245664563">
    <tag k="local_x" v="52932.1761"/>
    <tag k="local_y" v="67850.9148"/>
    <tag k="ele" v="12.6332"/>
  </node>
  <node id="11316" lat="25.01907703988" lon="121.54246621591">
    <tag k="local_x" v="52933.1467"/>
    <tag k="local_y" v="67851.3517"/>
    <tag k="ele" v="12.6003"/>
  </node>
  <node id="11317" lat="25.01908131121" lon="121.54247566254">
    <tag k="local_x" v="52934.1051"/>
    <tag k="local_y" v="67851.8145"/>
    <tag k="ele" v="12.5674"/>
  </node>
  <node id="11318" lat="25.01908579174" lon="121.54248498978">
    <tag k="local_x" v="52935.0517"/>
    <tag k="local_y" v="67852.3006"/>
    <tag k="ele" v="12.5345"/>
  </node>
  <node id="11319" lat="25.01909045894" lon="121.54249419986">
    <tag k="local_x" v="52935.9867"/>
    <tag k="local_y" v="67852.8075"/>
    <tag k="ele" v="12.5016"/>
  </node>
  <node id="11320" lat="25.01909534631" lon="121.54250339645">
    <tag k="local_x" v="52936.9206"/>
    <tag k="local_y" v="67853.3388"/>
    <tag k="ele" v="12.4687"/>
  </node>
  <node id="11321" lat="25.01910544749" lon="121.54252128534">
    <tag k="local_x" v="52938.7379"/>
    <tag k="local_y" v="67854.4381"/>
    <tag k="ele" v="12.4029"/>
  </node>
  <node id="11343" lat="25.01912647684" lon="121.54192452433">
    <tag k="local_x" v="52878.5407"/>
    <tag k="local_y" v="67857.4153"/>
    <tag k="ele" v="12.1467"/>
  </node>
  <node id="11344" lat="25.01911363822" lon="121.5419228636">
    <tag k="local_x" v="52878.3578"/>
    <tag k="local_y" v="67855.9952"/>
    <tag k="ele" v="12.2327"/>
  </node>
  <node id="11345" lat="25.01910085199" lon="121.54191991701">
    <tag k="local_x" v="52878.0452"/>
    <tag k="local_y" v="67854.5823"/>
    <tag k="ele" v="12.3186"/>
  </node>
  <node id="11346" lat="25.01908843604" lon="121.54191541425">
    <tag k="local_x" v="52877.576"/>
    <tag k="local_y" v="67853.2121"/>
    <tag k="ele" v="12.4045"/>
  </node>
  <node id="11347" lat="25.01907676512" lon="121.54190899019">
    <tag k="local_x" v="52876.9138"/>
    <tag k="local_y" v="67851.9265"/>
    <tag k="ele" v="12.4905"/>
  </node>
  <node id="11348" lat="25.01906639657" lon="121.54190021017">
    <tag k="local_x" v="52876.0154"/>
    <tag k="local_y" v="67850.7877"/>
    <tag k="ele" v="12.5764"/>
  </node>
  <node id="11349" lat="25.01905821655" lon="121.54188883778">
    <tag k="local_x" v="52874.858"/>
    <tag k="local_y" v="67849.8941"/>
    <tag k="ele" v="12.6623"/>
  </node>
  <node id="11350" lat="25.0190532257" lon="121.54187526353">
    <tag k="local_x" v="52873.4822"/>
    <tag k="local_y" v="67849.3561"/>
    <tag k="ele" v="12.7483"/>
  </node>
  <node id="11351" lat="25.01912898076" lon="121.5418908467">
    <tag k="local_x" v="52875.1451"/>
    <tag k="local_y" v="67857.7292"/>
    <tag k="ele" v="12.1467"/>
  </node>
  <node id="11352" lat="25.0191186916" lon="121.54189043613">
    <tag k="local_x" v="52875.0914"/>
    <tag k="local_y" v="67856.5901"/>
    <tag k="ele" v="12.2327"/>
  </node>
  <node id="11353" lat="25.01910884607" lon="121.54188913542">
    <tag k="local_x" v="52874.9484"/>
    <tag k="local_y" v="67855.5011"/>
    <tag k="ele" v="12.3186"/>
  </node>
  <node id="11354" lat="25.01909990567" lon="121.54188695695">
    <tag k="local_x" v="52874.7179"/>
    <tag k="local_y" v="67854.5133"/>
    <tag k="ele" v="12.4045"/>
  </node>
  <node id="11355" lat="25.01909227422" lon="121.54188401189">
    <tag k="local_x" v="52874.4116"/>
    <tag k="local_y" v="67853.6713"/>
    <tag k="ele" v="12.4905"/>
  </node>
  <node id="11356" lat="25.01908617282" lon="121.54188047501">
    <tag k="local_x" v="52874.0474"/>
    <tag k="local_y" v="67852.9994"/>
    <tag k="ele" v="12.5764"/>
  </node>
  <node id="11357" lat="25.01908149476" lon="121.54187632873">
    <tag k="local_x" v="52873.6234"/>
    <tag k="local_y" v="67852.4858"/>
    <tag k="ele" v="12.6623"/>
  </node>
  <node id="11358" lat="25.01907801879" lon="121.54187092464">
    <tag k="local_x" v="52873.0739"/>
    <tag k="local_y" v="67852.1067"/>
    <tag k="ele" v="12.7483"/>
  </node>
  <node id="11372" lat="25.01913264" lon="121.54192552073">
    <tag k="local_x" v="52878.6486"/>
    <tag k="local_y" v="67858.0968"/>
    <tag k="ele" v="12.1249"/>
  </node>
  <node id="11373" lat="25.01912506949" lon="121.54192722341">
    <tag k="local_x" v="52878.8114"/>
    <tag k="local_y" v="67857.2565"/>
    <tag k="ele" v="12.1891"/>
  </node>
  <node id="11374" lat="25.0191179526" lon="121.54193006822">
    <tag k="local_x" v="52879.09"/>
    <tag k="local_y" v="67856.4652"/>
    <tag k="ele" v="12.2532"/>
  </node>
  <node id="11375" lat="25.01911125204" lon="121.54193402588">
    <tag k="local_x" v="52879.4814"/>
    <tag k="local_y" v="67855.7188"/>
    <tag k="ele" v="12.3174"/>
  </node>
  <node id="11376" lat="25.01910496843" lon="121.54193906766">
    <tag k="local_x" v="52879.9827"/>
    <tag k="local_y" v="67855.0174"/>
    <tag k="ele" v="12.3815"/>
  </node>
  <node id="11377" lat="25.01909913922" lon="121.54194514553">
    <tag k="local_x" v="52880.5891"/>
    <tag k="local_y" v="67854.3652"/>
    <tag k="ele" v="12.4457"/>
  </node>
  <node id="11378" lat="25.01909381336" lon="121.54195218757">
    <tag k="local_x" v="52881.2934"/>
    <tag k="local_y" v="67853.7677"/>
    <tag k="ele" v="12.5098"/>
  </node>
  <node id="11379" lat="25.01908904859" lon="121.54196009699">
    <tag k="local_x" v="52882.0859"/>
    <tag k="local_y" v="67853.2314"/>
    <tag k="ele" v="12.5739"/>
  </node>
  <node id="11380" lat="25.01908489619" lon="121.54196876218">
    <tag k="local_x" v="52882.9554"/>
    <tag k="local_y" v="67852.7621"/>
    <tag k="ele" v="12.6381"/>
  </node>
  <node id="11381" lat="25.01908140281" lon="121.54197806073">
    <tag k="local_x" v="52883.8896"/>
    <tag k="local_y" v="67852.3651"/>
    <tag k="ele" v="12.7022"/>
  </node>
  <node id="11382" lat="25.01907860602" lon="121.54198786434">
    <tag k="local_x" v="52884.8756"/>
    <tag k="local_y" v="67852.0447"/>
    <tag k="ele" v="12.7664"/>
  </node>
  <node id="11383" lat="25.01907653792" lon="121.54199803986">
    <tag k="local_x" v="52885.9"/>
    <tag k="local_y" v="67851.8046"/>
    <tag k="ele" v="12.8305"/>
  </node>
  <node id="11384" lat="25.0190752234" lon="121.54200845521">
    <tag k="local_x" v="52886.9495"/>
    <tag k="local_y" v="67851.6477"/>
    <tag k="ele" v="12.8947"/>
  </node>
  <node id="11385" lat="25.01912497797" lon="121.54189230309">
    <tag k="local_x" v="52875.2873"/>
    <tag k="local_y" v="67857.2843"/>
    <tag k="ele" v="12.1249"/>
  </node>
  <node id="11386" lat="25.01911321731" lon="121.54189596975">
    <tag k="local_x" v="52875.6433"/>
    <tag k="local_y" v="67855.9778"/>
    <tag k="ele" v="12.1891"/>
  </node>
  <node id="11387" lat="25.01910238605" lon="121.5419013229">
    <tag k="local_x" v="52876.1706"/>
    <tag k="local_y" v="67854.7724"/>
    <tag k="ele" v="12.2532"/>
  </node>
  <node id="11388" lat="25.01909255522" lon="121.54190814863">
    <tag k="local_x" v="52876.8477"/>
    <tag k="local_y" v="67853.6762"/>
    <tag k="ele" v="12.3174"/>
  </node>
  <node id="11389" lat="25.01908375074" lon="121.54191623658">
    <tag k="local_x" v="52877.6534"/>
    <tag k="local_y" v="67852.6923"/>
    <tag k="ele" v="12.3815"/>
  </node>
  <node id="11390" lat="25.01907596894" lon="121.54192539454">
    <tag k="local_x" v="52878.5683"/>
    <tag k="local_y" v="67851.8205"/>
    <tag k="ele" v="12.4457"/>
  </node>
  <node id="11391" lat="25.01906919099" lon="121.54193545427">
    <tag k="local_x" v="52879.5754"/>
    <tag k="local_y" v="67851.0589"/>
    <tag k="ele" v="12.5098"/>
  </node>
  <node id="11392" lat="25.0190633902" lon="121.54194627143">
    <tag k="local_x" v="52880.6601"/>
    <tag k="local_y" v="67850.4047"/>
    <tag k="ele" v="12.5739"/>
  </node>
  <node id="11393" lat="25.01905854544" lon="121.54195771643">
    <tag k="local_x" v="52881.8093"/>
    <tag k="local_y" v="67849.8557"/>
    <tag k="ele" v="12.6381"/>
  </node>
  <node id="11394" lat="25.01905464203" lon="121.54196967353">
    <tag k="local_x" v="52883.0113"/>
    <tag k="local_y" v="67849.4104"/>
    <tag k="ele" v="12.7022"/>
  </node>
  <node id="11395" lat="25.01905167164" lon="121.54198202985">
    <tag k="local_x" v="52884.2547"/>
    <tag k="local_y" v="67849.068"/>
    <tag k="ele" v="12.7664"/>
  </node>
  <node id="11396" lat="25.01904963501" lon="121.54199467737">
    <tag k="local_x" v="52885.5286"/>
    <tag k="local_y" v="67848.8287"/>
    <tag k="ele" v="12.8305"/>
  </node>
  <node id="11397" lat="25.01904853651" lon="121.54200750902">
    <tag k="local_x" v="52886.8222"/>
    <tag k="local_y" v="67848.6931"/>
    <tag k="ele" v="12.8947"/>
  </node>
  <node id="11416" lat="25.01905265034" lon="121.5418682476">
    <tag k="local_x" v="52872.7735"/>
    <tag k="local_y" v="67849.3"/>
    <tag k="ele" v="12.7709"/>
  </node>
  <node id="11417" lat="25.0190550175" lon="121.54187420089">
    <tag k="local_x" v="52873.3771"/>
    <tag k="local_y" v="67849.5557"/>
    <tag k="ele" v="12.6999"/>
  </node>
  <node id="11418" lat="25.01905901936" lon="121.54187918456">
    <tag k="local_x" v="52873.8848"/>
    <tag k="local_y" v="67849.9935"/>
    <tag k="ele" v="12.6289"/>
  </node>
  <node id="11419" lat="25.01906492885" lon="121.54188340845">
    <tag k="local_x" v="52874.3181"/>
    <tag k="local_y" v="67850.6434"/>
    <tag k="ele" v="12.5579"/>
  </node>
  <node id="11420" lat="25.01907267452" lon="121.54188676736">
    <tag k="local_x" v="52874.6663"/>
    <tag k="local_y" v="67851.4976"/>
    <tag k="ele" v="12.4869"/>
  </node>
  <node id="11421" lat="25.01908195408" lon="121.54188918856">
    <tag k="local_x" v="52874.9217"/>
    <tag k="local_y" v="67852.5227"/>
    <tag k="ele" v="12.4158"/>
  </node>
  <node id="11422" lat="25.01909239497" lon="121.54189070718">
    <tag k="local_x" v="52875.0874"/>
    <tag k="local_y" v="67853.6774"/>
    <tag k="ele" v="12.3448"/>
  </node>
  <node id="11423" lat="25.01910362353" lon="121.54189143068">
    <tag k="local_x" v="52875.1738"/>
    <tag k="local_y" v="67854.9202"/>
    <tag k="ele" v="12.2738"/>
  </node>
  <node id="11424" lat="25.01911528818" lon="121.5418915079">
    <tag k="local_x" v="52875.1955"/>
    <tag k="local_y" v="67856.212"/>
    <tag k="ele" v="12.2028"/>
  </node>
  <node id="11425" lat="25.0191270574" lon="121.54189110824">
    <tag k="local_x" v="52875.1692"/>
    <tag k="local_y" v="67857.5159"/>
    <tag k="ele" v="12.1318"/>
  </node>
  <node id="11426" lat="25.01903091186" lon="121.54187931053">
    <tag k="local_x" v="52873.864"/>
    <tag k="local_y" v="67846.8804"/>
    <tag k="ele" v="12.7709"/>
  </node>
  <node id="11427" lat="25.01903649896" lon="121.5418921821">
    <tag k="local_x" v="52875.1696"/>
    <tag k="local_y" v="67847.4852"/>
    <tag k="ele" v="12.6999"/>
  </node>
  <node id="11428" lat="25.01904467944" lon="121.54190231185">
    <tag k="local_x" v="52876.2016"/>
    <tag k="local_y" v="67848.3802"/>
    <tag k="ele" v="12.6289"/>
  </node>
  <node id="11429" lat="25.01905455662" lon="121.54190987685">
    <tag k="local_x" v="52876.9768"/>
    <tag k="local_y" v="67849.4659"/>
    <tag k="ele" v="12.5579"/>
  </node>
  <node id="11430" lat="25.01906557378" lon="121.54191537518">
    <tag k="local_x" v="52877.5448"/>
    <tag k="local_y" v="67850.6801"/>
    <tag k="ele" v="12.4869"/>
  </node>
  <node id="11431" lat="25.01907740857" lon="121.54191926646">
    <tag k="local_x" v="52877.9516"/>
    <tag k="local_y" v="67851.9866"/>
    <tag k="ele" v="12.4158"/>
  </node>
  <node id="11432" lat="25.01908980624" lon="121.5419219055">
    <tag k="local_x" v="52878.2327"/>
    <tag k="local_y" v="67853.3568"/>
    <tag k="ele" v="12.3448"/>
  </node>
  <node id="11433" lat="25.0191025131" lon="121.54192357274">
    <tag k="local_x" v="52878.4161"/>
    <tag k="local_y" v="67854.7623"/>
    <tag k="ele" v="12.2738"/>
  </node>
  <node id="11434" lat="25.01911525525" lon="121.54192451124">
    <tag k="local_x" v="52878.526"/>
    <tag k="local_y" v="67856.1725"/>
    <tag k="ele" v="12.2028"/>
  </node>
  <node id="11435" lat="25.0191277387" lon="121.54192494147">
    <tag k="local_x" v="52878.5843"/>
    <tag k="local_y" v="67857.5546"/>
    <tag k="ele" v="12.1318"/>
  </node>
  <node id="11451" lat="25.01907465524" lon="121.54200649988">
    <tag k="local_x" v="52886.7515"/>
    <tag k="local_y" v="67851.5869"/>
    <tag k="ele" v="12.8809"/>
  </node>
  <node id="11452" lat="25.01907502742" lon="121.54199316945">
    <tag k="local_x" v="52885.4067"/>
    <tag k="local_y" v="67851.6426"/>
    <tag k="ele" v="12.8064"/>
  </node>
  <node id="11453" lat="25.01907594263" lon="121.54197960172">
    <tag k="local_x" v="52884.0386"/>
    <tag k="local_y" v="67851.7587"/>
    <tag k="ele" v="12.7318"/>
  </node>
  <node id="11454" lat="25.01907754647" lon="121.54196600405">
    <tag k="local_x" v="52882.6683"/>
    <tag k="local_y" v="67851.9511"/>
    <tag k="ele" v="12.6573"/>
  </node>
  <node id="11455" lat="25.01908000969" lon="121.54195257063">
    <tag k="local_x" v="52881.3156"/>
    <tag k="local_y" v="67852.2385"/>
    <tag k="ele" v="12.5827"/>
  </node>
  <node id="11456" lat="25.01908354904" lon="121.54193949016">
    <tag k="local_x" v="52879.9998"/>
    <tag k="local_y" v="67852.6447"/>
    <tag k="ele" v="12.5082"/>
  </node>
  <node id="11457" lat="25.01908844746" lon="121.54192698025">
    <tag k="local_x" v="52878.7432"/>
    <tag k="local_y" v="67853.2008"/>
    <tag k="ele" v="12.4336"/>
  </node>
  <node id="11458" lat="25.01909504946" lon="121.54191536782">
    <tag k="local_x" v="52877.5792"/>
    <tag k="local_y" v="67853.9446"/>
    <tag k="ele" v="12.359"/>
  </node>
  <node id="11459" lat="25.01910366564" lon="121.54190520511">
    <tag k="local_x" v="52876.5639"/>
    <tag k="local_y" v="67854.9099"/>
    <tag k="ele" v="12.2845"/>
  </node>
  <node id="11460" lat="25.01911434068" lon="121.54189727244">
    <tag k="local_x" v="52875.7761"/>
    <tag k="local_y" v="67856.1008"/>
    <tag k="ele" v="12.2099"/>
  </node>
  <node id="11461" lat="25.0191267103" lon="121.54189226578">
    <tag k="local_x" v="52875.2856"/>
    <tag k="local_y" v="67857.4762"/>
    <tag k="ele" v="12.1354"/>
  </node>
  <node id="11462" lat="25.01910367821" lon="121.54200774548">
    <tag k="local_x" v="52886.9118"/>
    <tag k="local_y" v="67854.7999"/>
    <tag k="ele" v="12.8809"/>
  </node>
  <node id="11463" lat="25.01910420831" lon="121.54199578661">
    <tag k="local_x" v="52885.7056"/>
    <tag k="local_y" v="67854.8716"/>
    <tag k="ele" v="12.8064"/>
  </node>
  <node id="11464" lat="25.01910518311" lon="121.54198396815">
    <tag k="local_x" v="52884.5141"/>
    <tag k="local_y" v="67854.9924"/>
    <tag k="ele" v="12.7318"/>
  </node>
  <node id="11465" lat="25.01910667606" lon="121.54197259643">
    <tag k="local_x" v="52883.3683"/>
    <tag k="local_y" v="67855.1701"/>
    <tag k="ele" v="12.6573"/>
  </node>
  <node id="11466" lat="25.01910872909" lon="121.54196199003">
    <tag k="local_x" v="52882.3004"/>
    <tag k="local_y" v="67855.409"/>
    <tag k="ele" v="12.5827"/>
  </node>
  <node id="11467" lat="25.01911134181" lon="121.54195247496">
    <tag k="local_x" v="52881.3433"/>
    <tag k="local_y" v="67855.7087"/>
    <tag k="ele" v="12.5082"/>
  </node>
  <node id="11468" lat="25.01911444939" lon="121.5419443473">
    <tag k="local_x" v="52880.5268"/>
    <tag k="local_y" v="67856.0617"/>
    <tag k="ele" v="12.4336"/>
  </node>
  <node id="11469" lat="25.01911792183" lon="121.54193779289">
    <tag k="local_x" v="52879.8695"/>
    <tag k="local_y" v="67856.4534"/>
    <tag k="ele" v="12.359"/>
  </node>
  <node id="11470" lat="25.01912166395" lon="121.54193277421">
    <tag k="local_x" v="52879.3675"/>
    <tag k="local_y" v="67856.8733"/>
    <tag k="ele" v="12.2845"/>
  </node>
  <node id="11471" lat="25.0191258465" lon="121.54192902367">
    <tag k="local_x" v="52878.994"/>
    <tag k="local_y" v="67857.3406"/>
    <tag k="ele" v="12.2099"/>
  </node>
  <node id="11472" lat="25.01913105187" lon="121.54192635899">
    <tag k="local_x" v="52878.7313"/>
    <tag k="local_y" v="67857.92"/>
    <tag k="ele" v="12.1354"/>
  </node>
  <node id="11489" lat="25.0203072844" lon="121.54129097525">
    <tag k="local_x" v="52816.0144"/>
    <tag k="local_y" v="67988.8806"/>
    <tag k="ele" v="11.7525"/>
  </node>
  <node id="11490" lat="25.02059074379" lon="121.54129448998">
    <tag k="local_x" v="52816.7072"/>
    <tag k="local_y" v="68020.2705"/>
    <tag k="ele" v="11.4596"/>
  </node>
  <node id="11492" lat="25.02030769185" lon="121.54125134373">
    <tag k="local_x" v="52812.0155"/>
    <tag k="local_y" v="67988.9688"/>
    <tag k="ele" v="11.7525"/>
  </node>
  <node id="11493" lat="25.02059115213" lon="121.54125485835">
    <tag k="local_x" v="52812.7083"/>
    <tag k="local_y" v="68020.3588"/>
    <tag k="ele" v="11.4596"/>
  </node>
  <node id="11496" lat="25.02030809927" lon="121.54121171023">
    <tag k="local_x" v="52808.0164"/>
    <tag k="local_y" v="67989.057"/>
    <tag k="ele" v="11.7525"/>
  </node>
  <node id="11497" lat="25.02059156045" lon="121.54121522475">
    <tag k="local_x" v="52808.7092"/>
    <tag k="local_y" v="68020.4471"/>
    <tag k="ele" v="11.4596"/>
  </node>
  <node id="11732" lat="25.02029956629" lon="121.541251415">
    <tag k="local_x" v="52812.013"/>
    <tag k="local_y" v="67988.0688"/>
    <tag k="ele" v="11.8045"/>
  </node>
  <node id="11733" lat="25.02029099266" lon="121.54125183147">
    <tag k="local_x" v="52812.0448"/>
    <tag k="local_y" v="67987.1188"/>
    <tag k="ele" v="11.8564"/>
  </node>
  <node id="11734" lat="25.02028232807" lon="121.54125254728">
    <tag k="local_x" v="52812.1067"/>
    <tag k="local_y" v="67986.1584"/>
    <tag k="ele" v="11.9084"/>
  </node>
  <node id="11735" lat="25.02027383531" lon="121.54125347609">
    <tag k="local_x" v="52812.1903"/>
    <tag k="local_y" v="67985.2168"/>
    <tag k="ele" v="11.9604"/>
  </node>
  <node id="11736" lat="25.02021896272" lon="121.54126161422">
    <tag k="local_x" v="52812.9461"/>
    <tag k="local_y" v="67979.1307"/>
    <tag k="ele" v="12.2721"/>
  </node>
  <node id="11737" lat="25.02020949481" lon="121.54126281914">
    <tag k="local_x" v="52813.0564"/>
    <tag k="local_y" v="67978.0808"/>
    <tag k="ele" v="12.3241"/>
  </node>
  <node id="11738" lat="25.02019991201" lon="121.54126381732">
    <tag k="local_x" v="52813.1457"/>
    <tag k="local_y" v="67977.0184"/>
    <tag k="ele" v="12.3761"/>
  </node>
  <node id="11739" lat="25.02019021369" lon="121.54126454435">
    <tag k="local_x" v="52813.2075"/>
    <tag k="local_y" v="67975.9435"/>
    <tag k="ele" v="12.428"/>
  </node>
  <node id="11740" lat="25.02029794338" lon="121.54121181541">
    <tag k="local_x" v="52808.0149"/>
    <tag k="local_y" v="67987.9321"/>
    <tag k="ele" v="11.8045"/>
  </node>
  <node id="11741" lat="25.02028826706" lon="121.5412123004">
    <tag k="local_x" v="52808.0523"/>
    <tag k="local_y" v="67986.8599"/>
    <tag k="ele" v="11.8564"/>
  </node>
  <node id="11742" lat="25.02027870758" lon="121.54121309814">
    <tag k="local_x" v="52808.1214"/>
    <tag k="local_y" v="67985.8003"/>
    <tag k="ele" v="11.9084"/>
  </node>
  <node id="11743" lat="25.02026899649" lon="121.54121418108">
    <tag k="local_x" v="52808.2191"/>
    <tag k="local_y" v="67984.7236"/>
    <tag k="ele" v="11.9604"/>
  </node>
  <node id="11744" lat="25.02021479562" lon="121.54122222211">
    <tag k="local_x" v="52808.9659"/>
    <tag k="local_y" v="67978.712"/>
    <tag k="ele" v="12.2721"/>
  </node>
  <node id="11745" lat="25.02020606181" lon="121.54122333709">
    <tag k="local_x" v="52809.068"/>
    <tag k="local_y" v="67977.7435"/>
    <tag k="ele" v="12.3241"/>
  </node>
  <node id="11746" lat="25.02019742169" lon="121.54122424684">
    <tag k="local_x" v="52809.1495"/>
    <tag k="local_y" v="67976.7856"/>
    <tag k="ele" v="12.3761"/>
  </node>
  <node id="11747" lat="25.02018887208" lon="121.54122490283">
    <tag k="local_x" v="52809.2055"/>
    <tag k="local_y" v="67975.838"/>
    <tag k="ele" v="12.428"/>
  </node>
  <node id="11761" lat="25.02027220965" lon="121.54117228679">
    <tag k="local_x" v="52803.9952"/>
    <tag k="local_y" v="67985.125"/>
    <tag k="ele" v="12.4447"/>
  </node>
  <node id="11762" lat="25.02027296498" lon="121.54118429697">
    <tag k="local_x" v="52805.2081"/>
    <tag k="local_y" v="67985.1956"/>
    <tag k="ele" v="12.3818"/>
  </node>
  <node id="11763" lat="25.02027414697" lon="121.5411961723">
    <tag k="local_x" v="52806.4079"/>
    <tag k="local_y" v="67985.3136"/>
    <tag k="ele" v="12.3188"/>
  </node>
  <node id="11764" lat="25.02027583542" lon="121.54120757986">
    <tag k="local_x" v="52807.5611"/>
    <tag k="local_y" v="67985.4882"/>
    <tag k="ele" v="12.2559"/>
  </node>
  <node id="11765" lat="25.02027807833" lon="121.5412181673">
    <tag k="local_x" v="52808.6322"/>
    <tag k="local_y" v="67985.7251"/>
    <tag k="ele" v="12.193"/>
  </node>
  <node id="11766" lat="25.020280873" lon="121.54122756603">
    <tag k="local_x" v="52809.584"/>
    <tag k="local_y" v="67986.0244"/>
    <tag k="ele" v="12.1301"/>
  </node>
  <node id="11767" lat="25.02028412564" lon="121.54123542042">
    <tag k="local_x" v="52810.3805"/>
    <tag k="local_y" v="67986.3761"/>
    <tag k="ele" v="12.0671"/>
  </node>
  <node id="11768" lat="25.02028763794" lon="121.54124148706">
    <tag k="local_x" v="52810.9969"/>
    <tag k="local_y" v="67986.7585"/>
    <tag k="ele" v="12.0042"/>
  </node>
  <node id="11769" lat="25.02029121081" lon="121.54124581388">
    <tag k="local_x" v="52811.4378"/>
    <tag k="local_y" v="67987.1495"/>
    <tag k="ele" v="11.9413"/>
  </node>
  <node id="11770" lat="25.02029495545" lon="121.54124878307">
    <tag k="local_x" v="52811.7419"/>
    <tag k="local_y" v="67987.561"/>
    <tag k="ele" v="11.8784"/>
  </node>
  <node id="11771" lat="25.02029953698" lon="121.54125072764">
    <tag k="local_x" v="52811.9436"/>
    <tag k="local_y" v="67988.0663"/>
    <tag k="ele" v="11.8154"/>
  </node>
  <node id="11772" lat="25.0202484839" lon="121.54117276842">
    <tag k="local_x" v="52804.0155"/>
    <tag k="local_y" v="67982.4968"/>
    <tag k="ele" v="12.4447"/>
  </node>
  <node id="11773" lat="25.02024815315" lon="121.54118589633">
    <tag k="local_x" v="52805.3399"/>
    <tag k="local_y" v="67982.4459"/>
    <tag k="ele" v="12.3818"/>
  </node>
  <node id="11774" lat="25.02024832365" lon="121.54119931263">
    <tag k="local_x" v="52806.694"/>
    <tag k="local_y" v="67982.4502"/>
    <tag k="ele" v="12.3188"/>
  </node>
  <node id="11775" lat="25.02024915142" lon="121.54121281629">
    <tag k="local_x" v="52808.0577"/>
    <tag k="local_y" v="67982.5272"/>
    <tag k="ele" v="12.2559"/>
  </node>
  <node id="11776" lat="25.02025081893" lon="121.54122623075">
    <tag k="local_x" v="52809.4134"/>
    <tag k="local_y" v="67982.6973"/>
    <tag k="ele" v="12.193"/>
  </node>
  <node id="11777" lat="25.02025356386" lon="121.54123939365">
    <tag k="local_x" v="52810.745"/>
    <tag k="local_y" v="67982.987"/>
    <tag k="ele" v="12.1301"/>
  </node>
  <node id="11778" lat="25.02025771495" lon="121.5412521287">
    <tag k="local_x" v="52812.0351"/>
    <tag k="local_y" v="67983.4329"/>
    <tag k="ele" v="12.0671"/>
  </node>
  <node id="11779" lat="25.02026370276" lon="121.54126414739">
    <tag k="local_x" v="52813.2551"/>
    <tag k="local_y" v="67984.083"/>
    <tag k="ele" v="12.0042"/>
  </node>
  <node id="11780" lat="25.02027195954" lon="121.54127487184">
    <tag k="local_x" v="52814.3472"/>
    <tag k="local_y" v="67984.9858"/>
    <tag k="ele" v="11.9413"/>
  </node>
  <node id="11781" lat="25.02028260815" lon="121.54128338796">
    <tag k="local_x" v="52815.2193"/>
    <tag k="local_y" v="67986.1559"/>
    <tag k="ele" v="11.8784"/>
  </node>
  <node id="11782" lat="25.02029521845" lon="121.54128883177">
    <tag k="local_x" v="52815.7837"/>
    <tag k="local_y" v="67987.5466"/>
    <tag k="ele" v="11.8154"/>
  </node>
  <way id="427">
    <nd ref="291"/>
    <nd ref="327"/>
    <tag k="type" v="line_thin"/>
    <tag k="subtype" v="solid"/>
  </way>
  <way id="428">
    <nd ref="338"/>
    <nd ref="376"/>
    <tag k="type" v="line_thin"/>
    <tag k="subtype" v="solid"/>
  </way>
  <way id="2671">
    <nd ref="2391"/>
    <nd ref="2656"/>
    <nd ref="2657"/>
    <nd ref="2674"/>
    <tag k="type" v="line_thin"/>
    <tag k="subtype" v="solid"/>
  </way>
  <way id="2672">
    <nd ref="2520"/>
    <nd ref="2659"/>
    <nd ref="2661"/>
    <nd ref="2662"/>
    <nd ref="2663"/>
    <nd ref="2664"/>
    <nd ref="2821"/>
    <tag k="type" v="line_thin"/>
    <tag k="subtype" v="solid"/>
  </way>
  <way id="3949">
    <nd ref="3931"/>
    <nd ref="3932"/>
    <nd ref="3933"/>
    <nd ref="3934"/>
    <nd ref="3935"/>
    <nd ref="3952"/>
    <tag k="type" v="line_thin"/>
    <tag k="subtype" v="solid"/>
  </way>
  <way id="3950">
    <nd ref="3937"/>
    <nd ref="3939"/>
    <nd ref="3940"/>
    <nd ref="3941"/>
    <nd ref="3942"/>
    <nd ref="4044"/>
    <tag k="type" v="line_thin"/>
    <tag k="subtype" v="solid"/>
  </way>
  <way id="4757">
    <nd ref="4424"/>
    <nd ref="4587"/>
    <tag k="type" v="line_thin"/>
    <tag k="subtype" v="solid"/>
  </way>
  <way id="4769">
    <nd ref="4773"/>
    <nd ref="2355"/>
    <nd ref="2356"/>
    <nd ref="2357"/>
    <nd ref="2364"/>
    <nd ref="2365"/>
    <nd ref="2366"/>
    <nd ref="2391"/>
    <tag k="type" v="line_thin"/>
    <tag k="subtype" v="solid"/>
  </way>
  <way id="4770">
    <nd ref="4760"/>
    <nd ref="4767"/>
    <tag k="type" v="line_thin"/>
    <tag k="subtype" v="solid"/>
  </way>
  <way id="4771">
    <nd ref="4767"/>
    <nd ref="2484"/>
    <nd ref="2486"/>
    <nd ref="2492"/>
    <nd ref="2493"/>
    <nd ref="2494"/>
    <nd ref="2495"/>
    <nd ref="2520"/>
    <tag k="type" v="line_thin"/>
    <tag k="subtype" v="solid"/>
  </way>
  <way id="4776">
    <nd ref="4773"/>
    <nd ref="2820"/>
    <tag k="type" v="line_thin"/>
    <tag k="subtype" v="solid"/>
  </way>
  <way id="4778">
    <nd ref="4774"/>
    <nd ref="2967"/>
    <tag k="type" v="line_thin"/>
    <tag k="subtype" v="solid"/>
  </way>
  <way id="4782">
    <nd ref="4780"/>
    <nd ref="4781"/>
    <tag k="type" v="line_thin"/>
    <tag k="subtype" v="solid"/>
  </way>
  <way id="4800">
    <nd ref="4784"/>
    <nd ref="4798"/>
    <tag k="type" v="line_thin"/>
    <tag k="subtype" v="solid"/>
  </way>
  <way id="4802">
    <nd ref="4785"/>
    <nd ref="4799"/>
    <tag k="type" v="line_thin"/>
    <tag k="subtype" v="solid"/>
  </way>
  <way id="4807">
    <nd ref="4798"/>
    <nd ref="4805"/>
    <tag k="type" v="line_thin"/>
    <tag k="subtype" v="solid"/>
  </way>
  <way id="4808">
    <nd ref="4805"/>
    <nd ref="4791"/>
    <tag k="type" v="line_thin"/>
    <tag k="subtype" v="solid"/>
  </way>
  <way id="4809">
    <nd ref="4799"/>
    <nd ref="4806"/>
    <tag k="type" v="line_thin"/>
    <tag k="subtype" v="solid"/>
  </way>
  <way id="4810">
    <nd ref="4806"/>
    <nd ref="4792"/>
    <tag k="type" v="line_thin"/>
    <tag k="subtype" v="solid"/>
  </way>
  <way id="4814">
    <nd ref="4812"/>
    <nd ref="4813"/>
    <tag k="type" v="line_thin"/>
    <tag k="subtype" v="solid"/>
  </way>
  <way id="4817">
    <nd ref="4815"/>
    <nd ref="4816"/>
    <tag k="type" v="line_thin"/>
    <tag k="subtype" v="solid"/>
  </way>
  <way id="4821">
    <nd ref="875"/>
    <nd ref="888"/>
    <tag k="type" v="line_thin"/>
    <tag k="subtype" v="solid"/>
  </way>
  <way id="4823">
    <nd ref="4819"/>
    <nd ref="906"/>
    <tag k="type" v="line_thin"/>
    <tag k="subtype" v="solid"/>
  </way>
  <way id="4827">
    <nd ref="4825"/>
    <nd ref="4826"/>
    <tag k="type" v="line_thin"/>
    <tag k="subtype" v="solid"/>
  </way>
  <way id="4838">
    <nd ref="4836"/>
    <nd ref="4837"/>
    <tag k="type" v="line_thin"/>
    <tag k="subtype" v="solid"/>
  </way>
  <way id="4842">
    <nd ref="4840"/>
    <nd ref="4841"/>
    <tag k="type" v="line_thin"/>
    <tag k="subtype" v="solid"/>
  </way>
  <way id="4848">
    <nd ref="4844"/>
    <nd ref="4876"/>
    <nd ref="3519"/>
    <nd ref="3539"/>
    <tag k="type" v="line_thin"/>
    <tag k="subtype" v="solid"/>
  </way>
  <way id="4856">
    <nd ref="4850"/>
    <nd ref="4851"/>
    <tag k="type" v="line_thin"/>
    <tag k="subtype" v="solid"/>
  </way>
  <way id="4857">
    <nd ref="4852"/>
    <nd ref="4853"/>
    <tag k="type" v="line_thin"/>
    <tag k="subtype" v="solid"/>
  </way>
  <way id="4858">
    <nd ref="4854"/>
    <nd ref="4855"/>
    <tag k="type" v="line_thin"/>
    <tag k="subtype" v="solid"/>
  </way>
  <way id="4863">
    <nd ref="4861"/>
    <nd ref="4862"/>
    <tag k="type" v="line_thin"/>
    <tag k="subtype" v="solid"/>
  </way>
  <way id="4871">
    <nd ref="4864"/>
    <nd ref="2222"/>
    <tag k="type" v="line_thin"/>
    <tag k="subtype" v="solid"/>
  </way>
  <way id="4872">
    <nd ref="4865"/>
    <nd ref="2230"/>
    <tag k="type" v="line_thin"/>
    <tag k="subtype" v="solid"/>
  </way>
  <way id="4875">
    <nd ref="4873"/>
    <nd ref="4874"/>
    <tag k="type" v="line_thin"/>
    <tag k="subtype" v="solid"/>
  </way>
  <way id="4879">
    <nd ref="4877"/>
    <nd ref="4878"/>
    <tag k="type" v="line_thin"/>
    <tag k="subtype" v="solid"/>
  </way>
  <way id="4892">
    <nd ref="3952"/>
    <nd ref="3953"/>
    <nd ref="3954"/>
    <nd ref="3955"/>
    <nd ref="3956"/>
    <nd ref="3957"/>
    <nd ref="3958"/>
    <nd ref="3959"/>
    <nd ref="3960"/>
    <nd ref="3961"/>
    <nd ref="3963"/>
    <nd ref="3965"/>
    <nd ref="3966"/>
    <nd ref="3967"/>
    <nd ref="3968"/>
    <nd ref="3969"/>
    <nd ref="4890"/>
    <tag k="type" v="line_thin"/>
    <tag k="subtype" v="solid"/>
  </way>
  <way id="4894">
    <nd ref="4044"/>
    <nd ref="4045"/>
    <nd ref="4046"/>
    <nd ref="4047"/>
    <nd ref="4048"/>
    <nd ref="4049"/>
    <nd ref="4050"/>
    <nd ref="4051"/>
    <nd ref="4052"/>
    <nd ref="4053"/>
    <nd ref="4055"/>
    <nd ref="4057"/>
    <nd ref="4058"/>
    <nd ref="4059"/>
    <nd ref="4060"/>
    <nd ref="4061"/>
    <nd ref="4891"/>
    <tag k="type" v="line_thin"/>
    <tag k="subtype" v="solid"/>
  </way>
  <way id="4899">
    <nd ref="4890"/>
    <nd ref="4904"/>
    <tag k="type" v="line_thin"/>
    <tag k="subtype" v="solid"/>
  </way>
  <way id="4901">
    <nd ref="4891"/>
    <nd ref="4898"/>
    <tag k="type" v="line_thin"/>
    <tag k="subtype" v="solid"/>
  </way>
  <way id="4909">
    <nd ref="4905"/>
    <nd ref="3832"/>
    <tag k="type" v="line_thin"/>
    <tag k="subtype" v="solid"/>
  </way>
  <way id="4914">
    <nd ref="2674"/>
    <nd ref="2675"/>
    <nd ref="2676"/>
    <nd ref="2677"/>
    <nd ref="2678"/>
    <nd ref="2679"/>
    <nd ref="2680"/>
    <nd ref="2681"/>
    <nd ref="2682"/>
    <nd ref="2683"/>
    <nd ref="2684"/>
    <nd ref="4912"/>
    <tag k="type" v="line_thin"/>
    <tag k="subtype" v="solid"/>
  </way>
  <way id="4915">
    <nd ref="4912"/>
    <nd ref="4773"/>
    <tag k="type" v="line_thin"/>
    <tag k="subtype" v="solid"/>
  </way>
  <way id="4916">
    <nd ref="2821"/>
    <nd ref="2822"/>
    <nd ref="2823"/>
    <nd ref="2824"/>
    <nd ref="2825"/>
    <nd ref="2826"/>
    <nd ref="2827"/>
    <nd ref="2828"/>
    <nd ref="2829"/>
    <nd ref="2831"/>
    <nd ref="2832"/>
    <nd ref="4913"/>
    <tag k="type" v="line_thin"/>
    <tag k="subtype" v="solid"/>
  </way>
  <way id="4917">
    <nd ref="4913"/>
    <nd ref="4774"/>
    <tag k="type" v="line_thin"/>
    <tag k="subtype" v="solid"/>
  </way>
  <way id="4921">
    <nd ref="4919"/>
    <nd ref="4920"/>
    <nd ref="4922"/>
    <nd ref="4923"/>
    <nd ref="4924"/>
    <nd ref="4925"/>
    <nd ref="4926"/>
    <tag k="type" v="line_thin"/>
    <tag k="subtype" v="solid"/>
  </way>
  <way id="4933">
    <nd ref="4927"/>
    <nd ref="4928"/>
    <tag k="type" v="line_thin"/>
    <tag k="subtype" v="solid"/>
  </way>
  <way id="4934">
    <nd ref="4929"/>
    <nd ref="4930"/>
    <tag k="type" v="line_thin"/>
    <tag k="subtype" v="solid"/>
  </way>
  <way id="4935">
    <nd ref="4931"/>
    <nd ref="4932"/>
    <tag k="type" v="line_thin"/>
    <tag k="subtype" v="solid"/>
  </way>
  <way id="4944">
    <nd ref="4938"/>
    <nd ref="4939"/>
    <tag k="type" v="line_thin"/>
    <tag k="subtype" v="solid"/>
  </way>
  <way id="4945">
    <nd ref="4940"/>
    <nd ref="4941"/>
    <tag k="type" v="line_thin"/>
    <tag k="subtype" v="solid"/>
  </way>
  <way id="4946">
    <nd ref="4942"/>
    <nd ref="4943"/>
    <tag k="type" v="line_thin"/>
    <tag k="subtype" v="solid"/>
  </way>
  <way id="4976">
    <nd ref="4968"/>
    <nd ref="4969"/>
    <tag k="type" v="line_thin"/>
    <tag k="subtype" v="solid"/>
  </way>
  <way id="4977">
    <nd ref="4970"/>
    <nd ref="4971"/>
    <tag k="type" v="line_thin"/>
    <tag k="subtype" v="solid"/>
  </way>
  <way id="4978">
    <nd ref="4972"/>
    <nd ref="4968"/>
    <tag k="type" v="line_thin"/>
    <tag k="subtype" v="solid"/>
  </way>
  <way id="4979">
    <nd ref="4973"/>
    <nd ref="4970"/>
    <tag k="type" v="line_thin"/>
    <tag k="subtype" v="solid"/>
  </way>
  <way id="4980">
    <nd ref="4974"/>
    <nd ref="4972"/>
    <tag k="type" v="line_thin"/>
    <tag k="subtype" v="solid"/>
  </way>
  <way id="4981">
    <nd ref="4975"/>
    <nd ref="4973"/>
    <tag k="type" v="line_thin"/>
    <tag k="subtype" v="solid"/>
  </way>
  <way id="4998">
    <nd ref="4992"/>
    <nd ref="4993"/>
    <tag k="type" v="line_thin"/>
    <tag k="subtype" v="solid"/>
  </way>
  <way id="4999">
    <nd ref="4994"/>
    <nd ref="4995"/>
    <tag k="type" v="line_thin"/>
    <tag k="subtype" v="solid"/>
  </way>
  <way id="5000">
    <nd ref="4996"/>
    <nd ref="4997"/>
    <tag k="type" v="line_thin"/>
    <tag k="subtype" v="solid"/>
  </way>
  <way id="7203">
    <nd ref="4852"/>
    <nd ref="7174"/>
    <nd ref="7175"/>
    <nd ref="7176"/>
    <nd ref="7177"/>
    <nd ref="7178"/>
    <nd ref="7179"/>
    <nd ref="7180"/>
    <nd ref="7181"/>
    <nd ref="7182"/>
    <nd ref="7183"/>
    <nd ref="7184"/>
    <nd ref="7185"/>
    <nd ref="7186"/>
    <nd ref="4844"/>
    <tag k="type" v="line_thin"/>
    <tag k="subtype" v="solid"/>
  </way>
  <way id="7207">
    <nd ref="4850"/>
    <nd ref="888"/>
    <tag k="type" v="line_thin"/>
    <tag k="subtype" v="solid"/>
  </way>
  <way id="7208">
    <nd ref="4852"/>
    <nd ref="4837"/>
    <tag k="type" v="line_thin"/>
    <tag k="subtype" v="solid"/>
  </way>
  <way id="7263">
    <nd ref="4873"/>
    <nd ref="7210"/>
    <nd ref="7211"/>
    <nd ref="7212"/>
    <nd ref="7213"/>
    <nd ref="7214"/>
    <nd ref="7215"/>
    <nd ref="7216"/>
    <nd ref="7217"/>
    <nd ref="7218"/>
    <nd ref="7219"/>
    <nd ref="7220"/>
    <nd ref="7221"/>
    <nd ref="7222"/>
    <nd ref="7223"/>
    <nd ref="7224"/>
    <nd ref="7225"/>
    <nd ref="7226"/>
    <nd ref="4850"/>
    <tag k="type" v="line_thin"/>
    <tag k="subtype" v="solid"/>
  </way>
  <way id="7264">
    <nd ref="4587"/>
    <nd ref="7227"/>
    <nd ref="7228"/>
    <nd ref="7229"/>
    <nd ref="7230"/>
    <nd ref="7231"/>
    <nd ref="7232"/>
    <nd ref="7233"/>
    <nd ref="7234"/>
    <nd ref="7235"/>
    <nd ref="7236"/>
    <nd ref="7237"/>
    <nd ref="7238"/>
    <nd ref="7239"/>
    <nd ref="7240"/>
    <nd ref="7241"/>
    <nd ref="7242"/>
    <nd ref="7243"/>
    <nd ref="4854"/>
    <tag k="type" v="line_thin"/>
    <tag k="subtype" v="solid"/>
  </way>
  <way id="7305">
    <nd ref="4587"/>
    <nd ref="7278"/>
    <nd ref="7279"/>
    <nd ref="7280"/>
    <nd ref="7281"/>
    <nd ref="7282"/>
    <nd ref="7283"/>
    <nd ref="7284"/>
    <nd ref="7285"/>
    <nd ref="7286"/>
    <nd ref="7287"/>
    <nd ref="7288"/>
    <nd ref="7289"/>
    <nd ref="4837"/>
    <tag k="type" v="line_thin"/>
    <tag k="subtype" v="solid"/>
  </way>
  <way id="7310">
    <nd ref="906"/>
    <nd ref="4854"/>
    <tag k="type" v="line_thin"/>
    <tag k="subtype" v="solid"/>
  </way>
  <way id="7359">
    <nd ref="888"/>
    <nd ref="7312"/>
    <nd ref="7313"/>
    <nd ref="7314"/>
    <nd ref="7315"/>
    <nd ref="7316"/>
    <nd ref="7317"/>
    <nd ref="7318"/>
    <nd ref="7319"/>
    <nd ref="7320"/>
    <nd ref="7321"/>
    <nd ref="7322"/>
    <nd ref="7323"/>
    <nd ref="7324"/>
    <nd ref="7325"/>
    <nd ref="7326"/>
    <nd ref="4873"/>
    <tag k="type" v="line_thin"/>
    <tag k="subtype" v="solid"/>
  </way>
  <way id="7360">
    <nd ref="906"/>
    <nd ref="7327"/>
    <nd ref="7328"/>
    <nd ref="7329"/>
    <nd ref="7330"/>
    <nd ref="7331"/>
    <nd ref="7332"/>
    <nd ref="7333"/>
    <nd ref="7334"/>
    <nd ref="7335"/>
    <nd ref="7336"/>
    <nd ref="7337"/>
    <nd ref="7338"/>
    <nd ref="7339"/>
    <nd ref="7340"/>
    <nd ref="7341"/>
    <nd ref="4844"/>
    <tag k="type" v="line_thin"/>
    <tag k="subtype" v="solid"/>
  </way>
  <way id="7397">
    <nd ref="1815"/>
    <nd ref="7362"/>
    <nd ref="7363"/>
    <nd ref="7364"/>
    <nd ref="7365"/>
    <nd ref="7366"/>
    <nd ref="7367"/>
    <nd ref="7368"/>
    <nd ref="7369"/>
    <nd ref="7370"/>
    <nd ref="7371"/>
    <nd ref="7372"/>
    <nd ref="4864"/>
    <tag k="type" v="line_thin"/>
    <tag k="subtype" v="solid"/>
  </way>
  <way id="7398">
    <nd ref="1965"/>
    <nd ref="7373"/>
    <nd ref="7374"/>
    <nd ref="7375"/>
    <nd ref="7376"/>
    <nd ref="7377"/>
    <nd ref="7378"/>
    <nd ref="7379"/>
    <nd ref="7380"/>
    <nd ref="7381"/>
    <nd ref="7382"/>
    <nd ref="7383"/>
    <nd ref="4865"/>
    <tag k="type" v="line_thin"/>
    <tag k="subtype" v="solid"/>
  </way>
  <way id="7408">
    <nd ref="2222"/>
    <nd ref="7400"/>
    <nd ref="7401"/>
    <nd ref="4851"/>
    <tag k="type" v="line_thin"/>
    <tag k="subtype" v="solid"/>
  </way>
  <way id="7409">
    <nd ref="2230"/>
    <nd ref="7402"/>
    <nd ref="4853"/>
    <tag k="type" v="line_thin"/>
    <tag k="subtype" v="solid"/>
  </way>
  <way id="7452">
    <nd ref="2222"/>
    <nd ref="7411"/>
    <nd ref="7412"/>
    <nd ref="7413"/>
    <nd ref="7414"/>
    <nd ref="7415"/>
    <nd ref="7416"/>
    <nd ref="7417"/>
    <nd ref="7418"/>
    <nd ref="7419"/>
    <nd ref="7420"/>
    <nd ref="7421"/>
    <nd ref="7422"/>
    <nd ref="7423"/>
    <nd ref="2820"/>
    <tag k="type" v="line_thin"/>
    <tag k="subtype" v="solid"/>
  </way>
  <way id="7453">
    <nd ref="2230"/>
    <nd ref="7424"/>
    <nd ref="7425"/>
    <nd ref="7426"/>
    <nd ref="7427"/>
    <nd ref="7428"/>
    <nd ref="7429"/>
    <nd ref="7430"/>
    <nd ref="7431"/>
    <nd ref="7432"/>
    <nd ref="7433"/>
    <nd ref="7434"/>
    <nd ref="7435"/>
    <nd ref="7436"/>
    <nd ref="4760"/>
    <tag k="type" v="line_thin"/>
    <tag k="subtype" v="solid"/>
  </way>
  <way id="7502">
    <nd ref="2820"/>
    <nd ref="7455"/>
    <nd ref="7456"/>
    <nd ref="7457"/>
    <nd ref="7458"/>
    <nd ref="7459"/>
    <nd ref="7460"/>
    <nd ref="7461"/>
    <nd ref="7462"/>
    <nd ref="7463"/>
    <nd ref="7464"/>
    <nd ref="7465"/>
    <nd ref="7466"/>
    <nd ref="7467"/>
    <nd ref="7468"/>
    <nd ref="7469"/>
    <nd ref="4851"/>
    <tag k="type" v="line_thin"/>
    <tag k="subtype" v="solid"/>
  </way>
  <way id="7503">
    <nd ref="2967"/>
    <nd ref="7470"/>
    <nd ref="7471"/>
    <nd ref="7472"/>
    <nd ref="7473"/>
    <nd ref="7474"/>
    <nd ref="7475"/>
    <nd ref="7476"/>
    <nd ref="7477"/>
    <nd ref="7478"/>
    <nd ref="7479"/>
    <nd ref="7480"/>
    <nd ref="7481"/>
    <nd ref="7482"/>
    <nd ref="7483"/>
    <nd ref="7484"/>
    <nd ref="4853"/>
    <tag k="type" v="line_thin"/>
    <tag k="subtype" v="solid"/>
  </way>
  <way id="7541">
    <nd ref="4855"/>
    <nd ref="7516"/>
    <nd ref="7517"/>
    <nd ref="7518"/>
    <nd ref="7519"/>
    <nd ref="7520"/>
    <nd ref="7521"/>
    <nd ref="7522"/>
    <nd ref="7523"/>
    <nd ref="7524"/>
    <nd ref="7525"/>
    <nd ref="7526"/>
    <nd ref="4760"/>
    <tag k="type" v="line_thin"/>
    <tag k="subtype" v="solid"/>
  </way>
  <way id="7602">
    <nd ref="4904"/>
    <nd ref="7543"/>
    <nd ref="7544"/>
    <nd ref="7545"/>
    <nd ref="7546"/>
    <nd ref="7547"/>
    <nd ref="7548"/>
    <nd ref="7549"/>
    <nd ref="7550"/>
    <nd ref="7551"/>
    <nd ref="7552"/>
    <nd ref="7553"/>
    <nd ref="7554"/>
    <nd ref="7555"/>
    <nd ref="7556"/>
    <nd ref="7557"/>
    <nd ref="7558"/>
    <nd ref="7559"/>
    <nd ref="7560"/>
    <nd ref="7561"/>
    <nd ref="4883"/>
    <tag k="type" v="line_thin"/>
    <tag k="subtype" v="solid"/>
  </way>
  <way id="7603">
    <nd ref="4905"/>
    <nd ref="7562"/>
    <nd ref="7563"/>
    <nd ref="7564"/>
    <nd ref="7565"/>
    <nd ref="7566"/>
    <nd ref="7567"/>
    <nd ref="7568"/>
    <nd ref="7569"/>
    <nd ref="7570"/>
    <nd ref="7571"/>
    <nd ref="7572"/>
    <nd ref="7573"/>
    <nd ref="7574"/>
    <nd ref="7575"/>
    <nd ref="7576"/>
    <nd ref="7577"/>
    <nd ref="7578"/>
    <nd ref="7579"/>
    <nd ref="7580"/>
    <nd ref="4884"/>
    <tag k="type" v="line_thin"/>
    <tag k="subtype" v="solid"/>
  </way>
  <way id="7629">
    <nd ref="4932"/>
    <nd ref="7612"/>
    <nd ref="7613"/>
    <nd ref="7614"/>
    <nd ref="7615"/>
    <nd ref="7616"/>
    <nd ref="7617"/>
    <nd ref="7618"/>
    <nd ref="4424"/>
    <tag k="type" v="line_thin"/>
    <tag k="subtype" v="solid"/>
  </way>
  <way id="7633">
    <nd ref="4927"/>
    <nd ref="4043"/>
    <tag k="type" v="line_thin"/>
    <tag k="subtype" v="solid"/>
  </way>
  <way id="7634">
    <nd ref="4932"/>
    <nd ref="3781"/>
    <tag k="type" v="line_thin"/>
    <tag k="subtype" v="solid"/>
  </way>
  <way id="7657">
    <nd ref="3539"/>
    <nd ref="7642"/>
    <nd ref="7643"/>
    <nd ref="7644"/>
    <nd ref="7645"/>
    <nd ref="7646"/>
    <nd ref="7647"/>
    <nd ref="3781"/>
    <tag k="type" v="line_thin"/>
    <tag k="subtype" v="solid"/>
  </way>
  <way id="7694">
    <nd ref="4874"/>
    <nd ref="7659"/>
    <nd ref="7660"/>
    <nd ref="7661"/>
    <nd ref="7662"/>
    <nd ref="7663"/>
    <nd ref="7664"/>
    <nd ref="7665"/>
    <nd ref="7666"/>
    <nd ref="7667"/>
    <nd ref="7668"/>
    <nd ref="7669"/>
    <nd ref="4927"/>
    <tag k="type" v="line_thin"/>
    <tag k="subtype" v="solid"/>
  </way>
  <way id="7695">
    <nd ref="3539"/>
    <nd ref="7670"/>
    <nd ref="7671"/>
    <nd ref="7672"/>
    <nd ref="7673"/>
    <nd ref="7674"/>
    <nd ref="7675"/>
    <nd ref="7676"/>
    <nd ref="7677"/>
    <nd ref="7678"/>
    <nd ref="7679"/>
    <nd ref="7680"/>
    <nd ref="4929"/>
    <tag k="type" v="line_thin"/>
    <tag k="subtype" v="solid"/>
  </way>
  <way id="7763">
    <nd ref="875"/>
    <nd ref="7728"/>
    <nd ref="7729"/>
    <nd ref="7730"/>
    <nd ref="7731"/>
    <nd ref="7732"/>
    <nd ref="7733"/>
    <nd ref="7734"/>
    <nd ref="7735"/>
    <nd ref="7736"/>
    <nd ref="7737"/>
    <nd ref="7738"/>
    <nd ref="582"/>
    <tag k="type" v="line_thin"/>
    <tag k="subtype" v="solid"/>
  </way>
  <way id="7764">
    <nd ref="4836"/>
    <nd ref="7739"/>
    <nd ref="7740"/>
    <nd ref="7741"/>
    <nd ref="7742"/>
    <nd ref="7743"/>
    <nd ref="7744"/>
    <nd ref="7745"/>
    <nd ref="7746"/>
    <nd ref="7747"/>
    <nd ref="7748"/>
    <nd ref="7749"/>
    <nd ref="4965"/>
    <tag k="type" v="line_thin"/>
    <tag k="subtype" v="solid"/>
  </way>
  <way id="7768">
    <nd ref="875"/>
    <nd ref="4939"/>
    <tag k="type" v="line_thin"/>
    <tag k="subtype" v="solid"/>
  </way>
  <way id="7769">
    <nd ref="4836"/>
    <nd ref="4941"/>
    <tag k="type" v="line_thin"/>
    <tag k="subtype" v="solid"/>
  </way>
  <way id="7795">
    <nd ref="714"/>
    <nd ref="7778"/>
    <nd ref="7779"/>
    <nd ref="7780"/>
    <nd ref="7781"/>
    <nd ref="7782"/>
    <nd ref="7783"/>
    <nd ref="7784"/>
    <nd ref="4819"/>
    <tag k="type" v="line_thin"/>
    <tag k="subtype" v="solid"/>
  </way>
  <way id="7832">
    <nd ref="582"/>
    <nd ref="7797"/>
    <nd ref="7798"/>
    <nd ref="7799"/>
    <nd ref="7800"/>
    <nd ref="7801"/>
    <nd ref="7802"/>
    <nd ref="7803"/>
    <nd ref="7804"/>
    <nd ref="7805"/>
    <nd ref="7806"/>
    <nd ref="7807"/>
    <nd ref="4939"/>
    <tag k="type" v="line_thin"/>
    <tag k="subtype" v="solid"/>
  </way>
  <way id="7833">
    <nd ref="714"/>
    <nd ref="7808"/>
    <nd ref="7809"/>
    <nd ref="7810"/>
    <nd ref="7811"/>
    <nd ref="7812"/>
    <nd ref="7813"/>
    <nd ref="7814"/>
    <nd ref="7815"/>
    <nd ref="7816"/>
    <nd ref="7817"/>
    <nd ref="7818"/>
    <nd ref="4941"/>
    <tag k="type" v="line_thin"/>
    <tag k="subtype" v="solid"/>
  </way>
  <way id="7859">
    <nd ref="4943"/>
    <nd ref="7842"/>
    <nd ref="7843"/>
    <nd ref="7844"/>
    <nd ref="7845"/>
    <nd ref="7846"/>
    <nd ref="7847"/>
    <nd ref="7848"/>
    <nd ref="4965"/>
    <tag k="type" v="line_thin"/>
    <tag k="subtype" v="solid"/>
  </way>
  <way id="7863">
    <nd ref="4939"/>
    <nd ref="875"/>
    <tag k="type" v="line_thin"/>
    <tag k="subtype" v="solid"/>
  </way>
  <way id="7864">
    <nd ref="4943"/>
    <nd ref="4819"/>
    <tag k="type" v="line_thin"/>
    <tag k="subtype" v="solid"/>
  </way>
  <way id="7913">
    <nd ref="4975"/>
    <nd ref="7866"/>
    <nd ref="7867"/>
    <nd ref="7868"/>
    <nd ref="7869"/>
    <nd ref="7870"/>
    <nd ref="7871"/>
    <nd ref="7872"/>
    <nd ref="7873"/>
    <nd ref="7874"/>
    <nd ref="7875"/>
    <nd ref="7876"/>
    <nd ref="7877"/>
    <nd ref="7878"/>
    <nd ref="7879"/>
    <nd ref="7880"/>
    <nd ref="327"/>
    <tag k="type" v="line_thin"/>
    <tag k="subtype" v="solid"/>
  </way>
  <way id="7914">
    <nd ref="4974"/>
    <nd ref="7881"/>
    <nd ref="7882"/>
    <nd ref="7883"/>
    <nd ref="7884"/>
    <nd ref="7885"/>
    <nd ref="7886"/>
    <nd ref="7887"/>
    <nd ref="7888"/>
    <nd ref="7889"/>
    <nd ref="7890"/>
    <nd ref="7891"/>
    <nd ref="7892"/>
    <nd ref="7893"/>
    <nd ref="7894"/>
    <nd ref="7895"/>
    <nd ref="4781"/>
    <tag k="type" v="line_thin"/>
    <tag k="subtype" v="solid"/>
  </way>
  <way id="7954">
    <nd ref="327"/>
    <nd ref="7916"/>
    <nd ref="7917"/>
    <nd ref="7918"/>
    <nd ref="7919"/>
    <nd ref="7920"/>
    <nd ref="7921"/>
    <nd ref="7922"/>
    <nd ref="7923"/>
    <nd ref="7924"/>
    <nd ref="7925"/>
    <nd ref="7926"/>
    <nd ref="7927"/>
    <nd ref="4784"/>
    <tag k="type" v="line_thin"/>
    <tag k="subtype" v="solid"/>
  </way>
  <way id="7955">
    <nd ref="376"/>
    <nd ref="7928"/>
    <nd ref="7929"/>
    <nd ref="7930"/>
    <nd ref="7931"/>
    <nd ref="7932"/>
    <nd ref="7933"/>
    <nd ref="7934"/>
    <nd ref="7935"/>
    <nd ref="7936"/>
    <nd ref="7937"/>
    <nd ref="7938"/>
    <nd ref="7939"/>
    <nd ref="4785"/>
    <tag k="type" v="line_thin"/>
    <tag k="subtype" v="solid"/>
  </way>
  <way id="7995">
    <nd ref="4993"/>
    <nd ref="7957"/>
    <nd ref="7958"/>
    <nd ref="7959"/>
    <nd ref="7960"/>
    <nd ref="7961"/>
    <nd ref="7962"/>
    <nd ref="7963"/>
    <nd ref="7964"/>
    <nd ref="7965"/>
    <nd ref="7966"/>
    <nd ref="7967"/>
    <nd ref="7968"/>
    <nd ref="4912"/>
    <tag k="type" v="line_thin"/>
    <tag k="subtype" v="solid"/>
  </way>
  <way id="7996">
    <nd ref="4997"/>
    <nd ref="7969"/>
    <nd ref="7970"/>
    <nd ref="7971"/>
    <nd ref="7972"/>
    <nd ref="7973"/>
    <nd ref="7974"/>
    <nd ref="7975"/>
    <nd ref="7976"/>
    <nd ref="7977"/>
    <nd ref="7978"/>
    <nd ref="7979"/>
    <nd ref="7980"/>
    <nd ref="4913"/>
    <tag k="type" v="line_thin"/>
    <tag k="subtype" v="solid"/>
  </way>
  <way id="8003">
    <nd ref="4993"/>
    <nd ref="7998"/>
    <nd ref="291"/>
    <tag k="type" v="line_thin"/>
    <tag k="subtype" v="solid"/>
  </way>
  <way id="8004">
    <nd ref="4997"/>
    <nd ref="338"/>
    <tag k="type" v="line_thin"/>
    <tag k="subtype" v="solid"/>
  </way>
  <way id="8032">
    <nd ref="2391"/>
    <nd ref="8006"/>
    <nd ref="8007"/>
    <nd ref="8008"/>
    <nd ref="8009"/>
    <nd ref="8010"/>
    <nd ref="8011"/>
    <nd ref="8012"/>
    <nd ref="8013"/>
    <nd ref="291"/>
    <tag k="type" v="line_thin"/>
    <tag k="subtype" v="solid"/>
  </way>
  <way id="8033">
    <nd ref="2520"/>
    <nd ref="8014"/>
    <nd ref="8015"/>
    <nd ref="8016"/>
    <nd ref="8017"/>
    <nd ref="8018"/>
    <nd ref="8019"/>
    <nd ref="8020"/>
    <nd ref="8021"/>
    <nd ref="338"/>
    <tag k="type" v="line_thin"/>
    <tag k="subtype" v="solid"/>
  </way>
  <way id="8091">
    <nd ref="2391"/>
    <nd ref="8035"/>
    <nd ref="8036"/>
    <nd ref="8037"/>
    <nd ref="8038"/>
    <nd ref="8039"/>
    <nd ref="8040"/>
    <nd ref="8041"/>
    <nd ref="8042"/>
    <nd ref="8043"/>
    <nd ref="8044"/>
    <nd ref="8045"/>
    <nd ref="8046"/>
    <nd ref="8047"/>
    <nd ref="8048"/>
    <nd ref="8049"/>
    <nd ref="8050"/>
    <nd ref="8051"/>
    <nd ref="8052"/>
    <nd ref="4993"/>
    <tag k="type" v="line_thin"/>
    <tag k="subtype" v="solid"/>
  </way>
  <way id="8092">
    <nd ref="2520"/>
    <nd ref="8053"/>
    <nd ref="8054"/>
    <nd ref="8055"/>
    <nd ref="8056"/>
    <nd ref="8057"/>
    <nd ref="8058"/>
    <nd ref="8059"/>
    <nd ref="8060"/>
    <nd ref="8061"/>
    <nd ref="8062"/>
    <nd ref="8063"/>
    <nd ref="8064"/>
    <nd ref="8065"/>
    <nd ref="8066"/>
    <nd ref="8067"/>
    <nd ref="8068"/>
    <nd ref="8069"/>
    <nd ref="8070"/>
    <nd ref="4995"/>
    <tag k="type" v="line_thin"/>
    <tag k="subtype" v="solid"/>
  </way>
  <way id="8150">
    <nd ref="291"/>
    <nd ref="8094"/>
    <nd ref="8095"/>
    <nd ref="8096"/>
    <nd ref="8097"/>
    <nd ref="8098"/>
    <nd ref="8099"/>
    <nd ref="8100"/>
    <nd ref="8101"/>
    <nd ref="8102"/>
    <nd ref="8103"/>
    <nd ref="8104"/>
    <nd ref="8105"/>
    <nd ref="8106"/>
    <nd ref="8107"/>
    <nd ref="8108"/>
    <nd ref="8109"/>
    <nd ref="8110"/>
    <nd ref="8111"/>
    <nd ref="4912"/>
    <tag k="type" v="line_thin"/>
    <tag k="subtype" v="solid"/>
  </way>
  <way id="8151">
    <nd ref="4780"/>
    <nd ref="8112"/>
    <nd ref="8113"/>
    <nd ref="8114"/>
    <nd ref="8115"/>
    <nd ref="8116"/>
    <nd ref="8117"/>
    <nd ref="8118"/>
    <nd ref="8119"/>
    <nd ref="8120"/>
    <nd ref="8121"/>
    <nd ref="8122"/>
    <nd ref="8123"/>
    <nd ref="8124"/>
    <nd ref="8125"/>
    <nd ref="8126"/>
    <nd ref="8127"/>
    <nd ref="8128"/>
    <nd ref="8129"/>
    <nd ref="4913"/>
    <tag k="type" v="line_thin"/>
    <tag k="subtype" v="solid"/>
  </way>
  <way id="8156">
    <nd ref="4780"/>
    <nd ref="4995"/>
    <tag k="type" v="line_thin"/>
    <tag k="subtype" v="solid"/>
  </way>
  <way id="8237">
    <nd ref="4043"/>
    <nd ref="8202"/>
    <nd ref="8203"/>
    <nd ref="8204"/>
    <nd ref="8205"/>
    <nd ref="8206"/>
    <nd ref="8207"/>
    <nd ref="8208"/>
    <nd ref="8209"/>
    <nd ref="8210"/>
    <nd ref="8211"/>
    <nd ref="8212"/>
    <nd ref="4874"/>
    <tag k="type" v="line_thin"/>
    <tag k="subtype" v="solid"/>
  </way>
  <way id="8238">
    <nd ref="4135"/>
    <nd ref="8213"/>
    <nd ref="8214"/>
    <nd ref="8215"/>
    <nd ref="8216"/>
    <nd ref="8217"/>
    <nd ref="8218"/>
    <nd ref="8219"/>
    <nd ref="8220"/>
    <nd ref="8221"/>
    <nd ref="8222"/>
    <nd ref="8223"/>
    <nd ref="4424"/>
    <tag k="type" v="line_thin"/>
    <tag k="subtype" v="solid"/>
  </way>
  <way id="8243">
    <nd ref="4135"/>
    <nd ref="4929"/>
    <tag k="type" v="line_thin"/>
    <tag k="subtype" v="solid"/>
  </way>
  <way id="8247">
    <nd ref="3832"/>
    <nd ref="8245"/>
    <nd ref="8246"/>
    <nd ref="8252"/>
    <nd ref="3937"/>
    <tag k="type" v="line_thin"/>
    <tag k="subtype" v="solid"/>
  </way>
  <way id="8250">
    <nd ref="4890"/>
    <nd ref="8248"/>
    <nd ref="8249"/>
    <nd ref="3931"/>
    <tag k="type" v="line_thin"/>
    <tag k="subtype" v="solid"/>
  </way>
  <way id="8256">
    <nd ref="8254"/>
    <nd ref="8255"/>
    <tag k="type" v="line_thin"/>
    <tag k="subtype" v="solid"/>
  </way>
  <way id="8259">
    <nd ref="8257"/>
    <nd ref="8258"/>
    <tag k="type" v="line_thin"/>
    <tag k="subtype" v="solid"/>
  </way>
  <way id="8263">
    <nd ref="8261"/>
    <nd ref="8262"/>
    <tag k="type" v="line_thin"/>
    <tag k="subtype" v="solid"/>
  </way>
  <way id="8278">
    <nd ref="8276"/>
    <nd ref="8277"/>
    <tag k="type" v="line_thin"/>
    <tag k="subtype" v="solid"/>
  </way>
  <way id="8281">
    <nd ref="8279"/>
    <nd ref="8280"/>
    <tag k="type" v="line_thin"/>
    <tag k="subtype" v="solid"/>
  </way>
  <way id="8287">
    <nd ref="8283"/>
    <nd ref="8284"/>
    <tag k="type" v="line_thin"/>
    <tag k="subtype" v="solid"/>
  </way>
  <way id="8288">
    <nd ref="8285"/>
    <nd ref="8286"/>
    <tag k="type" v="line_thin"/>
    <tag k="subtype" v="solid"/>
  </way>
  <way id="8292">
    <nd ref="8290"/>
    <nd ref="8291"/>
    <tag k="type" v="line_thin"/>
    <tag k="subtype" v="solid"/>
  </way>
  <way id="8295">
    <nd ref="8293"/>
    <nd ref="8294"/>
    <tag k="type" v="line_thin"/>
    <tag k="subtype" v="solid"/>
  </way>
  <way id="8307">
    <nd ref="8305"/>
    <nd ref="8306"/>
    <tag k="type" v="line_thin"/>
    <tag k="subtype" v="solid"/>
  </way>
  <way id="8311">
    <nd ref="8309"/>
    <nd ref="8310"/>
    <tag k="type" v="line_thin"/>
    <tag k="subtype" v="solid"/>
  </way>
  <way id="8314">
    <nd ref="8312"/>
    <nd ref="8313"/>
    <tag k="type" v="line_thin"/>
    <tag k="subtype" v="solid"/>
  </way>
  <way id="8320">
    <nd ref="8316"/>
    <nd ref="8317"/>
    <tag k="type" v="line_thin"/>
    <tag k="subtype" v="solid"/>
  </way>
  <way id="8321">
    <nd ref="8318"/>
    <nd ref="8319"/>
    <tag k="type" v="line_thin"/>
    <tag k="subtype" v="solid"/>
  </way>
  <way id="8325">
    <nd ref="8323"/>
    <nd ref="8324"/>
    <tag k="type" v="line_thin"/>
    <tag k="subtype" v="solid"/>
  </way>
  <way id="8328">
    <nd ref="8326"/>
    <nd ref="8327"/>
    <tag k="type" v="line_thin"/>
    <tag k="subtype" v="solid"/>
  </way>
  <way id="8334">
    <nd ref="8330"/>
    <nd ref="8331"/>
    <tag k="type" v="line_thin"/>
    <tag k="subtype" v="solid"/>
  </way>
  <way id="8335">
    <nd ref="8332"/>
    <nd ref="8333"/>
    <tag k="type" v="line_thin"/>
    <tag k="subtype" v="solid"/>
  </way>
  <way id="8339">
    <nd ref="8337"/>
    <nd ref="8338"/>
    <tag k="type" v="line_thin"/>
    <tag k="subtype" v="solid"/>
  </way>
  <way id="8342">
    <nd ref="8340"/>
    <nd ref="8341"/>
    <tag k="type" v="line_thin"/>
    <tag k="subtype" v="solid"/>
  </way>
  <way id="8348">
    <nd ref="8344"/>
    <nd ref="8345"/>
    <tag k="type" v="line_thin"/>
    <tag k="subtype" v="solid"/>
  </way>
  <way id="8349">
    <nd ref="8346"/>
    <nd ref="8347"/>
    <tag k="type" v="line_thin"/>
    <tag k="subtype" v="solid"/>
  </way>
  <way id="8353">
    <nd ref="8351"/>
    <nd ref="8352"/>
    <tag k="type" v="line_thin"/>
    <tag k="subtype" v="solid"/>
  </way>
  <way id="8356">
    <nd ref="8354"/>
    <nd ref="8355"/>
    <tag k="type" v="line_thin"/>
    <tag k="subtype" v="solid"/>
  </way>
  <way id="8362">
    <nd ref="8358"/>
    <nd ref="8359"/>
    <tag k="type" v="line_thin"/>
    <tag k="subtype" v="solid"/>
  </way>
  <way id="8363">
    <nd ref="8360"/>
    <nd ref="8361"/>
    <tag k="type" v="line_thin"/>
    <tag k="subtype" v="solid"/>
  </way>
  <way id="8367">
    <nd ref="8365"/>
    <nd ref="8366"/>
    <tag k="type" v="line_thin"/>
    <tag k="subtype" v="solid"/>
  </way>
  <way id="8370">
    <nd ref="8368"/>
    <nd ref="8369"/>
    <tag k="type" v="line_thin"/>
    <tag k="subtype" v="solid"/>
  </way>
  <way id="8376">
    <nd ref="8372"/>
    <nd ref="8373"/>
    <tag k="type" v="line_thin"/>
    <tag k="subtype" v="solid"/>
  </way>
  <way id="8377">
    <nd ref="8374"/>
    <nd ref="8375"/>
    <tag k="type" v="line_thin"/>
    <tag k="subtype" v="solid"/>
  </way>
  <way id="8381">
    <nd ref="8379"/>
    <nd ref="8380"/>
    <tag k="type" v="line_thin"/>
    <tag k="subtype" v="solid"/>
  </way>
  <way id="8384">
    <nd ref="8382"/>
    <nd ref="8383"/>
    <tag k="type" v="line_thin"/>
    <tag k="subtype" v="solid"/>
  </way>
  <way id="8388">
    <nd ref="8386"/>
    <nd ref="8387"/>
    <tag k="type" v="line_thin"/>
    <tag k="subtype" v="solid"/>
  </way>
  <way id="8392">
    <nd ref="8390"/>
    <nd ref="8391"/>
    <tag k="type" v="line_thin"/>
    <tag k="subtype" v="solid"/>
  </way>
  <way id="8395">
    <nd ref="8393"/>
    <nd ref="8394"/>
    <tag k="type" v="line_thin"/>
    <tag k="subtype" v="solid"/>
  </way>
  <way id="8401">
    <nd ref="8397"/>
    <nd ref="8398"/>
    <tag k="type" v="line_thin"/>
    <tag k="subtype" v="solid"/>
  </way>
  <way id="8402">
    <nd ref="8399"/>
    <nd ref="8400"/>
    <tag k="type" v="line_thin"/>
    <tag k="subtype" v="solid"/>
  </way>
  <way id="8406">
    <nd ref="8404"/>
    <nd ref="8405"/>
    <nd ref="8411"/>
    <nd ref="8413"/>
    <nd ref="8415"/>
    <nd ref="8417"/>
    <nd ref="8419"/>
    <nd ref="8421"/>
    <nd ref="8423"/>
    <nd ref="8425"/>
    <tag k="type" v="line_thin"/>
    <tag k="subtype" v="solid"/>
  </way>
  <way id="8409">
    <nd ref="8407"/>
    <nd ref="8408"/>
    <nd ref="8412"/>
    <nd ref="8414"/>
    <nd ref="8416"/>
    <nd ref="8418"/>
    <nd ref="8420"/>
    <nd ref="8422"/>
    <nd ref="8424"/>
    <nd ref="8426"/>
    <tag k="type" v="line_thin"/>
    <tag k="subtype" v="solid"/>
  </way>
  <way id="8447">
    <nd ref="8427"/>
    <nd ref="8428"/>
    <nd ref="8429"/>
    <nd ref="8430"/>
    <nd ref="8431"/>
    <nd ref="8432"/>
    <nd ref="8433"/>
    <nd ref="8434"/>
    <nd ref="8435"/>
    <nd ref="8436"/>
    <tag k="type" v="line_thin"/>
    <tag k="subtype" v="solid"/>
  </way>
  <way id="8448">
    <nd ref="8437"/>
    <nd ref="8438"/>
    <nd ref="8439"/>
    <nd ref="8440"/>
    <nd ref="8441"/>
    <nd ref="8442"/>
    <nd ref="8443"/>
    <nd ref="8444"/>
    <nd ref="8445"/>
    <nd ref="8446"/>
    <tag k="type" v="line_thin"/>
    <tag k="subtype" v="solid"/>
  </way>
  <way id="8452">
    <nd ref="8450"/>
    <nd ref="8451"/>
    <nd ref="8457"/>
    <nd ref="8459"/>
    <nd ref="8461"/>
    <nd ref="8463"/>
    <tag k="type" v="line_thin"/>
    <tag k="subtype" v="solid"/>
  </way>
  <way id="8455">
    <nd ref="8453"/>
    <nd ref="8454"/>
    <nd ref="8458"/>
    <nd ref="8460"/>
    <nd ref="8462"/>
    <nd ref="8464"/>
    <tag k="type" v="line_thin"/>
    <tag k="subtype" v="solid"/>
  </way>
  <way id="8477">
    <nd ref="8465"/>
    <nd ref="8466"/>
    <nd ref="8467"/>
    <nd ref="8468"/>
    <nd ref="8469"/>
    <nd ref="8470"/>
    <tag k="type" v="line_thin"/>
    <tag k="subtype" v="solid"/>
  </way>
  <way id="8478">
    <nd ref="8471"/>
    <nd ref="8472"/>
    <nd ref="8473"/>
    <nd ref="8474"/>
    <nd ref="8475"/>
    <nd ref="8476"/>
    <tag k="type" v="line_thin"/>
    <tag k="subtype" v="solid"/>
  </way>
  <way id="8482">
    <nd ref="4949"/>
    <nd ref="8163"/>
    <nd ref="8164"/>
    <nd ref="8480"/>
    <tag k="type" v="line_thin"/>
    <tag k="subtype" v="solid"/>
  </way>
  <way id="8483">
    <nd ref="8480"/>
    <nd ref="8166"/>
    <nd ref="8167"/>
    <nd ref="8168"/>
    <nd ref="8169"/>
    <nd ref="8170"/>
    <nd ref="4971"/>
    <tag k="type" v="line_thin"/>
    <tag k="subtype" v="solid"/>
  </way>
  <way id="8484">
    <nd ref="4956"/>
    <nd ref="8171"/>
    <nd ref="8172"/>
    <nd ref="8173"/>
    <nd ref="8174"/>
    <nd ref="8481"/>
    <tag k="type" v="line_thin"/>
    <tag k="subtype" v="solid"/>
  </way>
  <way id="8485">
    <nd ref="8481"/>
    <nd ref="8179"/>
    <nd ref="8181"/>
    <nd ref="8182"/>
    <nd ref="4969"/>
    <tag k="type" v="line_thin"/>
    <tag k="subtype" v="solid"/>
  </way>
  <way id="8489">
    <nd ref="4791"/>
    <nd ref="503"/>
    <nd ref="504"/>
    <nd ref="505"/>
    <nd ref="8487"/>
    <tag k="type" v="line_thin"/>
    <tag k="subtype" v="solid"/>
  </way>
  <way id="8490">
    <nd ref="8487"/>
    <nd ref="11176"/>
    <nd ref="508"/>
    <nd ref="513"/>
    <nd ref="4949"/>
    <tag k="type" v="line_thin"/>
    <tag k="subtype" v="solid"/>
  </way>
  <way id="8491">
    <nd ref="4792"/>
    <nd ref="636"/>
    <nd ref="637"/>
    <nd ref="8488"/>
    <tag k="type" v="line_thin"/>
    <tag k="subtype" v="solid"/>
  </way>
  <way id="8492">
    <nd ref="8488"/>
    <nd ref="640"/>
    <nd ref="643"/>
    <nd ref="645"/>
    <nd ref="4950"/>
    <tag k="type" v="line_thin"/>
    <tag k="subtype" v="solid"/>
  </way>
  <way id="8499">
    <nd ref="8495"/>
    <nd ref="714"/>
    <tag k="type" v="line_thin"/>
    <tag k="subtype" v="solid"/>
  </way>
  <way id="8504">
    <nd ref="8501"/>
    <nd ref="582"/>
    <tag k="type" v="line_thin"/>
    <tag k="subtype" v="solid"/>
  </way>
  <way id="8506">
    <nd ref="8502"/>
    <nd ref="4965"/>
    <tag k="type" v="line_thin"/>
    <tag k="subtype" v="solid"/>
  </way>
  <way id="8517">
    <nd ref="4949"/>
    <nd ref="8515"/>
    <tag k="type" v="line_thin"/>
    <tag k="subtype" v="solid"/>
  </way>
  <way id="8519">
    <nd ref="4950"/>
    <nd ref="8516"/>
    <tag k="type" v="line_thin"/>
    <tag k="subtype" v="solid"/>
  </way>
  <way id="8520">
    <nd ref="8516"/>
    <nd ref="670"/>
    <nd ref="678"/>
    <nd ref="8495"/>
    <tag k="type" v="line_thin"/>
    <tag k="subtype" v="solid"/>
  </way>
  <way id="8525">
    <nd ref="8515"/>
    <nd ref="538"/>
    <nd ref="546"/>
    <nd ref="8501"/>
    <tag k="type" v="line_thin"/>
    <tag k="subtype" v="solid"/>
  </way>
  <way id="8526">
    <nd ref="4956"/>
    <nd ref="8523"/>
    <tag k="type" v="line_thin"/>
    <tag k="subtype" v="solid"/>
  </way>
  <way id="8527">
    <nd ref="8523"/>
    <nd ref="4957"/>
    <nd ref="4964"/>
    <nd ref="8502"/>
    <tag k="type" v="line_thin"/>
    <tag k="subtype" v="solid"/>
  </way>
  <way id="9341">
    <nd ref="4883"/>
    <nd ref="1720"/>
    <nd ref="9339"/>
    <tag k="type" v="line_thin"/>
    <tag k="subtype" v="solid"/>
  </way>
  <way id="9343">
    <nd ref="4884"/>
    <nd ref="1870"/>
    <nd ref="9340"/>
    <tag k="type" v="line_thin"/>
    <tag k="subtype" v="solid"/>
  </way>
  <way id="9348">
    <nd ref="9339"/>
    <nd ref="1725"/>
    <nd ref="9346"/>
    <tag k="type" v="line_thin"/>
    <tag k="subtype" v="solid"/>
  </way>
  <way id="9349">
    <nd ref="9346"/>
    <nd ref="1752"/>
    <nd ref="1758"/>
    <nd ref="1775"/>
    <nd ref="1815"/>
    <tag k="type" v="line_thin"/>
    <tag k="subtype" v="solid"/>
  </way>
  <way id="9350">
    <nd ref="9340"/>
    <nd ref="1875"/>
    <nd ref="9347"/>
    <tag k="type" v="line_thin"/>
    <tag k="subtype" v="solid"/>
  </way>
  <way id="9351">
    <nd ref="9347"/>
    <nd ref="1902"/>
    <nd ref="1908"/>
    <nd ref="1926"/>
    <nd ref="1965"/>
    <tag k="type" v="line_thin"/>
    <tag k="subtype" v="solid"/>
  </way>
  <way id="9624">
    <nd ref="9617"/>
    <nd ref="9619"/>
    <nd ref="4890"/>
    <tag k="type" v="line_thin"/>
    <tag k="subtype" v="solid"/>
  </way>
  <way id="9625">
    <nd ref="9620"/>
    <nd ref="4891"/>
    <tag k="type" v="line_thin"/>
    <tag k="subtype" v="solid"/>
  </way>
  <way id="9626">
    <nd ref="3832"/>
    <nd ref="9623"/>
    <tag k="type" v="line_thin"/>
    <tag k="subtype" v="solid"/>
  </way>
  <way id="9640">
    <nd ref="4898"/>
    <nd ref="9637"/>
    <tag k="type" v="line_thin"/>
    <tag k="subtype" v="solid"/>
  </way>
  <way id="9641">
    <nd ref="9637"/>
    <nd ref="9630"/>
    <tag k="type" v="line_thin"/>
    <tag k="subtype" v="solid"/>
  </way>
  <way id="9652">
    <nd ref="4904"/>
    <nd ref="9650"/>
    <tag k="type" v="line_thin"/>
    <tag k="subtype" v="solid"/>
  </way>
  <way id="9653">
    <nd ref="9650"/>
    <nd ref="9643"/>
    <tag k="type" v="line_thin"/>
    <tag k="subtype" v="solid"/>
  </way>
  <way id="9654">
    <nd ref="9644"/>
    <nd ref="9651"/>
    <tag k="type" v="line_thin"/>
    <tag k="subtype" v="solid"/>
  </way>
  <way id="9655">
    <nd ref="9651"/>
    <nd ref="4905"/>
    <tag k="type" v="line_thin"/>
    <tag k="subtype" v="solid"/>
  </way>
  <way id="10176">
    <nd ref="10172"/>
    <nd ref="4135"/>
    <tag k="type" v="line_thin"/>
    <tag k="subtype" v="solid"/>
  </way>
  <way id="10182">
    <nd ref="9630"/>
    <nd ref="10179"/>
    <tag k="type" v="line_thin"/>
    <tag k="subtype" v="solid"/>
  </way>
  <way id="10183">
    <nd ref="10179"/>
    <nd ref="10172"/>
    <tag k="type" v="line_thin"/>
    <tag k="subtype" v="solid"/>
  </way>
  <way id="10187">
    <nd ref="9643"/>
    <nd ref="10185"/>
    <tag k="type" v="line_thin"/>
    <tag k="subtype" v="solid"/>
  </way>
  <way id="10190">
    <nd ref="10186"/>
    <nd ref="9644"/>
    <tag k="type" v="line_thin"/>
    <tag k="subtype" v="solid"/>
  </way>
  <way id="10194">
    <nd ref="10185"/>
    <nd ref="10192"/>
    <tag k="type" v="line_thin"/>
    <tag k="subtype" v="solid"/>
  </way>
  <way id="10195">
    <nd ref="10192"/>
    <nd ref="4043"/>
    <tag k="type" v="line_thin"/>
    <tag k="subtype" v="solid"/>
  </way>
  <way id="10196">
    <nd ref="3781"/>
    <nd ref="10193"/>
    <tag k="type" v="line_thin"/>
    <tag k="subtype" v="solid"/>
  </way>
  <way id="10197">
    <nd ref="10193"/>
    <nd ref="10186"/>
    <tag k="type" v="line_thin"/>
    <tag k="subtype" v="solid"/>
  </way>
  <way id="10368">
    <nd ref="9623"/>
    <nd ref="10353"/>
    <nd ref="10354"/>
    <nd ref="10355"/>
    <nd ref="10356"/>
    <nd ref="10357"/>
    <nd ref="10358"/>
    <nd ref="8379"/>
    <tag k="type" v="line_thin"/>
    <tag k="subtype" v="solid"/>
  </way>
  <way id="10402">
    <nd ref="9617"/>
    <nd ref="10370"/>
    <nd ref="10371"/>
    <nd ref="10372"/>
    <nd ref="10373"/>
    <nd ref="10374"/>
    <nd ref="10375"/>
    <nd ref="10376"/>
    <nd ref="10377"/>
    <nd ref="10378"/>
    <nd ref="10379"/>
    <nd ref="8375"/>
    <tag k="type" v="line_thin"/>
    <tag k="subtype" v="solid"/>
  </way>
  <way id="10403">
    <nd ref="9623"/>
    <nd ref="10380"/>
    <nd ref="10381"/>
    <nd ref="10382"/>
    <nd ref="10383"/>
    <nd ref="10384"/>
    <nd ref="10385"/>
    <nd ref="10386"/>
    <nd ref="10387"/>
    <nd ref="10388"/>
    <nd ref="10389"/>
    <nd ref="8373"/>
    <tag k="type" v="line_thin"/>
    <tag k="subtype" v="solid"/>
  </way>
  <way id="10437">
    <nd ref="9617"/>
    <nd ref="10405"/>
    <nd ref="10406"/>
    <nd ref="10407"/>
    <nd ref="10408"/>
    <nd ref="10409"/>
    <nd ref="10410"/>
    <nd ref="10411"/>
    <nd ref="10412"/>
    <nd ref="10413"/>
    <nd ref="10414"/>
    <nd ref="8361"/>
    <tag k="type" v="line_thin"/>
    <tag k="subtype" v="solid"/>
  </way>
  <way id="10438">
    <nd ref="9623"/>
    <nd ref="10415"/>
    <nd ref="10416"/>
    <nd ref="10417"/>
    <nd ref="10418"/>
    <nd ref="10419"/>
    <nd ref="10420"/>
    <nd ref="10421"/>
    <nd ref="10422"/>
    <nd ref="10423"/>
    <nd ref="10424"/>
    <nd ref="8359"/>
    <tag k="type" v="line_thin"/>
    <tag k="subtype" v="solid"/>
  </way>
  <way id="10469">
    <nd ref="8382"/>
    <nd ref="10440"/>
    <nd ref="10441"/>
    <nd ref="10442"/>
    <nd ref="10443"/>
    <nd ref="10444"/>
    <nd ref="10445"/>
    <nd ref="10446"/>
    <nd ref="10447"/>
    <nd ref="10448"/>
    <nd ref="9617"/>
    <tag k="type" v="line_thin"/>
    <tag k="subtype" v="solid"/>
  </way>
  <way id="10470">
    <nd ref="8386"/>
    <nd ref="10449"/>
    <nd ref="10450"/>
    <nd ref="10451"/>
    <nd ref="10452"/>
    <nd ref="10453"/>
    <nd ref="10454"/>
    <nd ref="10455"/>
    <nd ref="10456"/>
    <nd ref="10457"/>
    <nd ref="9620"/>
    <tag k="type" v="line_thin"/>
    <tag k="subtype" v="solid"/>
  </way>
  <way id="10474">
    <nd ref="8369"/>
    <nd ref="9617"/>
    <tag k="type" v="line_thin"/>
    <tag k="subtype" v="solid"/>
  </way>
  <way id="10475">
    <nd ref="8366"/>
    <nd ref="9620"/>
    <tag k="type" v="line_thin"/>
    <tag k="subtype" v="solid"/>
  </way>
  <way id="10506">
    <nd ref="8355"/>
    <nd ref="10477"/>
    <nd ref="10478"/>
    <nd ref="10479"/>
    <nd ref="10480"/>
    <nd ref="10481"/>
    <nd ref="10482"/>
    <nd ref="10483"/>
    <nd ref="10484"/>
    <nd ref="10485"/>
    <nd ref="9617"/>
    <tag k="type" v="line_thin"/>
    <tag k="subtype" v="solid"/>
  </way>
  <way id="10507">
    <nd ref="8352"/>
    <nd ref="10486"/>
    <nd ref="10487"/>
    <nd ref="10488"/>
    <nd ref="10489"/>
    <nd ref="10490"/>
    <nd ref="10491"/>
    <nd ref="10492"/>
    <nd ref="10493"/>
    <nd ref="10494"/>
    <nd ref="9620"/>
    <tag k="type" v="line_thin"/>
    <tag k="subtype" v="solid"/>
  </way>
  <way id="10538">
    <nd ref="8394"/>
    <nd ref="10509"/>
    <nd ref="10510"/>
    <nd ref="10511"/>
    <nd ref="10512"/>
    <nd ref="10513"/>
    <nd ref="10514"/>
    <nd ref="10515"/>
    <nd ref="10516"/>
    <nd ref="10517"/>
    <nd ref="4890"/>
    <tag k="type" v="line_thin"/>
    <tag k="subtype" v="solid"/>
  </way>
  <way id="10539">
    <nd ref="8391"/>
    <nd ref="10518"/>
    <nd ref="10519"/>
    <nd ref="10520"/>
    <nd ref="10521"/>
    <nd ref="10522"/>
    <nd ref="10523"/>
    <nd ref="10524"/>
    <nd ref="10525"/>
    <nd ref="10526"/>
    <nd ref="3832"/>
    <tag k="type" v="line_thin"/>
    <tag k="subtype" v="solid"/>
  </way>
  <way id="10558">
    <nd ref="8394"/>
    <nd ref="10541"/>
    <nd ref="10542"/>
    <nd ref="10543"/>
    <nd ref="10544"/>
    <nd ref="10545"/>
    <nd ref="4904"/>
    <tag k="type" v="line_thin"/>
    <tag k="subtype" v="solid"/>
  </way>
  <way id="10559">
    <nd ref="8391"/>
    <nd ref="10546"/>
    <nd ref="10547"/>
    <nd ref="10548"/>
    <nd ref="10549"/>
    <nd ref="10550"/>
    <nd ref="4898"/>
    <tag k="type" v="line_thin"/>
    <tag k="subtype" v="solid"/>
  </way>
  <way id="10587">
    <nd ref="4890"/>
    <nd ref="10561"/>
    <nd ref="10562"/>
    <nd ref="10563"/>
    <nd ref="10564"/>
    <nd ref="10565"/>
    <nd ref="10566"/>
    <nd ref="10567"/>
    <nd ref="10568"/>
    <nd ref="8400"/>
    <tag k="type" v="line_thin"/>
    <tag k="subtype" v="solid"/>
  </way>
  <way id="10588">
    <nd ref="4891"/>
    <nd ref="10569"/>
    <nd ref="10570"/>
    <nd ref="10571"/>
    <nd ref="10572"/>
    <nd ref="10573"/>
    <nd ref="10574"/>
    <nd ref="10575"/>
    <nd ref="10576"/>
    <nd ref="8398"/>
    <tag k="type" v="line_thin"/>
    <tag k="subtype" v="solid"/>
  </way>
  <way id="10613">
    <nd ref="4904"/>
    <nd ref="10590"/>
    <nd ref="10591"/>
    <nd ref="10592"/>
    <nd ref="10593"/>
    <nd ref="10594"/>
    <nd ref="10595"/>
    <nd ref="10596"/>
    <nd ref="8400"/>
    <tag k="type" v="line_thin"/>
    <tag k="subtype" v="solid"/>
  </way>
  <way id="10614">
    <nd ref="4905"/>
    <nd ref="10597"/>
    <nd ref="10598"/>
    <nd ref="10599"/>
    <nd ref="10600"/>
    <nd ref="10601"/>
    <nd ref="10602"/>
    <nd ref="10603"/>
    <nd ref="8398"/>
    <tag k="type" v="line_thin"/>
    <tag k="subtype" v="solid"/>
  </way>
  <way id="10634">
    <nd ref="8255"/>
    <nd ref="10621"/>
    <nd ref="10622"/>
    <nd ref="10623"/>
    <nd ref="10624"/>
    <nd ref="10625"/>
    <nd ref="9630"/>
    <tag k="type" v="line_thin"/>
    <tag k="subtype" v="solid"/>
  </way>
  <way id="10659">
    <nd ref="8258"/>
    <nd ref="10636"/>
    <nd ref="10637"/>
    <nd ref="10638"/>
    <nd ref="10639"/>
    <nd ref="10640"/>
    <nd ref="10641"/>
    <nd ref="10642"/>
    <nd ref="9650"/>
    <tag k="type" v="line_thin"/>
    <tag k="subtype" v="solid"/>
  </way>
  <way id="10660">
    <nd ref="8255"/>
    <nd ref="10643"/>
    <nd ref="10644"/>
    <nd ref="10645"/>
    <nd ref="10646"/>
    <nd ref="10647"/>
    <nd ref="10648"/>
    <nd ref="10649"/>
    <nd ref="9651"/>
    <tag k="type" v="line_thin"/>
    <tag k="subtype" v="solid"/>
  </way>
  <way id="10674">
    <nd ref="9637"/>
    <nd ref="10665"/>
    <nd ref="10666"/>
    <nd ref="10667"/>
    <nd ref="8262"/>
    <tag k="type" v="line_thin"/>
    <tag k="subtype" v="solid"/>
  </way>
  <way id="10705">
    <nd ref="9643"/>
    <nd ref="10676"/>
    <nd ref="10677"/>
    <nd ref="10678"/>
    <nd ref="10679"/>
    <nd ref="10680"/>
    <nd ref="10681"/>
    <nd ref="10682"/>
    <nd ref="10683"/>
    <nd ref="10684"/>
    <nd ref="8258"/>
    <tag k="type" v="line_thin"/>
    <tag k="subtype" v="solid"/>
  </way>
  <way id="10706">
    <nd ref="9644"/>
    <nd ref="10685"/>
    <nd ref="10686"/>
    <nd ref="10687"/>
    <nd ref="10688"/>
    <nd ref="10689"/>
    <nd ref="10690"/>
    <nd ref="10691"/>
    <nd ref="10692"/>
    <nd ref="10693"/>
    <nd ref="8262"/>
    <tag k="type" v="line_thin"/>
    <tag k="subtype" v="solid"/>
  </way>
  <way id="10734">
    <nd ref="8280"/>
    <nd ref="10708"/>
    <nd ref="10709"/>
    <nd ref="10710"/>
    <nd ref="10711"/>
    <nd ref="10712"/>
    <nd ref="10713"/>
    <nd ref="10714"/>
    <nd ref="10715"/>
    <nd ref="10192"/>
    <tag k="type" v="line_thin"/>
    <tag k="subtype" v="solid"/>
  </way>
  <way id="10735">
    <nd ref="8277"/>
    <nd ref="10716"/>
    <nd ref="10717"/>
    <nd ref="10718"/>
    <nd ref="10719"/>
    <nd ref="10720"/>
    <nd ref="10721"/>
    <nd ref="10722"/>
    <nd ref="10723"/>
    <nd ref="10172"/>
    <tag k="type" v="line_thin"/>
    <tag k="subtype" v="solid"/>
  </way>
  <way id="10769">
    <nd ref="8280"/>
    <nd ref="10737"/>
    <nd ref="10738"/>
    <nd ref="10739"/>
    <nd ref="10740"/>
    <nd ref="10741"/>
    <nd ref="10742"/>
    <nd ref="10743"/>
    <nd ref="10744"/>
    <nd ref="10745"/>
    <nd ref="10746"/>
    <nd ref="10185"/>
    <tag k="type" v="line_thin"/>
    <tag k="subtype" v="solid"/>
  </way>
  <way id="10770">
    <nd ref="8277"/>
    <nd ref="10747"/>
    <nd ref="10748"/>
    <nd ref="10749"/>
    <nd ref="10750"/>
    <nd ref="10751"/>
    <nd ref="10752"/>
    <nd ref="10753"/>
    <nd ref="10754"/>
    <nd ref="10755"/>
    <nd ref="10756"/>
    <nd ref="10186"/>
    <tag k="type" v="line_thin"/>
    <tag k="subtype" v="solid"/>
  </way>
  <way id="10795">
    <nd ref="10185"/>
    <nd ref="10772"/>
    <nd ref="10773"/>
    <nd ref="10774"/>
    <nd ref="10775"/>
    <nd ref="10776"/>
    <nd ref="10777"/>
    <nd ref="10778"/>
    <nd ref="8286"/>
    <tag k="type" v="line_thin"/>
    <tag k="subtype" v="solid"/>
  </way>
  <way id="10796">
    <nd ref="10179"/>
    <nd ref="10779"/>
    <nd ref="10780"/>
    <nd ref="10781"/>
    <nd ref="10782"/>
    <nd ref="10783"/>
    <nd ref="10784"/>
    <nd ref="10785"/>
    <nd ref="8284"/>
    <tag k="type" v="line_thin"/>
    <tag k="subtype" v="solid"/>
  </way>
  <way id="10833">
    <nd ref="10192"/>
    <nd ref="10798"/>
    <nd ref="10799"/>
    <nd ref="10800"/>
    <nd ref="10801"/>
    <nd ref="10802"/>
    <nd ref="10803"/>
    <nd ref="10804"/>
    <nd ref="10805"/>
    <nd ref="10806"/>
    <nd ref="10807"/>
    <nd ref="10808"/>
    <nd ref="8286"/>
    <tag k="type" v="line_thin"/>
    <tag k="subtype" v="solid"/>
  </way>
  <way id="10834">
    <nd ref="10193"/>
    <nd ref="10809"/>
    <nd ref="10810"/>
    <nd ref="10811"/>
    <nd ref="10812"/>
    <nd ref="10813"/>
    <nd ref="10814"/>
    <nd ref="10815"/>
    <nd ref="10816"/>
    <nd ref="10817"/>
    <nd ref="10818"/>
    <nd ref="10819"/>
    <nd ref="8284"/>
    <tag k="type" v="line_thin"/>
    <tag k="subtype" v="solid"/>
  </way>
  <way id="10865">
    <nd ref="1720"/>
    <nd ref="10836"/>
    <nd ref="10837"/>
    <nd ref="10838"/>
    <nd ref="10839"/>
    <nd ref="10840"/>
    <nd ref="10841"/>
    <nd ref="10842"/>
    <nd ref="10843"/>
    <nd ref="10844"/>
    <nd ref="8293"/>
    <tag k="type" v="line_thin"/>
    <tag k="subtype" v="solid"/>
  </way>
  <way id="10866">
    <nd ref="1870"/>
    <nd ref="10845"/>
    <nd ref="10846"/>
    <nd ref="10847"/>
    <nd ref="10848"/>
    <nd ref="10849"/>
    <nd ref="10850"/>
    <nd ref="10851"/>
    <nd ref="10852"/>
    <nd ref="10853"/>
    <nd ref="8290"/>
    <tag k="type" v="line_thin"/>
    <tag k="subtype" v="solid"/>
  </way>
  <way id="10897">
    <nd ref="8293"/>
    <nd ref="10868"/>
    <nd ref="10869"/>
    <nd ref="10870"/>
    <nd ref="10871"/>
    <nd ref="10872"/>
    <nd ref="10873"/>
    <nd ref="10874"/>
    <nd ref="10875"/>
    <nd ref="10876"/>
    <nd ref="9346"/>
    <tag k="type" v="line_thin"/>
    <tag k="subtype" v="solid"/>
  </way>
  <way id="10898">
    <nd ref="8305"/>
    <nd ref="10877"/>
    <nd ref="10878"/>
    <nd ref="10879"/>
    <nd ref="10880"/>
    <nd ref="10881"/>
    <nd ref="10882"/>
    <nd ref="10883"/>
    <nd ref="10884"/>
    <nd ref="10885"/>
    <nd ref="9347"/>
    <tag k="type" v="line_thin"/>
    <tag k="subtype" v="solid"/>
  </way>
  <way id="10929">
    <nd ref="8464"/>
    <nd ref="10900"/>
    <nd ref="10901"/>
    <nd ref="10902"/>
    <nd ref="10903"/>
    <nd ref="10904"/>
    <nd ref="10905"/>
    <nd ref="10906"/>
    <nd ref="10907"/>
    <nd ref="10908"/>
    <nd ref="327"/>
    <tag k="type" v="line_thin"/>
    <tag k="subtype" v="solid"/>
  </way>
  <way id="10930">
    <nd ref="8463"/>
    <nd ref="10909"/>
    <nd ref="10910"/>
    <nd ref="10911"/>
    <nd ref="10912"/>
    <nd ref="10913"/>
    <nd ref="10914"/>
    <nd ref="10915"/>
    <nd ref="10917"/>
    <nd ref="4781"/>
    <tag k="type" v="line_thin"/>
    <tag k="subtype" v="solid"/>
  </way>
  <way id="10976">
    <nd ref="8464"/>
    <nd ref="10932"/>
    <nd ref="10933"/>
    <nd ref="10934"/>
    <nd ref="10935"/>
    <nd ref="10936"/>
    <nd ref="10937"/>
    <nd ref="10938"/>
    <nd ref="10939"/>
    <nd ref="10940"/>
    <nd ref="10941"/>
    <nd ref="10942"/>
    <nd ref="10943"/>
    <nd ref="10944"/>
    <nd ref="10945"/>
    <nd ref="4784"/>
    <tag k="type" v="line_thin"/>
    <tag k="subtype" v="solid"/>
  </way>
  <way id="10977">
    <nd ref="8463"/>
    <nd ref="10946"/>
    <nd ref="10947"/>
    <nd ref="10948"/>
    <nd ref="10949"/>
    <nd ref="10950"/>
    <nd ref="10951"/>
    <nd ref="10952"/>
    <nd ref="10953"/>
    <nd ref="10954"/>
    <nd ref="10955"/>
    <nd ref="10956"/>
    <nd ref="10957"/>
    <nd ref="10958"/>
    <nd ref="4785"/>
    <tag k="type" v="line_thin"/>
    <tag k="subtype" v="solid"/>
  </way>
  <way id="11017">
    <nd ref="327"/>
    <nd ref="10979"/>
    <nd ref="10980"/>
    <nd ref="10981"/>
    <nd ref="10982"/>
    <nd ref="10983"/>
    <nd ref="10984"/>
    <nd ref="10985"/>
    <nd ref="10986"/>
    <nd ref="10987"/>
    <nd ref="10988"/>
    <nd ref="10989"/>
    <nd ref="10990"/>
    <nd ref="8476"/>
    <tag k="type" v="line_thin"/>
    <tag k="subtype" v="solid"/>
  </way>
  <way id="11018">
    <nd ref="376"/>
    <nd ref="10991"/>
    <nd ref="10992"/>
    <nd ref="10993"/>
    <nd ref="10994"/>
    <nd ref="10995"/>
    <nd ref="10996"/>
    <nd ref="10997"/>
    <nd ref="10998"/>
    <nd ref="10999"/>
    <nd ref="11000"/>
    <nd ref="11001"/>
    <nd ref="11002"/>
    <nd ref="8470"/>
    <tag k="type" v="line_thin"/>
    <tag k="subtype" v="solid"/>
  </way>
  <way id="11064">
    <nd ref="4975"/>
    <nd ref="11020"/>
    <nd ref="11021"/>
    <nd ref="11022"/>
    <nd ref="11023"/>
    <nd ref="11024"/>
    <nd ref="11025"/>
    <nd ref="11026"/>
    <nd ref="11027"/>
    <nd ref="11028"/>
    <nd ref="11029"/>
    <nd ref="11030"/>
    <nd ref="11031"/>
    <nd ref="11032"/>
    <nd ref="11033"/>
    <nd ref="8476"/>
    <tag k="type" v="line_thin"/>
    <tag k="subtype" v="solid"/>
  </way>
  <way id="11065">
    <nd ref="4974"/>
    <nd ref="11035"/>
    <nd ref="11036"/>
    <nd ref="11037"/>
    <nd ref="11038"/>
    <nd ref="11039"/>
    <nd ref="11040"/>
    <nd ref="11041"/>
    <nd ref="11042"/>
    <nd ref="11043"/>
    <nd ref="11044"/>
    <nd ref="11045"/>
    <nd ref="11046"/>
    <nd ref="11047"/>
    <nd ref="8470"/>
    <tag k="type" v="line_thin"/>
    <tag k="subtype" v="solid"/>
  </way>
  <way id="11090">
    <nd ref="8341"/>
    <nd ref="11067"/>
    <nd ref="11068"/>
    <nd ref="11069"/>
    <nd ref="11070"/>
    <nd ref="11071"/>
    <nd ref="11072"/>
    <nd ref="11073"/>
    <nd ref="4973"/>
    <tag k="type" v="line_thin"/>
    <tag k="subtype" v="solid"/>
  </way>
  <way id="11091">
    <nd ref="8338"/>
    <nd ref="11074"/>
    <nd ref="11075"/>
    <nd ref="11076"/>
    <nd ref="11077"/>
    <nd ref="11078"/>
    <nd ref="11079"/>
    <nd ref="11080"/>
    <nd ref="4972"/>
    <tag k="type" v="line_thin"/>
    <tag k="subtype" v="solid"/>
  </way>
  <way id="11113">
    <nd ref="8341"/>
    <nd ref="11093"/>
    <nd ref="11094"/>
    <nd ref="11095"/>
    <nd ref="11096"/>
    <nd ref="11097"/>
    <nd ref="11098"/>
    <nd ref="4805"/>
    <tag k="type" v="line_thin"/>
    <tag k="subtype" v="solid"/>
  </way>
  <way id="11114">
    <nd ref="8338"/>
    <nd ref="11099"/>
    <nd ref="11100"/>
    <nd ref="11101"/>
    <nd ref="11102"/>
    <nd ref="11103"/>
    <nd ref="11104"/>
    <nd ref="4806"/>
    <tag k="type" v="line_thin"/>
    <tag k="subtype" v="solid"/>
  </way>
  <way id="11136">
    <nd ref="4970"/>
    <nd ref="11116"/>
    <nd ref="11117"/>
    <nd ref="11118"/>
    <nd ref="11119"/>
    <nd ref="11120"/>
    <nd ref="11121"/>
    <nd ref="8347"/>
    <tag k="type" v="line_thin"/>
    <tag k="subtype" v="solid"/>
  </way>
  <way id="11137">
    <nd ref="4968"/>
    <nd ref="11122"/>
    <nd ref="11123"/>
    <nd ref="11124"/>
    <nd ref="11125"/>
    <nd ref="11126"/>
    <nd ref="11127"/>
    <nd ref="8345"/>
    <tag k="type" v="line_thin"/>
    <tag k="subtype" v="solid"/>
  </way>
  <way id="11162">
    <nd ref="4798"/>
    <nd ref="11139"/>
    <nd ref="11140"/>
    <nd ref="11141"/>
    <nd ref="11142"/>
    <nd ref="11143"/>
    <nd ref="11144"/>
    <nd ref="11145"/>
    <nd ref="8347"/>
    <tag k="type" v="line_thin"/>
    <tag k="subtype" v="solid"/>
  </way>
  <way id="11163">
    <nd ref="4799"/>
    <nd ref="11146"/>
    <nd ref="11147"/>
    <nd ref="11148"/>
    <nd ref="11149"/>
    <nd ref="11150"/>
    <nd ref="11151"/>
    <nd ref="11152"/>
    <nd ref="8345"/>
    <tag k="type" v="line_thin"/>
    <tag k="subtype" v="solid"/>
  </way>
  <way id="11173">
    <nd ref="8327"/>
    <nd ref="11165"/>
    <nd ref="11166"/>
    <nd ref="4971"/>
    <tag k="type" v="line_thin"/>
    <tag k="subtype" v="solid"/>
  </way>
  <way id="11174">
    <nd ref="8324"/>
    <nd ref="11167"/>
    <nd ref="11168"/>
    <nd ref="4969"/>
    <tag k="type" v="line_thin"/>
    <tag k="subtype" v="solid"/>
  </way>
  <way id="11200">
    <nd ref="8327"/>
    <nd ref="11177"/>
    <nd ref="11178"/>
    <nd ref="11179"/>
    <nd ref="11180"/>
    <nd ref="11181"/>
    <nd ref="11182"/>
    <nd ref="11183"/>
    <nd ref="11176"/>
    <tag k="type" v="line_thin"/>
    <tag k="subtype" v="solid"/>
  </way>
  <way id="11201">
    <nd ref="8324"/>
    <nd ref="11184"/>
    <nd ref="11185"/>
    <nd ref="11186"/>
    <nd ref="11187"/>
    <nd ref="11188"/>
    <nd ref="11189"/>
    <nd ref="11190"/>
    <nd ref="8488"/>
    <tag k="type" v="line_thin"/>
    <tag k="subtype" v="solid"/>
  </way>
  <way id="11223">
    <nd ref="8480"/>
    <nd ref="11203"/>
    <nd ref="11204"/>
    <nd ref="11205"/>
    <nd ref="11206"/>
    <nd ref="11207"/>
    <nd ref="11208"/>
    <nd ref="8333"/>
    <tag k="type" v="line_thin"/>
    <tag k="subtype" v="solid"/>
  </way>
  <way id="11224">
    <nd ref="8481"/>
    <nd ref="11209"/>
    <nd ref="11210"/>
    <nd ref="11211"/>
    <nd ref="11212"/>
    <nd ref="11213"/>
    <nd ref="11214"/>
    <nd ref="8331"/>
    <tag k="type" v="line_thin"/>
    <tag k="subtype" v="solid"/>
  </way>
  <way id="11234">
    <nd ref="4791"/>
    <nd ref="11226"/>
    <nd ref="11227"/>
    <nd ref="8333"/>
    <tag k="type" v="line_thin"/>
    <tag k="subtype" v="solid"/>
  </way>
  <way id="11235">
    <nd ref="4792"/>
    <nd ref="11228"/>
    <nd ref="11229"/>
    <nd ref="8331"/>
    <tag k="type" v="line_thin"/>
    <tag k="subtype" v="solid"/>
  </way>
  <way id="11287">
    <nd ref="8426"/>
    <nd ref="11237"/>
    <nd ref="11238"/>
    <nd ref="11239"/>
    <nd ref="11240"/>
    <nd ref="11241"/>
    <nd ref="11242"/>
    <nd ref="11243"/>
    <nd ref="11244"/>
    <nd ref="11245"/>
    <nd ref="11246"/>
    <nd ref="11247"/>
    <nd ref="11248"/>
    <nd ref="11249"/>
    <nd ref="11250"/>
    <nd ref="11251"/>
    <nd ref="11252"/>
    <nd ref="4949"/>
    <tag k="type" v="line_thin"/>
    <tag k="subtype" v="solid"/>
  </way>
  <way id="11288">
    <nd ref="8425"/>
    <nd ref="11253"/>
    <nd ref="11254"/>
    <nd ref="11255"/>
    <nd ref="11256"/>
    <nd ref="11257"/>
    <nd ref="11258"/>
    <nd ref="11259"/>
    <nd ref="11260"/>
    <nd ref="11261"/>
    <nd ref="11262"/>
    <nd ref="11263"/>
    <nd ref="11264"/>
    <nd ref="11265"/>
    <nd ref="11266"/>
    <nd ref="11267"/>
    <nd ref="11268"/>
    <nd ref="4950"/>
    <tag k="type" v="line_thin"/>
    <tag k="subtype" v="solid"/>
  </way>
  <way id="11340">
    <nd ref="4949"/>
    <nd ref="11290"/>
    <nd ref="11291"/>
    <nd ref="11292"/>
    <nd ref="11293"/>
    <nd ref="11294"/>
    <nd ref="11295"/>
    <nd ref="11296"/>
    <nd ref="11297"/>
    <nd ref="11298"/>
    <nd ref="11299"/>
    <nd ref="11300"/>
    <nd ref="11301"/>
    <nd ref="11302"/>
    <nd ref="11303"/>
    <nd ref="11304"/>
    <nd ref="11305"/>
    <nd ref="8446"/>
    <tag k="type" v="line_thin"/>
    <tag k="subtype" v="solid"/>
  </way>
  <way id="11341">
    <nd ref="4956"/>
    <nd ref="11306"/>
    <nd ref="11307"/>
    <nd ref="11308"/>
    <nd ref="11309"/>
    <nd ref="11310"/>
    <nd ref="11311"/>
    <nd ref="11312"/>
    <nd ref="11313"/>
    <nd ref="11314"/>
    <nd ref="11315"/>
    <nd ref="11316"/>
    <nd ref="11317"/>
    <nd ref="11318"/>
    <nd ref="11319"/>
    <nd ref="11320"/>
    <nd ref="11321"/>
    <nd ref="8436"/>
    <tag k="type" v="line_thin"/>
    <tag k="subtype" v="solid"/>
  </way>
  <way id="11369">
    <nd ref="8318"/>
    <nd ref="11343"/>
    <nd ref="11344"/>
    <nd ref="11345"/>
    <nd ref="11346"/>
    <nd ref="11347"/>
    <nd ref="11348"/>
    <nd ref="11349"/>
    <nd ref="11350"/>
    <nd ref="8501"/>
    <tag k="type" v="line_thin"/>
    <tag k="subtype" v="solid"/>
  </way>
  <way id="11370">
    <nd ref="8316"/>
    <nd ref="11351"/>
    <nd ref="11352"/>
    <nd ref="11353"/>
    <nd ref="11354"/>
    <nd ref="11355"/>
    <nd ref="11356"/>
    <nd ref="11357"/>
    <nd ref="11358"/>
    <nd ref="8495"/>
    <tag k="type" v="line_thin"/>
    <tag k="subtype" v="solid"/>
  </way>
  <way id="11413">
    <nd ref="8318"/>
    <nd ref="11372"/>
    <nd ref="11373"/>
    <nd ref="11374"/>
    <nd ref="11375"/>
    <nd ref="11376"/>
    <nd ref="11377"/>
    <nd ref="11378"/>
    <nd ref="11379"/>
    <nd ref="11380"/>
    <nd ref="11381"/>
    <nd ref="11382"/>
    <nd ref="11383"/>
    <nd ref="11384"/>
    <nd ref="8515"/>
    <tag k="type" v="line_thin"/>
    <tag k="subtype" v="solid"/>
  </way>
  <way id="11414">
    <nd ref="8316"/>
    <nd ref="11385"/>
    <nd ref="11386"/>
    <nd ref="11387"/>
    <nd ref="11388"/>
    <nd ref="11389"/>
    <nd ref="11390"/>
    <nd ref="11391"/>
    <nd ref="11392"/>
    <nd ref="11393"/>
    <nd ref="11394"/>
    <nd ref="11395"/>
    <nd ref="11396"/>
    <nd ref="11397"/>
    <nd ref="8523"/>
    <tag k="type" v="line_thin"/>
    <tag k="subtype" v="solid"/>
  </way>
  <way id="11448">
    <nd ref="8501"/>
    <nd ref="11416"/>
    <nd ref="11417"/>
    <nd ref="11418"/>
    <nd ref="11419"/>
    <nd ref="11420"/>
    <nd ref="11421"/>
    <nd ref="11422"/>
    <nd ref="11423"/>
    <nd ref="11424"/>
    <nd ref="11425"/>
    <nd ref="8312"/>
    <tag k="type" v="line_thin"/>
    <tag k="subtype" v="solid"/>
  </way>
  <way id="11449">
    <nd ref="8502"/>
    <nd ref="11426"/>
    <nd ref="11427"/>
    <nd ref="11428"/>
    <nd ref="11429"/>
    <nd ref="11430"/>
    <nd ref="11431"/>
    <nd ref="11432"/>
    <nd ref="11433"/>
    <nd ref="11434"/>
    <nd ref="11435"/>
    <nd ref="8309"/>
    <tag k="type" v="line_thin"/>
    <tag k="subtype" v="solid"/>
  </way>
  <way id="11486">
    <nd ref="8515"/>
    <nd ref="11451"/>
    <nd ref="11452"/>
    <nd ref="11453"/>
    <nd ref="11454"/>
    <nd ref="11455"/>
    <nd ref="11456"/>
    <nd ref="11457"/>
    <nd ref="11458"/>
    <nd ref="11459"/>
    <nd ref="11460"/>
    <nd ref="11461"/>
    <nd ref="8312"/>
    <tag k="type" v="line_thin"/>
    <tag k="subtype" v="solid"/>
  </way>
  <way id="11487">
    <nd ref="8516"/>
    <nd ref="11462"/>
    <nd ref="11463"/>
    <nd ref="11464"/>
    <nd ref="11465"/>
    <nd ref="11466"/>
    <nd ref="11467"/>
    <nd ref="11468"/>
    <nd ref="11469"/>
    <nd ref="11470"/>
    <nd ref="11471"/>
    <nd ref="11472"/>
    <nd ref="8309"/>
    <tag k="type" v="line_thin"/>
    <tag k="subtype" v="solid"/>
  </way>
  <way id="11491">
    <nd ref="11489"/>
    <nd ref="11490"/>
    <tag k="type" v="line_thin"/>
    <tag k="subtype" v="solid"/>
  </way>
  <way id="11494">
    <nd ref="11492"/>
    <nd ref="11493"/>
    <tag k="type" v="line_thin"/>
    <tag k="subtype" v="solid"/>
  </way>
  <way id="11498">
    <nd ref="11496"/>
    <nd ref="11497"/>
    <tag k="type" v="line_thin"/>
    <tag k="subtype" v="solid"/>
  </way>
  <way id="11758">
    <nd ref="11492"/>
    <nd ref="11732"/>
    <nd ref="11733"/>
    <nd ref="11734"/>
    <nd ref="11735"/>
    <nd ref="11736"/>
    <nd ref="11737"/>
    <nd ref="11738"/>
    <nd ref="11739"/>
    <nd ref="4864"/>
    <tag k="type" v="line_thin"/>
    <tag k="subtype" v="solid"/>
  </way>
  <way id="11759">
    <nd ref="11496"/>
    <nd ref="11740"/>
    <nd ref="11741"/>
    <nd ref="11742"/>
    <nd ref="11743"/>
    <nd ref="11744"/>
    <nd ref="11745"/>
    <nd ref="11746"/>
    <nd ref="11747"/>
    <nd ref="4865"/>
    <tag k="type" v="line_thin"/>
    <tag k="subtype" v="solid"/>
  </way>
  <way id="11796">
    <nd ref="1815"/>
    <nd ref="11761"/>
    <nd ref="11762"/>
    <nd ref="11763"/>
    <nd ref="11764"/>
    <nd ref="11765"/>
    <nd ref="11766"/>
    <nd ref="11767"/>
    <nd ref="11768"/>
    <nd ref="11769"/>
    <nd ref="11770"/>
    <nd ref="11771"/>
    <nd ref="11492"/>
    <tag k="type" v="line_thin"/>
    <tag k="subtype" v="solid"/>
  </way>
  <way id="11797">
    <nd ref="1965"/>
    <nd ref="11772"/>
    <nd ref="11773"/>
    <nd ref="11774"/>
    <nd ref="11775"/>
    <nd ref="11776"/>
    <nd ref="11777"/>
    <nd ref="11778"/>
    <nd ref="11779"/>
    <nd ref="11780"/>
    <nd ref="11781"/>
    <nd ref="11782"/>
    <nd ref="11489"/>
    <tag k="type" v="line_thin"/>
    <tag k="subtype" v="solid"/>
  </way>
  <relation id="429">
    <member type="way" role="left" ref="427"/>
    <member type="way" role="right" ref="428"/>
    <tag k="type" v="lanelet"/>
    <tag k="subtype" v="road"/>
    <tag k="speed_limit" v="20"/>
    <tag k="location" v="urban"/>
    <tag k="one_way" v="yes"/>
    <tag k="participant:vehicle" v="yes"/>
  </relation>
  <relation id="2673">
    <member type="way" role="left" ref="2671"/>
    <member type="way" role="right" ref="2672"/>
    <tag k="type" v="lanelet"/>
    <tag k="subtype" v="road"/>
    <tag k="speed_limit" v="20"/>
    <tag k="location" v="urban"/>
    <tag k="one_way" v="yes"/>
    <tag k="participant:vehicle" v="yes"/>
  </relation>
  <relation id="3117">
    <member type="way" role="left" ref="4914"/>
    <member type="way" role="right" ref="4916"/>
    <tag k="type" v="lanelet"/>
    <tag k="subtype" v="road"/>
    <tag k="speed_limit" v="20"/>
    <tag k="location" v="urban"/>
    <tag k="one_way" v="yes"/>
    <tag k="participant:vehicle" v="yes"/>
  </relation>
  <relation id="3930">
    <member type="way" role="left" ref="4899"/>
    <member type="way" role="right" ref="4909"/>
    <tag k="type" v="lanelet"/>
    <tag k="subtype" v="road"/>
    <tag k="speed_limit" v="20"/>
    <tag k="location" v="urban"/>
    <tag k="one_way" v="yes"/>
    <tag k="participant:vehicle" v="yes"/>
  </relation>
  <relation id="3951">
    <member type="way" role="left" ref="3949"/>
    <member type="way" role="right" ref="3950"/>
    <tag k="type" v="lanelet"/>
    <tag k="subtype" v="road"/>
    <tag k="speed_limit" v="20"/>
    <tag k="location" v="urban"/>
    <tag k="one_way" v="yes"/>
    <tag k="participant:vehicle" v="yes"/>
  </relation>
  <relation id="4230">
    <member type="way" role="left" ref="4892"/>
    <member type="way" role="right" ref="4894"/>
    <tag k="type" v="lanelet"/>
    <tag k="subtype" v="road"/>
    <tag k="speed_limit" v="20"/>
    <tag k="location" v="urban"/>
    <tag k="one_way" v="yes"/>
    <tag k="participant:vehicle" v="yes"/>
  </relation>
  <relation id="4758">
    <member type="way" role="left" ref="4875"/>
    <member type="way" role="right" ref="4757"/>
    <tag k="type" v="lanelet"/>
    <tag k="subtype" v="road"/>
    <tag k="speed_limit" v="20"/>
    <tag k="location" v="urban"/>
    <tag k="one_way" v="yes"/>
    <tag k="participant:vehicle" v="yes"/>
  </relation>
  <relation id="4765">
    <member type="way" role="left" ref="4776"/>
    <member type="way" role="right" ref="4770"/>
    <tag k="type" v="lanelet"/>
    <tag k="subtype" v="road"/>
    <tag k="speed_limit" v="20"/>
    <tag k="location" v="urban"/>
    <tag k="one_way" v="yes"/>
    <tag k="participant:vehicle" v="yes"/>
  </relation>
  <relation id="4772">
    <member type="way" role="left" ref="4769"/>
    <member type="way" role="right" ref="4771"/>
    <tag k="type" v="lanelet"/>
    <tag k="subtype" v="road"/>
    <tag k="speed_limit" v="20"/>
    <tag k="location" v="urban"/>
    <tag k="one_way" v="yes"/>
    <tag k="participant:vehicle" v="yes"/>
  </relation>
  <relation id="4779">
    <member type="way" role="left" ref="4776"/>
    <member type="way" role="right" ref="4778"/>
    <tag k="type" v="lanelet"/>
    <tag k="subtype" v="road"/>
    <tag k="speed_limit" v="20"/>
    <tag k="location" v="urban"/>
    <tag k="one_way" v="yes"/>
    <tag k="participant:vehicle" v="yes"/>
  </relation>
  <relation id="4783">
    <member type="way" role="left" ref="427"/>
    <member type="way" role="right" ref="4782"/>
    <tag k="type" v="lanelet"/>
    <tag k="subtype" v="road"/>
    <tag k="speed_limit" v="10"/>
    <tag k="location" v="urban"/>
    <tag k="one_way" v="yes"/>
  </relation>
  <relation id="4790">
    <member type="way" role="left" ref="4800"/>
    <member type="way" role="right" ref="4802"/>
    <tag k="type" v="lanelet"/>
    <tag k="subtype" v="road"/>
    <tag k="speed_limit" v="20"/>
    <tag k="location" v="urban"/>
    <tag k="one_way" v="yes"/>
    <tag k="participant:vehicle" v="yes"/>
  </relation>
  <relation id="4797">
    <member type="way" role="left" ref="8489"/>
    <member type="way" role="right" ref="8491"/>
    <tag k="type" v="lanelet"/>
    <tag k="subtype" v="road"/>
    <tag k="speed_limit" v="20"/>
    <tag k="location" v="urban"/>
    <tag k="one_way" v="yes"/>
    <tag k="participant:vehicle" v="yes"/>
  </relation>
  <relation id="4804">
    <member type="way" role="left" ref="4807"/>
    <member type="way" role="right" ref="4809"/>
    <tag k="type" v="lanelet"/>
    <tag k="subtype" v="road"/>
    <tag k="speed_limit" v="20"/>
    <tag k="location" v="urban"/>
    <tag k="one_way" v="yes"/>
    <tag k="participant:vehicle" v="yes"/>
  </relation>
  <relation id="4811">
    <member type="way" role="left" ref="4808"/>
    <member type="way" role="right" ref="4810"/>
    <tag k="type" v="lanelet"/>
    <tag k="subtype" v="road"/>
    <tag k="speed_limit" v="20"/>
    <tag k="location" v="urban"/>
    <tag k="one_way" v="yes"/>
    <tag k="participant:vehicle" v="yes"/>
  </relation>
  <relation id="4824">
    <member type="way" role="left" ref="4821"/>
    <member type="way" role="right" ref="4823"/>
    <tag k="type" v="lanelet"/>
    <tag k="subtype" v="road"/>
    <tag k="speed_limit" v="20"/>
    <tag k="location" v="urban"/>
    <tag k="one_way" v="yes"/>
    <tag k="participant:vehicle" v="yes"/>
  </relation>
  <relation id="4839">
    <member type="way" role="left" ref="4821"/>
    <member type="way" role="right" ref="4838"/>
    <tag k="type" v="lanelet"/>
    <tag k="subtype" v="road"/>
    <tag k="speed_limit" v="10"/>
    <tag k="location" v="urban"/>
    <tag k="one_way" v="yes"/>
  </relation>
  <relation id="4849">
    <member type="way" role="left" ref="4875"/>
    <member type="way" role="right" ref="4848"/>
    <tag k="type" v="lanelet"/>
    <tag k="subtype" v="road"/>
    <tag k="speed_limit" v="20"/>
    <tag k="location" v="urban"/>
    <tag k="one_way" v="yes"/>
    <tag k="participant:vehicle" v="yes"/>
  </relation>
  <relation id="4859">
    <member type="way" role="left" ref="4856"/>
    <member type="way" role="right" ref="4857"/>
    <tag k="type" v="lanelet"/>
    <tag k="subtype" v="road"/>
    <tag k="speed_limit" v="10"/>
    <tag k="location" v="urban"/>
    <tag k="one_way" v="yes"/>
  </relation>
  <relation id="4860">
    <member type="way" role="left" ref="4856"/>
    <member type="way" role="right" ref="4858"/>
    <tag k="type" v="lanelet"/>
    <tag k="subtype" v="road"/>
    <tag k="speed_limit" v="20"/>
    <tag k="location" v="urban"/>
    <tag k="one_way" v="yes"/>
    <tag k="participant:vehicle" v="yes"/>
  </relation>
  <relation id="4870">
    <member type="way" role="left" ref="4871"/>
    <member type="way" role="right" ref="4872"/>
    <tag k="type" v="lanelet"/>
    <tag k="subtype" v="road"/>
    <tag k="speed_limit" v="20"/>
    <tag k="location" v="urban"/>
    <tag k="one_way" v="yes"/>
    <tag k="participant:vehicle" v="yes"/>
  </relation>
  <relation id="4889">
    <member type="way" role="left" ref="9341"/>
    <member type="way" role="right" ref="9343"/>
    <tag k="type" v="lanelet"/>
    <tag k="subtype" v="road"/>
    <tag k="speed_limit" v="20"/>
    <tag k="location" v="urban"/>
    <tag k="one_way" v="yes"/>
    <tag k="participant:vehicle" v="yes"/>
  </relation>
  <relation id="4896">
    <member type="way" role="left" ref="4899"/>
    <member type="way" role="right" ref="4901"/>
    <tag k="type" v="lanelet"/>
    <tag k="subtype" v="road"/>
    <tag k="speed_limit" v="20"/>
    <tag k="location" v="urban"/>
    <tag k="one_way" v="yes"/>
    <tag k="participant:vehicle" v="yes"/>
  </relation>
  <relation id="4903">
    <member type="way" role="left" ref="9652"/>
    <member type="way" role="right" ref="9640"/>
    <tag k="type" v="lanelet"/>
    <tag k="subtype" v="road"/>
    <tag k="speed_limit" v="20"/>
    <tag k="location" v="urban"/>
    <tag k="one_way" v="yes"/>
    <tag k="participant:vehicle" v="yes"/>
  </relation>
  <relation id="4910">
    <member type="way" role="left" ref="9652"/>
    <member type="way" role="right" ref="9655"/>
    <tag k="type" v="lanelet"/>
    <tag k="subtype" v="road"/>
    <tag k="speed_limit" v="20"/>
    <tag k="location" v="urban"/>
    <tag k="one_way" v="yes"/>
    <tag k="participant:vehicle" v="yes"/>
  </relation>
  <relation id="4918">
    <member type="way" role="left" ref="4915"/>
    <member type="way" role="right" ref="4917"/>
    <tag k="type" v="lanelet"/>
    <tag k="subtype" v="road"/>
    <tag k="speed_limit" v="20"/>
    <tag k="location" v="urban"/>
    <tag k="one_way" v="yes"/>
    <tag k="participant:vehicle" v="yes"/>
  </relation>
  <relation id="4936">
    <member type="way" role="left" ref="4933"/>
    <member type="way" role="right" ref="4934"/>
    <tag k="type" v="lanelet"/>
    <tag k="subtype" v="road"/>
    <tag k="speed_limit" v="20"/>
    <tag k="location" v="urban"/>
    <tag k="one_way" v="yes"/>
    <tag k="participant:vehicle" v="yes"/>
  </relation>
  <relation id="4937">
    <member type="way" role="left" ref="4933"/>
    <member type="way" role="right" ref="4935"/>
    <tag k="type" v="lanelet"/>
    <tag k="subtype" v="road"/>
    <tag k="speed_limit" v="20"/>
    <tag k="location" v="urban"/>
    <tag k="one_way" v="yes"/>
    <tag k="participant:vehicle" v="yes"/>
  </relation>
  <relation id="4947">
    <member type="way" role="left" ref="4944"/>
    <member type="way" role="right" ref="4945"/>
    <tag k="type" v="lanelet"/>
    <tag k="subtype" v="road"/>
    <tag k="speed_limit" v="10"/>
    <tag k="location" v="urban"/>
    <tag k="one_way" v="yes"/>
  </relation>
  <relation id="4948">
    <member type="way" role="left" ref="4944"/>
    <member type="way" role="right" ref="4946"/>
    <tag k="type" v="lanelet"/>
    <tag k="subtype" v="road"/>
    <tag k="speed_limit" v="20"/>
    <tag k="location" v="urban"/>
    <tag k="one_way" v="yes"/>
    <tag k="participant:vehicle" v="yes"/>
  </relation>
  <relation id="4955">
    <member type="way" role="left" ref="8517"/>
    <member type="way" role="right" ref="8519"/>
    <tag k="type" v="lanelet"/>
    <tag k="subtype" v="road"/>
    <tag k="speed_limit" v="20"/>
    <tag k="location" v="urban"/>
    <tag k="one_way" v="yes"/>
    <tag k="participant:vehicle" v="yes"/>
  </relation>
  <relation id="4967">
    <member type="way" role="left" ref="8517"/>
    <member type="way" role="right" ref="8526"/>
    <tag k="type" v="lanelet"/>
    <tag k="subtype" v="road"/>
    <tag k="speed_limit" v="10"/>
    <tag k="location" v="urban"/>
    <tag k="one_way" v="yes"/>
  </relation>
  <relation id="4982">
    <member type="way" role="left" ref="4977"/>
    <member type="way" role="right" ref="4976"/>
    <tag k="type" v="lanelet"/>
    <tag k="subtype" v="road"/>
    <tag k="speed_limit" v="20"/>
    <tag k="location" v="urban"/>
    <tag k="one_way" v="yes"/>
    <tag k="participant:vehicle" v="yes"/>
  </relation>
  <relation id="4983">
    <member type="way" role="left" ref="4979"/>
    <member type="way" role="right" ref="4978"/>
    <tag k="type" v="lanelet"/>
    <tag k="subtype" v="road"/>
    <tag k="speed_limit" v="20"/>
    <tag k="location" v="urban"/>
    <tag k="one_way" v="yes"/>
    <tag k="participant:vehicle" v="yes"/>
  </relation>
  <relation id="4984">
    <member type="way" role="left" ref="4981"/>
    <member type="way" role="right" ref="4980"/>
    <tag k="type" v="lanelet"/>
    <tag k="subtype" v="road"/>
    <tag k="speed_limit" v="20"/>
    <tag k="location" v="urban"/>
    <tag k="one_way" v="yes"/>
    <tag k="participant:vehicle" v="yes"/>
  </relation>
  <relation id="5001">
    <member type="way" role="left" ref="4998"/>
    <member type="way" role="right" ref="4999"/>
    <tag k="type" v="lanelet"/>
    <tag k="subtype" v="road"/>
    <tag k="speed_limit" v="10"/>
    <tag k="location" v="urban"/>
    <tag k="one_way" v="yes"/>
  </relation>
  <relation id="5002">
    <member type="way" role="left" ref="4998"/>
    <member type="way" role="right" ref="5000"/>
    <tag k="type" v="lanelet"/>
    <tag k="subtype" v="road"/>
    <tag k="speed_limit" v="20"/>
    <tag k="location" v="urban"/>
    <tag k="one_way" v="yes"/>
    <tag k="participant:vehicle" v="yes"/>
  </relation>
  <relation id="7204">
    <member type="way" role="left" ref="7263"/>
    <member type="way" role="right" ref="7203"/>
    <tag k="type" v="lanelet"/>
    <tag k="subtype" v="road"/>
    <tag k="speed_limit" v="20"/>
    <tag k="location" v="urban"/>
    <tag k="one_way" v="yes"/>
    <tag k="participant:vehicle" v="yes"/>
  </relation>
  <relation id="7209">
    <member type="way" role="left" ref="7207"/>
    <member type="way" role="right" ref="7208"/>
    <tag k="type" v="lanelet"/>
    <tag k="subtype" v="road"/>
    <tag k="speed_limit" v="20"/>
    <tag k="location" v="urban"/>
    <tag k="one_way" v="yes"/>
    <tag k="participant:vehicle" v="yes"/>
  </relation>
  <relation id="7265">
    <member type="way" role="left" ref="7263"/>
    <member type="way" role="right" ref="7264"/>
    <tag k="type" v="lanelet"/>
    <tag k="subtype" v="road"/>
    <tag k="speed_limit" v="20"/>
    <tag k="location" v="urban"/>
    <tag k="one_way" v="yes"/>
    <tag k="participant:vehicle" v="yes"/>
  </relation>
  <relation id="7306">
    <member type="way" role="left" ref="7359"/>
    <member type="way" role="right" ref="7305"/>
    <tag k="type" v="lanelet"/>
    <tag k="subtype" v="road"/>
    <tag k="speed_limit" v="20"/>
    <tag k="location" v="urban"/>
    <tag k="one_way" v="yes"/>
    <tag k="participant:vehicle" v="yes"/>
  </relation>
  <relation id="7311">
    <member type="way" role="left" ref="7207"/>
    <member type="way" role="right" ref="7310"/>
    <tag k="type" v="lanelet"/>
    <tag k="subtype" v="road"/>
    <tag k="speed_limit" v="20"/>
    <tag k="location" v="urban"/>
    <tag k="one_way" v="yes"/>
    <tag k="participant:vehicle" v="yes"/>
  </relation>
  <relation id="7361">
    <member type="way" role="left" ref="7359"/>
    <member type="way" role="right" ref="7360"/>
    <tag k="type" v="lanelet"/>
    <tag k="subtype" v="road"/>
    <tag k="speed_limit" v="20"/>
    <tag k="location" v="urban"/>
    <tag k="one_way" v="yes"/>
    <tag k="participant:vehicle" v="yes"/>
  </relation>
  <relation id="7399">
    <member type="way" role="left" ref="7397"/>
    <member type="way" role="right" ref="7398"/>
    <tag k="type" v="lanelet"/>
    <tag k="subtype" v="road"/>
    <tag k="speed_limit" v="20"/>
    <tag k="location" v="urban"/>
    <tag k="one_way" v="yes"/>
    <tag k="participant:vehicle" v="yes"/>
  </relation>
  <relation id="7410">
    <member type="way" role="left" ref="7408"/>
    <member type="way" role="right" ref="7409"/>
    <tag k="type" v="lanelet"/>
    <tag k="subtype" v="road"/>
    <tag k="speed_limit" v="20"/>
    <tag k="location" v="urban"/>
    <tag k="one_way" v="yes"/>
    <tag k="participant:vehicle" v="yes"/>
  </relation>
  <relation id="7454">
    <member type="way" role="left" ref="7452"/>
    <member type="way" role="right" ref="7453"/>
    <tag k="type" v="lanelet"/>
    <tag k="subtype" v="road"/>
    <tag k="speed_limit" v="20"/>
    <tag k="location" v="urban"/>
    <tag k="one_way" v="yes"/>
    <tag k="participant:vehicle" v="yes"/>
  </relation>
  <relation id="7504">
    <member type="way" role="left" ref="7502"/>
    <member type="way" role="right" ref="7503"/>
    <tag k="type" v="lanelet"/>
    <tag k="subtype" v="road"/>
    <tag k="speed_limit" v="20"/>
    <tag k="location" v="urban"/>
    <tag k="one_way" v="yes"/>
    <tag k="participant:vehicle" v="yes"/>
  </relation>
  <relation id="7542">
    <member type="way" role="left" ref="7502"/>
    <member type="way" role="right" ref="7541"/>
    <tag k="type" v="lanelet"/>
    <tag k="subtype" v="road"/>
    <tag k="speed_limit" v="20"/>
    <tag k="location" v="urban"/>
    <tag k="one_way" v="yes"/>
    <tag k="participant:vehicle" v="yes"/>
  </relation>
  <relation id="7604">
    <member type="way" role="left" ref="7602"/>
    <member type="way" role="right" ref="7603"/>
    <tag k="type" v="lanelet"/>
    <tag k="subtype" v="road"/>
    <tag k="speed_limit" v="20"/>
    <tag k="location" v="urban"/>
    <tag k="one_way" v="yes"/>
    <tag k="participant:vehicle" v="yes"/>
  </relation>
  <relation id="7630">
    <member type="way" role="left" ref="7694"/>
    <member type="way" role="right" ref="7629"/>
    <tag k="type" v="lanelet"/>
    <tag k="subtype" v="road"/>
    <tag k="speed_limit" v="20"/>
    <tag k="location" v="urban"/>
    <tag k="one_way" v="yes"/>
    <tag k="participant:vehicle" v="yes"/>
  </relation>
  <relation id="7635">
    <member type="way" role="left" ref="7633"/>
    <member type="way" role="right" ref="7634"/>
    <tag k="type" v="lanelet"/>
    <tag k="subtype" v="road"/>
    <tag k="speed_limit" v="20"/>
    <tag k="location" v="urban"/>
    <tag k="one_way" v="yes"/>
    <tag k="participant:vehicle" v="yes"/>
  </relation>
  <relation id="7658">
    <member type="way" role="left" ref="8237"/>
    <member type="way" role="right" ref="7657"/>
    <tag k="type" v="lanelet"/>
    <tag k="subtype" v="road"/>
    <tag k="speed_limit" v="20"/>
    <tag k="location" v="urban"/>
    <tag k="one_way" v="yes"/>
    <tag k="participant:vehicle" v="yes"/>
  </relation>
  <relation id="7696">
    <member type="way" role="left" ref="7694"/>
    <member type="way" role="right" ref="7695"/>
    <tag k="type" v="lanelet"/>
    <tag k="subtype" v="road"/>
    <tag k="speed_limit" v="20"/>
    <tag k="location" v="urban"/>
    <tag k="one_way" v="yes"/>
    <tag k="participant:vehicle" v="yes"/>
  </relation>
  <relation id="7765">
    <member type="way" role="left" ref="7763"/>
    <member type="way" role="right" ref="7764"/>
    <tag k="type" v="lanelet"/>
    <tag k="subtype" v="road"/>
    <tag k="speed_limit" v="20"/>
    <tag k="location" v="urban"/>
    <tag k="one_way" v="yes"/>
    <tag k="participant:vehicle" v="yes"/>
  </relation>
  <relation id="7770">
    <member type="way" role="left" ref="7768"/>
    <member type="way" role="right" ref="7769"/>
    <tag k="type" v="lanelet"/>
    <tag k="subtype" v="road"/>
    <tag k="speed_limit" v="20"/>
    <tag k="location" v="urban"/>
    <tag k="one_way" v="yes"/>
    <tag k="participant:vehicle" v="yes"/>
  </relation>
  <relation id="7796">
    <member type="way" role="left" ref="7763"/>
    <member type="way" role="right" ref="7795"/>
    <tag k="type" v="lanelet"/>
    <tag k="subtype" v="road"/>
    <tag k="speed_limit" v="20"/>
    <tag k="location" v="urban"/>
    <tag k="one_way" v="yes"/>
    <tag k="participant:vehicle" v="yes"/>
  </relation>
  <relation id="7834">
    <member type="way" role="left" ref="7832"/>
    <member type="way" role="right" ref="7833"/>
    <tag k="type" v="lanelet"/>
    <tag k="subtype" v="road"/>
    <tag k="speed_limit" v="20"/>
    <tag k="location" v="urban"/>
    <tag k="one_way" v="yes"/>
    <tag k="participant:vehicle" v="yes"/>
  </relation>
  <relation id="7860">
    <member type="way" role="left" ref="7832"/>
    <member type="way" role="right" ref="7859"/>
    <tag k="type" v="lanelet"/>
    <tag k="subtype" v="road"/>
    <tag k="speed_limit" v="20"/>
    <tag k="location" v="urban"/>
    <tag k="one_way" v="yes"/>
    <tag k="participant:vehicle" v="yes"/>
  </relation>
  <relation id="7865">
    <member type="way" role="left" ref="7863"/>
    <member type="way" role="right" ref="7864"/>
    <tag k="type" v="lanelet"/>
    <tag k="subtype" v="road"/>
    <tag k="speed_limit" v="20"/>
    <tag k="location" v="urban"/>
    <tag k="one_way" v="yes"/>
    <tag k="participant:vehicle" v="yes"/>
  </relation>
  <relation id="7915">
    <member type="way" role="left" ref="7913"/>
    <member type="way" role="right" ref="7914"/>
    <tag k="type" v="lanelet"/>
    <tag k="subtype" v="road"/>
    <tag k="speed_limit" v="20"/>
    <tag k="location" v="urban"/>
    <tag k="one_way" v="yes"/>
    <tag k="participant:vehicle" v="yes"/>
  </relation>
  <relation id="7956">
    <member type="way" role="left" ref="7954"/>
    <member type="way" role="right" ref="7955"/>
    <tag k="type" v="lanelet"/>
    <tag k="subtype" v="road"/>
    <tag k="speed_limit" v="20"/>
    <tag k="location" v="urban"/>
    <tag k="one_way" v="yes"/>
    <tag k="participant:vehicle" v="yes"/>
  </relation>
  <relation id="7997">
    <member type="way" role="left" ref="7995"/>
    <member type="way" role="right" ref="7996"/>
    <tag k="type" v="lanelet"/>
    <tag k="subtype" v="road"/>
    <tag k="speed_limit" v="20"/>
    <tag k="location" v="urban"/>
    <tag k="one_way" v="yes"/>
    <tag k="participant:vehicle" v="yes"/>
  </relation>
  <relation id="8005">
    <member type="way" role="left" ref="8003"/>
    <member type="way" role="right" ref="8004"/>
    <tag k="type" v="lanelet"/>
    <tag k="subtype" v="road"/>
    <tag k="speed_limit" v="20"/>
    <tag k="location" v="urban"/>
    <tag k="one_way" v="yes"/>
    <tag k="participant:vehicle" v="yes"/>
  </relation>
  <relation id="8034">
    <member type="way" role="left" ref="8032"/>
    <member type="way" role="right" ref="8033"/>
    <tag k="type" v="lanelet"/>
    <tag k="subtype" v="road"/>
    <tag k="speed_limit" v="20"/>
    <tag k="location" v="urban"/>
    <tag k="one_way" v="yes"/>
    <tag k="participant:vehicle" v="yes"/>
  </relation>
  <relation id="8093">
    <member type="way" role="left" ref="8091"/>
    <member type="way" role="right" ref="8092"/>
    <tag k="type" v="lanelet"/>
    <tag k="subtype" v="road"/>
    <tag k="speed_limit" v="20"/>
    <tag k="location" v="urban"/>
    <tag k="one_way" v="yes"/>
    <tag k="participant:vehicle" v="yes"/>
  </relation>
  <relation id="8152">
    <member type="way" role="left" ref="8150"/>
    <member type="way" role="right" ref="8151"/>
    <tag k="type" v="lanelet"/>
    <tag k="subtype" v="road"/>
    <tag k="speed_limit" v="20"/>
    <tag k="location" v="urban"/>
    <tag k="one_way" v="yes"/>
    <tag k="participant:vehicle" v="yes"/>
  </relation>
  <relation id="8157">
    <member type="way" role="left" ref="8003"/>
    <member type="way" role="right" ref="8156"/>
    <tag k="type" v="lanelet"/>
    <tag k="subtype" v="road"/>
    <tag k="speed_limit" v="20"/>
    <tag k="location" v="urban"/>
    <tag k="one_way" v="yes"/>
    <tag k="participant:vehicle" v="yes"/>
  </relation>
  <relation id="8201">
    <member type="way" role="left" ref="8482"/>
    <member type="way" role="right" ref="8484"/>
    <tag k="type" v="lanelet"/>
    <tag k="subtype" v="road"/>
    <tag k="speed_limit" v="20"/>
    <tag k="location" v="urban"/>
    <tag k="one_way" v="yes"/>
    <tag k="participant:vehicle" v="yes"/>
  </relation>
  <relation id="8239">
    <member type="way" role="left" ref="8237"/>
    <member type="way" role="right" ref="8238"/>
    <tag k="type" v="lanelet"/>
    <tag k="subtype" v="road"/>
    <tag k="speed_limit" v="20"/>
    <tag k="location" v="urban"/>
    <tag k="one_way" v="yes"/>
    <tag k="participant:vehicle" v="yes"/>
  </relation>
  <relation id="8244">
    <member type="way" role="left" ref="7633"/>
    <member type="way" role="right" ref="8243"/>
    <tag k="type" v="lanelet"/>
    <tag k="subtype" v="road"/>
    <tag k="speed_limit" v="20"/>
    <tag k="location" v="urban"/>
    <tag k="one_way" v="yes"/>
    <tag k="participant:vehicle" v="yes"/>
  </relation>
  <relation id="8251">
    <member type="way" role="left" ref="8250"/>
    <member type="way" role="right" ref="8247"/>
    <tag k="type" v="lanelet"/>
    <tag k="subtype" v="road"/>
    <tag k="speed_limit" v="10"/>
    <tag k="location" v="urban"/>
    <tag k="one_way" v="yes"/>
  </relation>
  <relation id="8260">
    <member type="way" role="left" ref="8259"/>
    <member type="way" role="right" ref="8256"/>
    <tag k="type" v="lanelet"/>
    <tag k="subtype" v="road"/>
    <tag k="speed_limit" v="10"/>
    <tag k="location" v="urban"/>
    <tag k="one_way" v="yes"/>
  </relation>
  <relation id="8264">
    <member type="way" role="left" ref="8259"/>
    <member type="way" role="right" ref="8263"/>
    <tag k="type" v="lanelet"/>
    <tag k="subtype" v="road"/>
    <tag k="speed_limit" v="10"/>
    <tag k="location" v="urban"/>
    <tag k="one_way" v="yes"/>
  </relation>
  <relation id="8282">
    <member type="way" role="left" ref="8281"/>
    <member type="way" role="right" ref="8278"/>
    <tag k="type" v="lanelet"/>
    <tag k="subtype" v="road"/>
    <tag k="speed_limit" v="10"/>
    <tag k="location" v="urban"/>
    <tag k="one_way" v="yes"/>
  </relation>
  <relation id="8289">
    <member type="way" role="left" ref="8288"/>
    <member type="way" role="right" ref="8287"/>
    <tag k="type" v="lanelet"/>
    <tag k="subtype" v="road"/>
    <tag k="speed_limit" v="10"/>
    <tag k="location" v="urban"/>
    <tag k="one_way" v="yes"/>
  </relation>
  <relation id="8296">
    <member type="way" role="left" ref="8295"/>
    <member type="way" role="right" ref="8292"/>
    <tag k="type" v="lanelet"/>
    <tag k="subtype" v="road"/>
    <tag k="speed_limit" v="10"/>
    <tag k="location" v="urban"/>
    <tag k="one_way" v="yes"/>
  </relation>
  <relation id="8308">
    <member type="way" role="left" ref="8295"/>
    <member type="way" role="right" ref="8307"/>
    <tag k="type" v="lanelet"/>
    <tag k="subtype" v="road"/>
    <tag k="speed_limit" v="10"/>
    <tag k="location" v="urban"/>
    <tag k="one_way" v="yes"/>
  </relation>
  <relation id="8315">
    <member type="way" role="left" ref="8314"/>
    <member type="way" role="right" ref="8311"/>
    <tag k="type" v="lanelet"/>
    <tag k="subtype" v="road"/>
    <tag k="speed_limit" v="10"/>
    <tag k="location" v="urban"/>
    <tag k="one_way" v="yes"/>
  </relation>
  <relation id="8322">
    <member type="way" role="left" ref="8321"/>
    <member type="way" role="right" ref="8320"/>
    <tag k="type" v="lanelet"/>
    <tag k="subtype" v="road"/>
    <tag k="speed_limit" v="10"/>
    <tag k="location" v="urban"/>
    <tag k="one_way" v="yes"/>
  </relation>
  <relation id="8329">
    <member type="way" role="left" ref="8328"/>
    <member type="way" role="right" ref="8325"/>
    <tag k="type" v="lanelet"/>
    <tag k="subtype" v="road"/>
    <tag k="speed_limit" v="10"/>
    <tag k="location" v="urban"/>
    <tag k="one_way" v="yes"/>
  </relation>
  <relation id="8336">
    <member type="way" role="left" ref="8335"/>
    <member type="way" role="right" ref="8334"/>
    <tag k="type" v="lanelet"/>
    <tag k="subtype" v="road"/>
    <tag k="speed_limit" v="10"/>
    <tag k="location" v="urban"/>
    <tag k="one_way" v="yes"/>
  </relation>
  <relation id="8343">
    <member type="way" role="left" ref="8342"/>
    <member type="way" role="right" ref="8339"/>
    <tag k="type" v="lanelet"/>
    <tag k="subtype" v="road"/>
    <tag k="speed_limit" v="10"/>
    <tag k="location" v="urban"/>
    <tag k="one_way" v="yes"/>
  </relation>
  <relation id="8350">
    <member type="way" role="left" ref="8349"/>
    <member type="way" role="right" ref="8348"/>
    <tag k="type" v="lanelet"/>
    <tag k="subtype" v="road"/>
    <tag k="speed_limit" v="10"/>
    <tag k="location" v="urban"/>
    <tag k="one_way" v="yes"/>
  </relation>
  <relation id="8357">
    <member type="way" role="left" ref="8356"/>
    <member type="way" role="right" ref="8353"/>
    <tag k="type" v="lanelet"/>
    <tag k="subtype" v="road"/>
    <tag k="speed_limit" v="10"/>
    <tag k="location" v="urban"/>
    <tag k="one_way" v="yes"/>
  </relation>
  <relation id="8364">
    <member type="way" role="left" ref="8363"/>
    <member type="way" role="right" ref="8362"/>
    <tag k="type" v="lanelet"/>
    <tag k="subtype" v="road"/>
    <tag k="speed_limit" v="10"/>
    <tag k="location" v="urban"/>
    <tag k="one_way" v="yes"/>
  </relation>
  <relation id="8371">
    <member type="way" role="left" ref="8370"/>
    <member type="way" role="right" ref="8367"/>
    <tag k="type" v="lanelet"/>
    <tag k="subtype" v="road"/>
    <tag k="speed_limit" v="10"/>
    <tag k="location" v="urban"/>
    <tag k="one_way" v="yes"/>
  </relation>
  <relation id="8378">
    <member type="way" role="left" ref="8377"/>
    <member type="way" role="right" ref="8376"/>
    <tag k="type" v="lanelet"/>
    <tag k="subtype" v="road"/>
    <tag k="speed_limit" v="10"/>
    <tag k="location" v="urban"/>
    <tag k="one_way" v="yes"/>
  </relation>
  <relation id="8385">
    <member type="way" role="left" ref="8384"/>
    <member type="way" role="right" ref="8381"/>
    <tag k="type" v="lanelet"/>
    <tag k="subtype" v="road"/>
    <tag k="speed_limit" v="10"/>
    <tag k="location" v="urban"/>
    <tag k="one_way" v="yes"/>
  </relation>
  <relation id="8389">
    <member type="way" role="left" ref="8384"/>
    <member type="way" role="right" ref="8388"/>
    <tag k="type" v="lanelet"/>
    <tag k="subtype" v="road"/>
    <tag k="speed_limit" v="10"/>
    <tag k="location" v="urban"/>
    <tag k="one_way" v="yes"/>
  </relation>
  <relation id="8396">
    <member type="way" role="left" ref="8395"/>
    <member type="way" role="right" ref="8392"/>
    <tag k="type" v="lanelet"/>
    <tag k="subtype" v="road"/>
    <tag k="speed_limit" v="10"/>
    <tag k="location" v="urban"/>
    <tag k="one_way" v="yes"/>
  </relation>
  <relation id="8403">
    <member type="way" role="left" ref="8402"/>
    <member type="way" role="right" ref="8401"/>
    <tag k="type" v="lanelet"/>
    <tag k="subtype" v="road"/>
    <tag k="speed_limit" v="10"/>
    <tag k="location" v="urban"/>
    <tag k="one_way" v="yes"/>
  </relation>
  <relation id="8410">
    <member type="way" role="left" ref="8409"/>
    <member type="way" role="right" ref="8406"/>
    <tag k="type" v="lanelet"/>
    <tag k="subtype" v="road"/>
    <tag k="speed_limit" v="10"/>
    <tag k="location" v="urban"/>
    <tag k="one_way" v="yes"/>
  </relation>
  <relation id="8449">
    <member type="way" role="left" ref="8448"/>
    <member type="way" role="right" ref="8447"/>
    <tag k="type" v="lanelet"/>
    <tag k="subtype" v="road"/>
    <tag k="speed_limit" v="10"/>
    <tag k="location" v="urban"/>
    <tag k="one_way" v="yes"/>
  </relation>
  <relation id="8456">
    <member type="way" role="left" ref="8455"/>
    <member type="way" role="right" ref="8452"/>
    <tag k="type" v="lanelet"/>
    <tag k="subtype" v="road"/>
    <tag k="speed_limit" v="10"/>
    <tag k="location" v="urban"/>
    <tag k="one_way" v="yes"/>
  </relation>
  <relation id="8479">
    <member type="way" role="left" ref="8478"/>
    <member type="way" role="right" ref="8477"/>
    <tag k="type" v="lanelet"/>
    <tag k="subtype" v="road"/>
    <tag k="speed_limit" v="10"/>
    <tag k="location" v="urban"/>
    <tag k="one_way" v="yes"/>
  </relation>
  <relation id="8486">
    <member type="way" role="left" ref="8483"/>
    <member type="way" role="right" ref="8485"/>
    <tag k="type" v="lanelet"/>
    <tag k="subtype" v="road"/>
    <tag k="speed_limit" v="20"/>
    <tag k="location" v="urban"/>
    <tag k="one_way" v="yes"/>
    <tag k="participant:vehicle" v="yes"/>
  </relation>
  <relation id="8493">
    <member type="way" role="left" ref="8490"/>
    <member type="way" role="right" ref="8492"/>
    <tag k="type" v="lanelet"/>
    <tag k="subtype" v="road"/>
    <tag k="speed_limit" v="20"/>
    <tag k="location" v="urban"/>
    <tag k="one_way" v="yes"/>
    <tag k="participant:vehicle" v="yes"/>
  </relation>
  <relation id="8500">
    <member type="way" role="left" ref="8504"/>
    <member type="way" role="right" ref="8499"/>
    <tag k="type" v="lanelet"/>
    <tag k="subtype" v="road"/>
    <tag k="speed_limit" v="20"/>
    <tag k="location" v="urban"/>
    <tag k="one_way" v="yes"/>
    <tag k="participant:vehicle" v="yes"/>
  </relation>
  <relation id="8507">
    <member type="way" role="left" ref="8504"/>
    <member type="way" role="right" ref="8506"/>
    <tag k="type" v="lanelet"/>
    <tag k="subtype" v="road"/>
    <tag k="speed_limit" v="10"/>
    <tag k="location" v="urban"/>
    <tag k="one_way" v="yes"/>
  </relation>
  <relation id="8521">
    <member type="way" role="left" ref="8525"/>
    <member type="way" role="right" ref="8520"/>
    <tag k="type" v="lanelet"/>
    <tag k="subtype" v="road"/>
    <tag k="speed_limit" v="20"/>
    <tag k="location" v="urban"/>
    <tag k="one_way" v="yes"/>
    <tag k="participant:vehicle" v="yes"/>
  </relation>
  <relation id="8528">
    <member type="way" role="left" ref="8525"/>
    <member type="way" role="right" ref="8527"/>
    <tag k="type" v="lanelet"/>
    <tag k="subtype" v="road"/>
    <tag k="speed_limit" v="10"/>
    <tag k="location" v="urban"/>
    <tag k="one_way" v="yes"/>
  </relation>
  <relation id="9345">
    <member type="way" role="left" ref="9348"/>
    <member type="way" role="right" ref="9350"/>
    <tag k="type" v="lanelet"/>
    <tag k="subtype" v="road"/>
    <tag k="speed_limit" v="20"/>
    <tag k="location" v="urban"/>
    <tag k="one_way" v="yes"/>
    <tag k="participant:vehicle" v="yes"/>
  </relation>
  <relation id="9352">
    <member type="way" role="left" ref="9349"/>
    <member type="way" role="right" ref="9351"/>
    <tag k="type" v="lanelet"/>
    <tag k="subtype" v="road"/>
    <tag k="speed_limit" v="20"/>
    <tag k="location" v="urban"/>
    <tag k="one_way" v="yes"/>
    <tag k="participant:vehicle" v="yes"/>
  </relation>
  <relation id="9627">
    <member type="way" role="left" ref="9624"/>
    <member type="way" role="right" ref="9625"/>
    <tag k="type" v="lanelet"/>
    <tag k="subtype" v="road"/>
    <tag k="speed_limit" v="20"/>
    <tag k="location" v="urban"/>
    <tag k="one_way" v="yes"/>
    <tag k="participant:vehicle" v="yes"/>
  </relation>
  <relation id="9628">
    <member type="way" role="left" ref="9624"/>
    <member type="way" role="right" ref="9626"/>
    <tag k="type" v="lanelet"/>
    <tag k="subtype" v="road"/>
    <tag k="speed_limit" v="20"/>
    <tag k="location" v="urban"/>
    <tag k="one_way" v="yes"/>
    <tag k="participant:vehicle" v="yes"/>
  </relation>
  <relation id="9635">
    <member type="way" role="left" ref="10187"/>
    <member type="way" role="right" ref="10182"/>
    <tag k="type" v="lanelet"/>
    <tag k="subtype" v="road"/>
    <tag k="speed_limit" v="20"/>
    <tag k="location" v="urban"/>
    <tag k="one_way" v="yes"/>
    <tag k="participant:vehicle" v="yes"/>
  </relation>
  <relation id="9642">
    <member type="way" role="left" ref="9653"/>
    <member type="way" role="right" ref="9641"/>
    <tag k="type" v="lanelet"/>
    <tag k="subtype" v="road"/>
    <tag k="speed_limit" v="20"/>
    <tag k="location" v="urban"/>
    <tag k="one_way" v="yes"/>
    <tag k="participant:vehicle" v="yes"/>
  </relation>
  <relation id="9649">
    <member type="way" role="left" ref="10187"/>
    <member type="way" role="right" ref="10190"/>
    <tag k="type" v="lanelet"/>
    <tag k="subtype" v="road"/>
    <tag k="speed_limit" v="20"/>
    <tag k="location" v="urban"/>
    <tag k="one_way" v="yes"/>
    <tag k="participant:vehicle" v="yes"/>
  </relation>
  <relation id="9656">
    <member type="way" role="left" ref="9653"/>
    <member type="way" role="right" ref="9654"/>
    <tag k="type" v="lanelet"/>
    <tag k="subtype" v="road"/>
    <tag k="speed_limit" v="20"/>
    <tag k="location" v="urban"/>
    <tag k="one_way" v="yes"/>
    <tag k="participant:vehicle" v="yes"/>
  </relation>
  <relation id="10177">
    <member type="way" role="left" ref="10195"/>
    <member type="way" role="right" ref="10176"/>
    <tag k="type" v="lanelet"/>
    <tag k="subtype" v="road"/>
    <tag k="speed_limit" v="20"/>
    <tag k="location" v="urban"/>
    <tag k="one_way" v="yes"/>
    <tag k="participant:vehicle" v="yes"/>
  </relation>
  <relation id="10184">
    <member type="way" role="left" ref="10194"/>
    <member type="way" role="right" ref="10183"/>
    <tag k="type" v="lanelet"/>
    <tag k="subtype" v="road"/>
    <tag k="speed_limit" v="20"/>
    <tag k="location" v="urban"/>
    <tag k="one_way" v="yes"/>
    <tag k="participant:vehicle" v="yes"/>
  </relation>
  <relation id="10191">
    <member type="way" role="left" ref="10194"/>
    <member type="way" role="right" ref="10197"/>
    <tag k="type" v="lanelet"/>
    <tag k="subtype" v="road"/>
    <tag k="speed_limit" v="20"/>
    <tag k="location" v="urban"/>
    <tag k="one_way" v="yes"/>
    <tag k="participant:vehicle" v="yes"/>
  </relation>
  <relation id="10198">
    <member type="way" role="left" ref="10195"/>
    <member type="way" role="right" ref="10196"/>
    <tag k="type" v="lanelet"/>
    <tag k="subtype" v="road"/>
    <tag k="speed_limit" v="20"/>
    <tag k="location" v="urban"/>
    <tag k="one_way" v="yes"/>
    <tag k="participant:vehicle" v="yes"/>
  </relation>
  <relation id="10369">
    <member type="way" role="left" ref="10469"/>
    <member type="way" role="right" ref="10368"/>
    <tag k="type" v="lanelet"/>
    <tag k="subtype" v="road"/>
    <tag k="speed_limit" v="20"/>
    <tag k="location" v="urban"/>
    <tag k="one_way" v="yes"/>
    <tag k="participant:vehicle" v="yes"/>
  </relation>
  <relation id="10404">
    <member type="way" role="left" ref="10402"/>
    <member type="way" role="right" ref="10403"/>
    <tag k="type" v="lanelet"/>
    <tag k="subtype" v="road"/>
    <tag k="speed_limit" v="20"/>
    <tag k="location" v="urban"/>
    <tag k="one_way" v="yes"/>
    <tag k="participant:vehicle" v="yes"/>
  </relation>
  <relation id="10439">
    <member type="way" role="left" ref="10437"/>
    <member type="way" role="right" ref="10438"/>
    <tag k="type" v="lanelet"/>
    <tag k="subtype" v="road"/>
    <tag k="speed_limit" v="20"/>
    <tag k="location" v="urban"/>
    <tag k="one_way" v="yes"/>
    <tag k="participant:vehicle" v="yes"/>
  </relation>
  <relation id="10471">
    <member type="way" role="left" ref="10469"/>
    <member type="way" role="right" ref="10470"/>
    <tag k="type" v="lanelet"/>
    <tag k="subtype" v="road"/>
    <tag k="speed_limit" v="20"/>
    <tag k="location" v="urban"/>
    <tag k="one_way" v="yes"/>
    <tag k="participant:vehicle" v="yes"/>
  </relation>
  <relation id="10476">
    <member type="way" role="left" ref="10474"/>
    <member type="way" role="right" ref="10475"/>
    <tag k="type" v="lanelet"/>
    <tag k="subtype" v="road"/>
    <tag k="speed_limit" v="20"/>
    <tag k="location" v="urban"/>
    <tag k="one_way" v="yes"/>
    <tag k="participant:vehicle" v="yes"/>
  </relation>
  <relation id="10508">
    <member type="way" role="left" ref="10506"/>
    <member type="way" role="right" ref="10507"/>
    <tag k="type" v="lanelet"/>
    <tag k="subtype" v="road"/>
    <tag k="speed_limit" v="20"/>
    <tag k="location" v="urban"/>
    <tag k="one_way" v="yes"/>
    <tag k="participant:vehicle" v="yes"/>
  </relation>
  <relation id="10540">
    <member type="way" role="left" ref="10538"/>
    <member type="way" role="right" ref="10539"/>
    <tag k="type" v="lanelet"/>
    <tag k="subtype" v="road"/>
    <tag k="speed_limit" v="20"/>
    <tag k="location" v="urban"/>
    <tag k="one_way" v="yes"/>
    <tag k="participant:vehicle" v="yes"/>
  </relation>
  <relation id="10560">
    <member type="way" role="left" ref="10558"/>
    <member type="way" role="right" ref="10559"/>
    <tag k="type" v="lanelet"/>
    <tag k="subtype" v="road"/>
    <tag k="speed_limit" v="20"/>
    <tag k="location" v="urban"/>
    <tag k="one_way" v="yes"/>
    <tag k="participant:vehicle" v="yes"/>
  </relation>
  <relation id="10589">
    <member type="way" role="left" ref="10587"/>
    <member type="way" role="right" ref="10588"/>
    <tag k="type" v="lanelet"/>
    <tag k="subtype" v="road"/>
    <tag k="speed_limit" v="20"/>
    <tag k="location" v="urban"/>
    <tag k="one_way" v="yes"/>
    <tag k="participant:vehicle" v="yes"/>
  </relation>
  <relation id="10615">
    <member type="way" role="left" ref="10613"/>
    <member type="way" role="right" ref="10614"/>
    <tag k="type" v="lanelet"/>
    <tag k="subtype" v="road"/>
    <tag k="speed_limit" v="20"/>
    <tag k="location" v="urban"/>
    <tag k="one_way" v="yes"/>
    <tag k="participant:vehicle" v="yes"/>
  </relation>
  <relation id="10635">
    <member type="way" role="left" ref="10705"/>
    <member type="way" role="right" ref="10634"/>
    <tag k="type" v="lanelet"/>
    <tag k="subtype" v="road"/>
    <tag k="speed_limit" v="20"/>
    <tag k="location" v="urban"/>
    <tag k="one_way" v="yes"/>
    <tag k="participant:vehicle" v="yes"/>
  </relation>
  <relation id="10661">
    <member type="way" role="left" ref="10659"/>
    <member type="way" role="right" ref="10660"/>
    <tag k="type" v="lanelet"/>
    <tag k="subtype" v="road"/>
    <tag k="speed_limit" v="20"/>
    <tag k="location" v="urban"/>
    <tag k="one_way" v="yes"/>
    <tag k="participant:vehicle" v="yes"/>
  </relation>
  <relation id="10675">
    <member type="way" role="left" ref="10659"/>
    <member type="way" role="right" ref="10674"/>
    <tag k="type" v="lanelet"/>
    <tag k="subtype" v="road"/>
    <tag k="speed_limit" v="20"/>
    <tag k="location" v="urban"/>
    <tag k="one_way" v="yes"/>
    <tag k="participant:vehicle" v="yes"/>
  </relation>
  <relation id="10707">
    <member type="way" role="left" ref="10705"/>
    <member type="way" role="right" ref="10706"/>
    <tag k="type" v="lanelet"/>
    <tag k="subtype" v="road"/>
    <tag k="speed_limit" v="20"/>
    <tag k="location" v="urban"/>
    <tag k="one_way" v="yes"/>
    <tag k="participant:vehicle" v="yes"/>
  </relation>
  <relation id="10736">
    <member type="way" role="left" ref="10734"/>
    <member type="way" role="right" ref="10735"/>
    <tag k="type" v="lanelet"/>
    <tag k="subtype" v="road"/>
    <tag k="speed_limit" v="20"/>
    <tag k="location" v="urban"/>
    <tag k="one_way" v="yes"/>
    <tag k="participant:vehicle" v="yes"/>
  </relation>
  <relation id="10771">
    <member type="way" role="left" ref="10769"/>
    <member type="way" role="right" ref="10770"/>
    <tag k="type" v="lanelet"/>
    <tag k="subtype" v="road"/>
    <tag k="speed_limit" v="20"/>
    <tag k="location" v="urban"/>
    <tag k="one_way" v="yes"/>
    <tag k="participant:vehicle" v="yes"/>
  </relation>
  <relation id="10797">
    <member type="way" role="left" ref="10795"/>
    <member type="way" role="right" ref="10796"/>
    <tag k="type" v="lanelet"/>
    <tag k="subtype" v="road"/>
    <tag k="speed_limit" v="20"/>
    <tag k="location" v="urban"/>
    <tag k="one_way" v="yes"/>
    <tag k="participant:vehicle" v="yes"/>
  </relation>
  <relation id="10835">
    <member type="way" role="left" ref="10833"/>
    <member type="way" role="right" ref="10834"/>
    <tag k="type" v="lanelet"/>
    <tag k="subtype" v="road"/>
    <tag k="speed_limit" v="20"/>
    <tag k="location" v="urban"/>
    <tag k="one_way" v="yes"/>
    <tag k="participant:vehicle" v="yes"/>
  </relation>
  <relation id="10867">
    <member type="way" role="left" ref="10865"/>
    <member type="way" role="right" ref="10866"/>
    <tag k="type" v="lanelet"/>
    <tag k="subtype" v="road"/>
    <tag k="speed_limit" v="20"/>
    <tag k="location" v="urban"/>
    <tag k="one_way" v="yes"/>
    <tag k="participant:vehicle" v="yes"/>
  </relation>
  <relation id="10899">
    <member type="way" role="left" ref="10897"/>
    <member type="way" role="right" ref="10898"/>
    <tag k="type" v="lanelet"/>
    <tag k="subtype" v="road"/>
    <tag k="speed_limit" v="20"/>
    <tag k="location" v="urban"/>
    <tag k="one_way" v="yes"/>
    <tag k="participant:vehicle" v="yes"/>
  </relation>
  <relation id="10931">
    <member type="way" role="left" ref="10929"/>
    <member type="way" role="right" ref="10930"/>
    <tag k="type" v="lanelet"/>
    <tag k="subtype" v="road"/>
    <tag k="speed_limit" v="20"/>
    <tag k="location" v="urban"/>
    <tag k="one_way" v="yes"/>
    <tag k="participant:vehicle" v="yes"/>
  </relation>
  <relation id="10978">
    <member type="way" role="left" ref="10976"/>
    <member type="way" role="right" ref="10977"/>
    <tag k="type" v="lanelet"/>
    <tag k="subtype" v="road"/>
    <tag k="speed_limit" v="20"/>
    <tag k="location" v="urban"/>
    <tag k="one_way" v="yes"/>
    <tag k="participant:vehicle" v="yes"/>
  </relation>
  <relation id="11019">
    <member type="way" role="left" ref="11017"/>
    <member type="way" role="right" ref="11018"/>
    <tag k="type" v="lanelet"/>
    <tag k="subtype" v="road"/>
    <tag k="speed_limit" v="20"/>
    <tag k="location" v="urban"/>
    <tag k="one_way" v="yes"/>
    <tag k="participant:vehicle" v="yes"/>
  </relation>
  <relation id="11066">
    <member type="way" role="left" ref="11064"/>
    <member type="way" role="right" ref="11065"/>
    <tag k="type" v="lanelet"/>
    <tag k="subtype" v="road"/>
    <tag k="speed_limit" v="20"/>
    <tag k="location" v="urban"/>
    <tag k="one_way" v="yes"/>
    <tag k="participant:vehicle" v="yes"/>
  </relation>
  <relation id="11092">
    <member type="way" role="left" ref="11090"/>
    <member type="way" role="right" ref="11091"/>
    <tag k="type" v="lanelet"/>
    <tag k="subtype" v="road"/>
    <tag k="speed_limit" v="20"/>
    <tag k="location" v="urban"/>
    <tag k="one_way" v="yes"/>
    <tag k="participant:vehicle" v="yes"/>
  </relation>
  <relation id="11115">
    <member type="way" role="left" ref="11113"/>
    <member type="way" role="right" ref="11114"/>
    <tag k="type" v="lanelet"/>
    <tag k="subtype" v="road"/>
    <tag k="speed_limit" v="20"/>
    <tag k="location" v="urban"/>
    <tag k="one_way" v="yes"/>
    <tag k="participant:vehicle" v="yes"/>
  </relation>
  <relation id="11138">
    <member type="way" role="left" ref="11136"/>
    <member type="way" role="right" ref="11137"/>
    <tag k="type" v="lanelet"/>
    <tag k="subtype" v="road"/>
    <tag k="speed_limit" v="20"/>
    <tag k="location" v="urban"/>
    <tag k="one_way" v="yes"/>
    <tag k="participant:vehicle" v="yes"/>
  </relation>
  <relation id="11164">
    <member type="way" role="left" ref="11162"/>
    <member type="way" role="right" ref="11163"/>
    <tag k="type" v="lanelet"/>
    <tag k="subtype" v="road"/>
    <tag k="speed_limit" v="20"/>
    <tag k="location" v="urban"/>
    <tag k="one_way" v="yes"/>
    <tag k="participant:vehicle" v="yes"/>
  </relation>
  <relation id="11175">
    <member type="way" role="left" ref="11173"/>
    <member type="way" role="right" ref="11174"/>
    <tag k="type" v="lanelet"/>
    <tag k="subtype" v="road"/>
    <tag k="speed_limit" v="20"/>
    <tag k="location" v="urban"/>
    <tag k="one_way" v="yes"/>
    <tag k="participant:vehicle" v="yes"/>
  </relation>
  <relation id="11202">
    <member type="way" role="left" ref="11200"/>
    <member type="way" role="right" ref="11201"/>
    <tag k="type" v="lanelet"/>
    <tag k="subtype" v="road"/>
    <tag k="speed_limit" v="20"/>
    <tag k="location" v="urban"/>
    <tag k="one_way" v="yes"/>
    <tag k="participant:vehicle" v="yes"/>
  </relation>
  <relation id="11225">
    <member type="way" role="left" ref="11223"/>
    <member type="way" role="right" ref="11224"/>
    <tag k="type" v="lanelet"/>
    <tag k="subtype" v="road"/>
    <tag k="speed_limit" v="20"/>
    <tag k="location" v="urban"/>
    <tag k="one_way" v="yes"/>
    <tag k="participant:vehicle" v="yes"/>
  </relation>
  <relation id="11236">
    <member type="way" role="left" ref="11234"/>
    <member type="way" role="right" ref="11235"/>
    <tag k="type" v="lanelet"/>
    <tag k="subtype" v="road"/>
    <tag k="speed_limit" v="20"/>
    <tag k="location" v="urban"/>
    <tag k="one_way" v="yes"/>
    <tag k="participant:vehicle" v="yes"/>
  </relation>
  <relation id="11289">
    <member type="way" role="left" ref="11287"/>
    <member type="way" role="right" ref="11288"/>
    <tag k="type" v="lanelet"/>
    <tag k="subtype" v="road"/>
    <tag k="speed_limit" v="20"/>
    <tag k="location" v="urban"/>
    <tag k="one_way" v="yes"/>
    <tag k="participant:vehicle" v="yes"/>
  </relation>
  <relation id="11342">
    <member type="way" role="left" ref="11340"/>
    <member type="way" role="right" ref="11341"/>
    <tag k="type" v="lanelet"/>
    <tag k="subtype" v="road"/>
    <tag k="speed_limit" v="20"/>
    <tag k="location" v="urban"/>
    <tag k="one_way" v="yes"/>
    <tag k="participant:vehicle" v="yes"/>
  </relation>
  <relation id="11371">
    <member type="way" role="left" ref="11369"/>
    <member type="way" role="right" ref="11370"/>
    <tag k="type" v="lanelet"/>
    <tag k="subtype" v="road"/>
    <tag k="speed_limit" v="20"/>
    <tag k="location" v="urban"/>
    <tag k="one_way" v="yes"/>
    <tag k="participant:vehicle" v="yes"/>
  </relation>
  <relation id="11415">
    <member type="way" role="left" ref="11413"/>
    <member type="way" role="right" ref="11414"/>
    <tag k="type" v="lanelet"/>
    <tag k="subtype" v="road"/>
    <tag k="speed_limit" v="20"/>
    <tag k="location" v="urban"/>
    <tag k="one_way" v="yes"/>
    <tag k="participant:vehicle" v="yes"/>
  </relation>
  <relation id="11450">
    <member type="way" role="left" ref="11448"/>
    <member type="way" role="right" ref="11449"/>
    <tag k="type" v="lanelet"/>
    <tag k="subtype" v="road"/>
    <tag k="speed_limit" v="20"/>
    <tag k="location" v="urban"/>
    <tag k="one_way" v="yes"/>
    <tag k="participant:vehicle" v="yes"/>
  </relation>
  <relation id="11488">
    <member type="way" role="left" ref="11486"/>
    <member type="way" role="right" ref="11487"/>
    <tag k="type" v="lanelet"/>
    <tag k="subtype" v="road"/>
    <tag k="speed_limit" v="20"/>
    <tag k="location" v="urban"/>
    <tag k="one_way" v="yes"/>
    <tag k="participant:vehicle" v="yes"/>
  </relation>
  <relation id="11495">
    <member type="way" role="left" ref="11494"/>
    <member type="way" role="right" ref="11491"/>
    <tag k="type" v="lanelet"/>
    <tag k="subtype" v="road"/>
    <tag k="speed_limit" v="10"/>
    <tag k="location" v="urban"/>
    <tag k="one_way" v="yes"/>
  </relation>
  <relation id="11499">
    <member type="way" role="left" ref="11494"/>
    <member type="way" role="right" ref="11498"/>
    <tag k="type" v="lanelet"/>
    <tag k="subtype" v="road"/>
    <tag k="speed_limit" v="10"/>
    <tag k="location" v="urban"/>
    <tag k="one_way" v="yes"/>
  </relation>
  <relation id="11760">
    <member type="way" role="left" ref="11758"/>
    <member type="way" role="right" ref="11759"/>
    <tag k="type" v="lanelet"/>
    <tag k="subtype" v="road"/>
    <tag k="speed_limit" v="20"/>
    <tag k="location" v="urban"/>
    <tag k="one_way" v="yes"/>
    <tag k="participant:vehicle" v="yes"/>
  </relation>
  <relation id="11798">
    <member type="way" role="left" ref="11796"/>
    <member type="way" role="right" ref="11797"/>
    <tag k="type" v="lanelet"/>
    <tag k="subtype" v="road"/>
    <tag k="speed_limit" v="20"/>
    <tag k="location" v="urban"/>
    <tag k="one_way" v="yes"/>
    <tag k="participant:vehicle" v="yes"/>
  </relation>
</osm>
